OASIS_ID,benefit,n_endpoints,benefit_active,n_active_endpoints
OASIS001,0.19542541366732205,155,-0.40697674418604646,2.0
OASIS003,0.29949510261965134,154,-0.4207229908172413,2.0
OASIS004,0.041578121651953716,171,0.02789776863109122,81.0
OASIS005,-0.010302457272236753,158,0.1060434979552047,5.0
OASIS006,-0.05653464802915536,154,0.317042004562285,4.0
OASIS007,0.07213073791973969,157,-0.134822645837382,22.0
OASIS010,-0.013129973474801104,2,,
OASIS011,-0.004453551011092147,115,0.12877332523940355,24.0
OASIS012,0.22078328463679245,77,-0.07063544661055156,7.0
OASIS014,-0.06878627866509296,157,0.24319569822746068,34.0
OASIS015,0.09214405043481495,167,0.16235108432395715,9.0
OASIS018,0.13447623697573574,156,-0.20459830763000855,13.0
OASIS019,0.14787215931815045,117,-0.2025901841597902,8.0
OASIS021,0.13050209103808655,79,0.06503056170509507,3.0
OASIS022,0.27964912295926425,91,-0.36046092427693843,4.0
OASIS023,-0.012272620674034798,57,-0.009261774850908903,17.0
OASIS025,-0.016005852161152807,58,0.39059024419724303,3.0
OASIS026,0.19496348108485734,79,,
OASIS027,0.2039351486080817,173,-0.030617977353447744,24.0
OASIS028,-0.010625199288174209,172,0.034762007933266004,40.0
OASIS029,0.24002446367516572,57,,
OASIS030,0.19011879639920184,57,-0.21423949711232004,8.0
OASIS031,-0.034991587473181075,57,,
OASIS033,0.08196286472148534,2,,
OASIS034,-0.05459536483528051,57,,
OASIS035,0.21436589963589006,57,0.41243154627999196,7.0
OASIS036,0.04454325462515251,57,0.18551423485738225,12.0
OASIS037,0.0788521699738441,158,-0.12872875352488836,58.0
OASIS039,0.09132404624369869,158,,
OASIS040,-0.014616319253927543,77,,
OASIS041,0.013935862726366828,57,0.0909257959631578,10.0
OASIS042,0.0948381951910922,157,-0.018695356228007096,27.0
OASIS043,0.209696357915771,57,-0.49306930693069306,1.0
OASIS045,0.10280466598560445,156,-0.07878900919826835,3.0
OASIS046,0.13564295209577895,57,-0.08920663636309792,15.0
OASIS047,0.1641700125461903,157,0.17634261394812828,8.0
OASIS049,0.18880280649480988,57,-0.01724756050446652,5.0
OASIS050,0.10779410890569444,155,0.20652442208534685,11.0
OASIS051,0.11114058355437662,2,,
OASIS052,0.130548871625462,176,-0.09734852046003055,65.0
OASIS055,0.10017395927083957,80,0.2226890586007222,21.0
OASIS056,0.024933687002652527,2,,
OASIS057,0.12361054514097151,78,0.051360916854193424,11.0
OASIS058,-0.02710289518109445,57,0.1727669962045574,6.0
OASIS060,-0.02455753618091622,167,0.4781189717215611,44.0
OASIS061,0.10996692644413959,79,0.14847161572052403,1.0
OASIS062,0.20336180153252906,57,-0.12734210722976547,12.0
OASIS063,0.12263996574952184,155,-0.09831163774200095,6.0
OASIS064,0.09177415850085152,32,-0.02807336378201298,2.0
OASIS065,0.15627505478007503,80,-0.15699220134704006,3.0
OASIS066,0.0816804550247571,157,0.0618680609803992,23.0
OASIS069,0.043881415698054094,2,0.16468590831918506,1.0
OASIS073,-0.11637056208616751,114,0.25565702328583795,25.0
OASIS074,0.12468065324634509,79,,
OASIS078,0.19898986107005728,79,,
OASIS079,0.22156458487312067,57,-0.11530901679966205,11.0
OASIS080,0.06154489165447987,77,0.11596389009467889,7.0
OASIS082,0.21382598395212224,57,-0.01941420250372867,7.0
OASIS084,0.017826825127334467,2,0.035653650254668934,1.0
OASIS085,-0.000620791593345747,79,,
OASIS087,0.2739597910537955,57,-0.4879032258064516,1.0
OASIS088,0.18594092253875005,59,,
OASIS089,0.22235352043798343,114,-0.262347141532527,5.0
OASIS090,0.062216013312553366,155,0.22146862565428477,8.0
OASIS092,0.08239395895639737,168,0.13528032282820318,34.0
OASIS093,0.033450902383173386,57,0.013565740237598996,18.0
OASIS094,0.07458271858429781,157,0.08525261594615886,6.0
OASIS095,0.14528273264638555,59,,
OASIS097,0.1388751201717364,171,-0.015022137641762362,10.0
OASIS098,0.17351392240820743,172,0.010923116317628899,26.0
OASIS100,0.3613659237832224,155,0.023255813953488302,1.0
OASIS1000,0.0916807152058389,57,-0.0854749521266388,3.0
OASIS1001,0.16102129755100011,57,,
OASIS1003,0.28912970580906544,57,0.06972111553784854,1.0
OASIS1005,0.14182896298674622,57,0.12548388906889063,5.0
OASIS1006,0.23541170681517964,57,0.40412820926693893,3.0
OASIS1007,0.18387647744427346,154,0.07003829183850324,8.0
OASIS1009,0.076099172556732,57,0.381022687625245,7.0
OASIS101,-0.023483676987913128,157,-0.05198007121901203,47.0
OASIS1010,-0.009283819628647216,2,,
OASIS1014,0.11556404330874581,57,0.24279754778607684,7.0
OASIS1015,-0.03342776457563606,78,0.22318888224734654,14.0
OASIS1017,0.009283819628647216,2,,
OASIS102,0.01419098143236075,2,,
OASIS1021,0.17686645755521663,32,0.27768749321654557,9.0
OASIS1023,0.046147461981684644,57,0.08812249752610657,3.0
OASIS1024,0.0691997664885062,57,-0.08391751834845655,3.0
OASIS1025,0.10555723448785147,155,-0.2558796478780712,3.0
OASIS1028,0.09661175377903101,79,-0.25806451612903225,1.0
OASIS1030,0.0003983283270210247,2,0.008488964346349714,1.0
OASIS1031,0.2168684386302899,32,,
OASIS1033,0.16362355533405948,57,-0.12859560067681894,1.0
OASIS1035,0.005039787798408468,2,,
OASIS1036,0.10887717393835256,57,0.2497088317600364,15.0
OASIS1038,-0.007984312507561401,170,0.10455800353665884,36.0
OASIS104,-0.00019293100787159956,2,-0.00019293100787159956,2.0
OASIS1040,0.15041723910475216,57,0.48616559717241314,7.0
OASIS1042,-0.010939309764485164,57,0.33261716985213585,11.0
OASIS1043,0.3813439736284279,32,,
OASIS1044,0.21903132166893127,57,-0.02008633040322057,20.0
OASIS1045,0.09984766585008464,57,0.08300091999651328,11.0
OASIS1049,0.02215081947111569,57,0.23405665908338627,10.0
OASIS105,0.26745121191717014,57,-0.11234050090179863,10.0
OASIS1050,0.14892526111401216,57,0.011129361198260083,21.0
OASIS1058,-0.036056895820950174,32,,
OASIS1060,-0.0006945516283377029,2,-0.0006945516283377029,2.0
OASIS1061,-0.05769230769230771,2,0.0,1.0
OASIS1066,0.03687002652519894,2,,
OASIS1067,-0.0813539416106382,57,0.006371966072746079,11.0
OASIS1068,0.143052894201212,37,-0.3909249563699826,1.0
OASIS107,0.19881638642939764,77,,
OASIS1072,0.036870026525198885,2,,
OASIS1076,0.12838196286472142,2,,
OASIS1077,0.16372509898748336,57,,
OASIS1078,0.19533090447150325,91,-0.4871794871794871,1.0
OASIS1079,0.004964096424812713,105,0.2660829130498964,27.0
OASIS108,0.18473449838110442,59,-0.025423728813559365,1.0
OASIS1081,0.13002671205502273,156,0.10413006734649657,20.0
OASIS1083,-0.022049959719994957,57,-0.17253521126760563,1.0
OASIS1086,0.10920155774364483,57,,
OASIS1087,0.024801061007957592,2,,
OASIS1088,0.2809204052077639,57,-0.5365025466893039,1.0
OASIS109,0.13313164327477697,32,,
OASIS1090,0.16218667061322437,57,,
OASIS1091,0.024398746333684804,32,0.18867587354655366,11.0
OASIS1093,0.038196286472148566,2,,
OASIS1096,0.11642747608534106,57,-0.01473022781753414,13.0
OASIS1097,0.06094894293843647,57,0.035758329217792234,5.0
OASIS1098,0.10113933867880505,91,0.04957625807372062,22.0
OASIS1100,-0.01680363611570837,57,0.3166681711500271,2.0
OASIS1101,0.1140919921071698,57,-0.40658174097664534,2.0
OASIS1102,-0.00030567437407983186,57,0.1449689888682512,9.0
OASIS1103,0.2674539441573973,77,,
OASIS1105,0.1949103312650105,80,,
OASIS1107,0.2917236821915041,57,,
OASIS111,0.022148541114058395,2,,
OASIS1111,0.060453781429368615,173,0.2370754390956575,89.0
OASIS1112,0.011306466031056535,57,0.3939174564085985,7.0
OASIS1114,0.12896938878173264,77,,
OASIS1115,0.011735238671648753,57,0.18686572333222976,3.0
OASIS112,0.1623385199301773,57,0.25904318523997955,5.0
OASIS1120,0.15600451156635814,32,-0.1260598917290976,14.0
OASIS1121,0.029127652594225773,57,0.2821874239983488,12.0
OASIS1122,0.05705452900292327,57,,
OASIS1124,0.24985256725093463,57,-0.0893336051093504,7.0
OASIS1125,0.1510866205434344,57,0.5366389430828042,11.0
OASIS1127,0.08273725923822273,57,0.268528678214723,13.0
OASIS1129,0.19224892255452525,2,0.39219015280135827,1.0
OASIS113,0.22406736987130213,57,,
OASIS1130,0.18513077723043825,77,-0.28964944047018315,2.0
OASIS1131,0.007993440818952945,57,0.06583227169152242,25.0
OASIS1132,-0.06153846153846154,2,0.0,1.0
OASIS1136,0.17352336975036142,57,0.18132524617444543,3.0
OASIS1137,0.20374216574056989,57,0.3947468746237307,10.0
OASIS1138,0.23038979930962403,57,,
OASIS1141,0.1073654370308304,57,0.8646362098138748,1.0
OASIS1142,0.14291505607630495,57,,
OASIS1143,0.06755287518340046,78,-0.07609647076607674,24.0
OASIS1144,0.11066997518610422,2,0.12903225806451613,1.0
OASIS1146,0.10905707196029774,2,0.22580645161290325,1.0
OASIS1148,0.10759166350485999,57,0.02392344497607657,1.0
OASIS1150,0.2750941991612905,32,,
OASIS1151,0.04059401960003932,57,,
OASIS1152,0.09140609906915623,57,-0.04166666666666663,1.0
OASIS1153,0.18116479108359212,32,0.06924153544232614,7.0
OASIS1154,-0.060764932831015216,57,0.12504512188614994,4.0
OASIS1155,0.13301325920984802,57,-0.29645716785517884,11.0
OASIS1156,0.20043689199185769,57,,
OASIS1157,0.026609789084020175,32,-0.3790186125211506,1.0
OASIS1165,0.18919795597061428,32,,
OASIS1167,0.2700911138481057,57,,
OASIS1168,0.11127473024809634,89,-0.1111971290731463,5.0
OASIS1171,0.04414261460101865,2,0.0882852292020373,1.0
OASIS1173,0.1748010610079575,2,,
OASIS1175,0.0645888594164456,2,,
OASIS1179,0.04108586189885718,119,0.16518182496594871,61.0
OASIS1180,0.4337075255021647,57,,
OASIS1182,0.04528878976211026,60,0.19068254223727307,14.0
OASIS1184,-0.029750376950251595,32,0.27084835069494667,6.0
OASIS1187,0.03156498673740055,2,,
OASIS1191,0.26298873069218426,57,-0.008783327733491164,2.0
OASIS1192,0.038461538461538436,2,,
OASIS1194,0.08726790450928379,2,,
OASIS1196,0.33817233018512005,57,,
OASIS1197,0.20391633734377954,57,,
OASIS1198,-0.005570291777188374,2,,
OASIS1201,0.04598855904149505,32,0.2910146696329245,12.0
OASIS1202,0.11885428963641025,154,,
OASIS1204,0.11928654503888793,57,0.019112609281901234,7.0
OASIS1206,0.05461178963820865,57,-0.1646141145986801,3.0
OASIS1210,0.2111476855231073,57,,
OASIS1213,0.06469666341541236,57,0.1829432491386044,18.0
OASIS1214,0.022111039029686464,57,,
OASIS1215,0.05131558276087155,32,-0.05219723919320552,14.0
OASIS1216,0.08721513726357943,57,,
OASIS1217,-0.015569422300840298,90,0.33620149206946276,2.0
OASIS122,0.039022048819200114,162,0.015157652014229864,15.0
OASIS1220,-0.027667493796526,2,-0.032258064516129004,1.0
OASIS1223,0.016129032258064557,2,0.032258064516129115,1.0
OASIS1225,0.051193429547811226,159,0.24854376808466053,24.0
OASIS1227,0.1493851060493998,32,,
OASIS1228,-0.07852580883905066,57,,
OASIS123,0.10613655251795724,178,0.09919342876633515,62.0
OASIS1230,0.2845606456819822,32,,
OASIS1231,0.17886751673491108,155,0.03828944894476148,4.0
OASIS1232,0.07028989493542145,57,0.18627766048899225,5.0
OASIS1238,0.0003472758141688237,2,0.0003472758141688237,2.0
OASIS124,0.16538858738831394,178,-0.014044934937569335,44.0
OASIS1240,0.04858582079065941,57,0.053746222685622236,6.0
OASIS1243,0.26980952290279214,57,0.05628309524581948,2.0
OASIS1244,0.04215070094111765,57,,
OASIS1247,0.2854127077086284,57,,
OASIS1248,0.1739520702217542,32,-0.48247214845066155,3.0
OASIS1249,0.12329240015286279,57,0.09579434423786128,17.0
OASIS1250,0.16257881958793158,32,,
OASIS1251,0.13675133008398485,57,,
OASIS1252,0.1258793348019039,57,0.038015490039712746,21.0
OASIS1253,0.12150927728317439,57,-0.23513717569335596,4.0
OASIS126,0.10687291796302067,159,0.059982937301393376,46.0
OASIS1264,0.03262599469496019,2,,
OASIS1265,-0.049601671672978964,2,0.008488964346349714,1.0
OASIS1266,0.409637595883457,57,-0.025297958907469942,2.0
OASIS1267,0.00633863621745101,32,0.3362362353607782,3.0
OASIS1268,0.03207854242864407,57,-0.08149405772495755,1.0
OASIS1269,0.23548067926658717,32,-0.31922948758806974,6.0
OASIS1272,-0.08759745812543197,37,-0.16666666666666674,1.0
OASIS1275,0.0010997067448680342,2,0.0010997067448680342,2.0
OASIS1277,0.0805288798834911,79,0.43868553998665527,2.0
OASIS128,0.14843488655408435,156,-0.16898818696293832,10.0
OASIS1280,0.0009756403509386035,57,0.9354656274907204,6.0
OASIS1281,-0.032539818836292346,114,-0.20181701537633742,3.0
OASIS1282,0.060111074126216704,158,0.09163868918222835,42.0
OASIS1283,-0.005437665782493328,2,,
OASIS1284,0.13555060392029453,57,0.04684684684684684,1.0
OASIS1285,0.15377731185283097,77,-0.042444821731748725,1.0
OASIS1287,-0.0012540515511653139,2,-0.0012540515511653139,2.0
OASIS1288,0.03775815001596889,78,0.012963756168943416,14.0
OASIS1293,0.10013957881408656,32,,
OASIS1296,-0.020263242930161726,32,0.22290647887530612,5.0
OASIS1297,-0.019230769230769218,2,0.0,1.0
OASIS1301,0.2619062580092037,57,,
OASIS1302,-0.009573314314305198,57,0.5753835461580309,5.0
OASIS1304,0.0286274156316126,57,-0.0013121184391310628,18.0
OASIS131,0.24251592403694797,169,-0.11421505383010336,32.0
OASIS1310,0.11912066039274288,57,0.4459896402193072,2.0
OASIS1313,-0.06074358601234188,111,0.5928651480582328,11.0
OASIS1315,0.17393230410004643,57,0.2771302476114161,5.0
OASIS1320,-0.014329266757841644,57,0.0021446248833948502,12.0
OASIS1321,0.023038199439993797,57,0.5896414342629482,1.0
OASIS1323,0.06917691880598772,79,0.9449152542372882,1.0
OASIS1326,0.1343501326259947,2,,
OASIS1328,0.27641923189083106,57,,
OASIS1330,0.24477486503432788,32,,
OASIS1331,0.14172016127058823,91,,
OASIS1332,0.09828269108843071,171,0.21651589345240962,90.0
OASIS1333,0.10553910061739898,57,0.28864737471323576,4.0
OASIS1334,-0.00435459552316264,57,0.07640067911714765,1.0
OASIS1337,0.016233511819250368,2,0.001697792869269965,1.0
OASIS1338,0.04488227547076219,32,,
OASIS1340,0.0022958789936718405,2,0.0022958789936718405,2.0
OASIS1341,0.18809670650709032,32,,
OASIS1342,0.23416532205375995,57,,
OASIS1343,0.048402509960716864,57,-0.0041183820775953835,5.0
OASIS1344,0.05505074867591794,57,0.23035372487104344,2.0
OASIS1345,0.022916355755939588,57,0.021549709260488388,18.0
OASIS1346,0.28291499236398465,57,-0.32767402376910015,1.0
OASIS1347,0.12005318085221044,57,0.2367154415562059,3.0
OASIS1348,0.08022580533884911,57,,
OASIS1349,0.23011044180481433,57,0.04244482173174868,1.0
OASIS135,0.13450180057260247,158,0.018522264043585923,14.0
OASIS1351,-0.03247577313989243,32,0.5545127246893674,3.0
OASIS1352,0.07051288694602588,57,,
OASIS1353,0.1017265417655329,91,0.18054524079122056,8.0
OASIS1355,-0.010930871074849044,57,-0.010736822905968672,20.0
OASIS1356,0.0025466893039049476,2,0.005093378607809895,1.0
OASIS1357,-0.005570291777188319,2,,
OASIS1364,0.025726570885477577,57,,
OASIS1367,0.14194491657435773,32,,
OASIS1368,0.13513435663786233,57,-0.35023286076296145,2.0
OASIS1369,0.18629576385173222,57,0.07979626485568758,1.0
OASIS1372,0.006498673740053029,2,,
OASIS1373,0.058090185676392625,2,,
OASIS1374,0.09801061007957562,2,,
OASIS1376,0.15169779286927,2,0.00339558573853993,1.0
OASIS1377,-0.0006945516283377029,2,-0.0006945516283377029,2.0
OASIS1379,-0.0005980861244018754,2,-0.0005980861244018754,2.0
OASIS1380,0.12514331149703126,155,,
OASIS1381,0.24091841216181667,79,0.24552311738278745,11.0
OASIS1382,0.07424238574837347,77,-0.0350168090307776,3.0
OASIS1383,0.0759199885241571,57,,
OASIS1384,0.17339365598058443,154,0.11327260291008584,3.0
OASIS1387,0.13836677518534674,57,0.09579409382042925,16.0
OASIS1388,0.13292417614423302,91,-0.10070946162130497,12.0
OASIS1389,0.04453567257807973,57,,
OASIS1392,-0.03127203865743755,2,0.022071307300509435,1.0
OASIS1394,0.19852329455308115,93,-0.6923076923076923,1.0
OASIS1396,0.11765775906235122,57,0.01743258356273945,19.0
OASIS1398,-0.1569947975147511,57,0.3844621513944223,1.0
OASIS140,0.0963601173417688,170,0.21535972062994255,60.0
OASIS1400,0.057389633657250916,57,0.6075697211155379,1.0
OASIS1401,0.04629097557790257,2,0.08488964346349748,1.0
OASIS1402,-0.0006561576241312756,168,0.14394186308530454,51.0
OASIS1403,0.04702099469881791,57,0.24427221038322125,9.0
OASIS1408,0.28830228146866993,57,-0.30873585632165473,4.0
OASIS1412,0.004688223491279564,2,0.004688223491279564,2.0
OASIS1413,0.21222087271311937,32,0.21561969439728346,1.0
OASIS1415,0.06220159151193633,2,,
OASIS1418,0.03174758008549326,57,0.028163307344541946,21.0
OASIS142,0.13085968234075096,158,-0.09019781164676126,4.0
OASIS1424,0.11590048321797047,2,0.22410865874363328,1.0
OASIS1426,0.16066245792715997,57,0.3239097922324915,5.0
OASIS143,0.08981363984478981,57,0.007513333600180927,29.0
OASIS1431,0.3330316667156119,57,0.17968307866440292,2.0
OASIS1432,0.0518635468630557,78,0.016367812555452513,24.0
OASIS1433,0.047044951429275665,57,-0.027113237639553422,1.0
OASIS1434,0.0010997067448680342,2,0.0010997067448680342,2.0
OASIS1435,0.2086898685827427,57,,
OASIS1437,0.01697612732095488,2,,
OASIS1439,0.18961402540945918,32,0.08797895058112701,13.0
OASIS144,0.2457597756296126,158,,
OASIS1441,0.04457684009005149,77,0.05128205128205121,1.0
OASIS1444,-0.01328600796784148,170,0.572551613317758,56.0
OASIS1446,0.17909765603659708,57,,
OASIS1447,0.16051197119366975,79,-0.510989010989011,1.0
OASIS1449,-0.017946913802888903,78,0.3285253516351393,12.0
OASIS145,0.09307890521758486,171,0.2591075895085666,27.0
OASIS1450,0.1337440072278167,57,-0.04054555983200947,2.0
OASIS1455,0.06623837468391129,57,0.015559434385605342,15.0
OASIS1456,0.05280419425020854,32,0.08397120350047191,13.0
OASIS1457,0.18010123613827136,79,-0.049174343135189286,8.0
OASIS1458,0.3068499412302468,2,0.6213921901528013,1.0
OASIS1459,-0.02029833891967979,57,0.199676751241904,4.0
OASIS1461,0.09746414132247029,32,,
OASIS1462,0.1069841858283017,57,-0.5321471565106831,3.0
OASIS1464,0.4047060002753156,57,-0.12393887945670623,1.0
OASIS1465,0.11724172589576987,57,0.1295843520782396,1.0
OASIS1466,0.2315804990551701,57,,
OASIS1467,0.10298200374146992,57,,
OASIS1468,0.16944065017635013,32,,
OASIS1472,0.11522556015116463,57,0.2098781796366215,12.0
OASIS1473,0.1555070078871656,57,0.054953762076144885,18.0
OASIS1474,-0.008050314505547959,57,0.2832693835747345,10.0
OASIS1475,0.028613669222941538,57,,
OASIS1478,0.04907161803713528,2,,
OASIS1479,0.0011961722488038062,2,0.0011961722488038062,2.0
OASIS1480,-0.009788428888598655,2,-0.011884550084889645,1.0
OASIS1482,-0.006631299734747964,2,,
OASIS1486,0.015169709345268421,32,-0.17499684112569616,18.0
OASIS1487,0.09016987005213963,57,0.4941843201542079,9.0
OASIS1488,0.03752435666721772,57,0.14271451085071554,18.0
OASIS1490,0.03354093820917811,57,0.1058337189390933,8.0
OASIS1495,-0.03289124668435012,2,,
OASIS1497,0.03156498673740055,2,,
OASIS1499,0.07879803027815162,57,-0.009472888850400133,28.0
OASIS150,0.2597927990804718,167,-0.34369920042291685,2.0
OASIS1501,0.12313347003103856,127,-0.018038209481917093,44.0
OASIS1502,0.04672858456401531,79,0.04647584192139975,20.0
OASIS1503,0.17659756301985713,91,-0.14238734974417944,14.0
OASIS1504,0.07356356655306674,91,0.21676927465925167,29.0
OASIS1505,0.2148779577667974,57,,
OASIS1506,0.21470693067648433,157,-0.02210165619645918,2.0
OASIS1507,0.12666669385514312,115,0.15814919383578105,8.0
OASIS1508,0.11586245076140114,77,0.34340502564197545,6.0
OASIS1509,0.055005298845853694,77,0.5757484467916,6.0
OASIS1510,0.1509608095976089,79,,
OASIS1513,0.03975736690504707,112,0.04978820676944621,55.0
OASIS1514,0.053212508187451366,32,-0.32937181663837006,1.0
OASIS1517,0.48470297340029833,155,-0.26437632135306555,2.0
OASIS1519,0.09859304795349973,57,0.3483503344178907,11.0
OASIS1520,-0.06443679946282775,91,-0.1327982623437169,2.0
OASIS1521,0.1366634364344945,57,0.1751465381263185,5.0
OASIS1523,0.31539965270843295,57,,
OASIS1528,0.1797151005868636,57,,
OASIS1530,0.011400826593607447,77,,
OASIS1531,0.156631299734748,2,,
OASIS1533,0.39226899694979583,57,,
OASIS1534,0.06569018909329638,57,0.04274045152892354,21.0
OASIS1536,-0.008920670778575642,77,0.143703201581325,13.0
OASIS1540,0.14310344827586208,2,,
OASIS1546,0.0434948937111346,171,0.03186947503768203,61.0
OASIS1548,0.06960207996433986,57,0.3226427405216283,6.0
OASIS1549,0.15609607378424215,32,0.15084402209710854,14.0
OASIS155,0.10878951089469113,167,0.03918967732046867,17.0
OASIS1552,0.0053050397877983935,2,,
OASIS1553,-0.05788596792817603,57,0.22162576169295747,3.0
OASIS1554,0.19316290808581255,57,0.2093397745571658,1.0
OASIS1555,0.17750359686532413,57,0.43478260869565216,1.0
OASIS1557,0.3780539750618518,77,,
OASIS1559,0.10497975187812868,57,0.11454221203541119,6.0
OASIS156,0.37141299183715937,154,0.046638477801268535,2.0
OASIS1560,0.04078256934409903,57,0.23795283789543004,16.0
OASIS1561,0.014323607427055685,2,,
OASIS1564,0.10178997988026428,57,,
OASIS1565,-0.005570291777188319,2,,
OASIS1570,-0.025596816976127368,2,,
OASIS1575,0.125613399388305,57,,
OASIS1576,0.2279534895091036,57,,
OASIS1577,0.03900137512856092,57,0.558086882928985,23.0
OASIS1578,-0.10050187360229906,57,0.3920387572588756,2.0
OASIS158,0.17786938903729743,55,0.0625140298660721,3.0
OASIS1584,0.08342175066312996,2,,
OASIS1586,0.09014365548680782,57,0.043109778936911126,6.0
OASIS1587,0.1393962700211846,57,0.3578710585633214,4.0
OASIS1596,0.03819628647214851,2,,
OASIS160,-0.0013032024611067702,169,0.06126445479371386,46.0
OASIS1600,0.1490960003913602,57,0.7989228007181328,1.0
OASIS1608,0.011671087533156432,2,,
OASIS1612,0.09877604804691945,57,0.4937163375224417,1.0
OASIS1617,0.2104814701044599,156,,
OASIS1620,0.20311576178815935,91,-0.02542372881355931,1.0
OASIS1627,0.11409251720003018,155,0.033589457011171886,14.0
OASIS1632,0.08569547365737676,160,0.1589596265572807,26.0
OASIS1634,0.04762562708177574,119,0.07972143848285854,38.0
OASIS1635,-0.042588769870366264,57,-0.12155977671831047,2.0
OASIS1637,0.22453116585967506,155,-0.4358974358974359,1.0
OASIS1639,-0.01202120793260004,80,0.0776657837779793,30.0
OASIS164,0.006366047745358094,2,,
OASIS1645,0.21377597207553756,90,-0.051857592792513584,5.0
OASIS1646,0.11767517380242117,57,-0.2102689486552568,1.0
OASIS1647,0.2773472075160844,57,,
OASIS1652,-0.06970432228578342,57,0.31409168081494065,1.0
OASIS1653,0.23634667921946628,77,,
OASIS1656,0.0296821012698526,128,0.14566992538588233,52.0
OASIS1673,0.1734541170587336,57,,
OASIS1675,0.22453098231458044,167,-0.019225574676360196,7.0
OASIS1676,0.17245811718123644,159,-0.0321489295178073,6.0
OASIS1679,0.25567325775814764,155,-0.10497057463496842,5.0
OASIS168,-0.02785145888594165,2,,
OASIS1689,0.14354924276600664,79,-0.21978021978021978,1.0
OASIS1691,0.2287294858918274,155,-0.13665736372704085,5.0
OASIS1692,0.29286989618355586,57,,
OASIS1695,0.21616220226579047,79,0.4551282051282051,1.0
OASIS1696,0.18200922790740628,162,-0.12433405034258957,43.0
OASIS1700,0.17926483527797196,57,,
OASIS1701,0.14049431104162652,57,,
OASIS1702,-0.3769100169779287,2,-0.7538200339558574,1.0
OASIS1705,0.0010997067448680342,2,0.0010997067448680342,2.0
OASIS1706,0.1151193633952255,2,,
OASIS1709,-0.03183023872679047,2,,
OASIS1710,0.0010997067448680342,2,0.0010997067448680342,2.0
OASIS1712,0.11243959775368945,2,-0.01358234295415961,1.0
OASIS1716,0.06790450928381958,2,,
OASIS1717,0.11115064952425958,32,0.03486797120109292,10.0
OASIS1721,-0.03700265251989393,2,,
OASIS1725,-0.07130730050933787,2,-0.14261460101867574,1.0
OASIS1726,-0.051724137931034475,2,,
OASIS1727,0.000928381962864766,2,,
OASIS1728,0.09530494971921122,2,-0.001697792869269965,1.0
OASIS1729,0.0028939651180737713,2,0.0028939651180737713,2.0
OASIS1732,0.016047745358090226,2,,
OASIS1734,0.004090137366877633,2,0.004090137366877633,2.0
OASIS1735,0.08138957816377174,2,0.19354838709677424,1.0
OASIS1736,0.0010997067448680342,2,0.0010997067448680342,2.0
OASIS1737,0.014456233421750675,2,,
OASIS1739,0.059664359409690504,2,0.17317487266553477,1.0
OASIS1740,0.01368682251534542,2,-0.00339558573853993,1.0
OASIS1744,0.05837748655677134,57,0.016629241905504938,4.0
OASIS1745,0.0072349127951844006,2,0.0072349127951844006,2.0
OASIS1748,0.09512864045971003,2,0.17487266553480474,1.0
OASIS1749,0.002199413489736013,2,0.002199413489736013,2.0
OASIS1750,0.1998889904662401,2,0.40747028862478785,1.0
OASIS1752,0.030405926840561814,2,0.030405926840561814,2.0
OASIS1753,-0.033766488180749676,2,0.001697792869269854,1.0
OASIS1754,0.1485568760611205,2,0.297113752122241,1.0
OASIS1755,0.11574376387619173,2,0.2699490662139219,1.0
OASIS1756,-0.059390100561577674,2,-0.00339558573853993,1.0
OASIS1757,0.024774715946193016,2,0.003395585738539819,1.0
OASIS1758,-0.09522546419098143,2,,
OASIS1760,0.12054329371816641,2,0.24108658743633282,1.0
OASIS1761,0.33056680161943314,2,0.6842105263157894,1.0
OASIS1764,0.0022958789936718405,2,0.0022958789936718405,2.0
OASIS1768,0.0022546419098143367,2,,
OASIS1770,0.0019486031795030168,2,0.0019486031795030168,2.0
OASIS1772,0.001697792869269965,2,0.001697792869269965,2.0
OASIS1775,0.05543766578249337,2,,
OASIS1776,0.06822515345435548,2,0.04414261460101865,1.0
OASIS1777,0.011865256984102512,2,0.011865256984102512,2.0
OASIS1778,0.07862086979234689,2,0.00339558573853993,1.0
OASIS1779,0.08546428105001963,2,0.001697792869269965,1.0
OASIS1780,0.03421750663129974,2,,
OASIS1781,-0.014535718949980403,2,0.001697792869269965,1.0
OASIS1782,0.334014627138566,2,0.6757215619694398,1.0
OASIS1783,0.03302387267904511,2,,
OASIS1784,0.01358234295415961,2,0.02716468590831922,1.0
OASIS1785,0.0010997067448680342,2,0.0010997067448680342,2.0
OASIS1787,-0.07957559681697612,2,,
OASIS1788,0.2976698057553356,32,-0.005093378607809784,1.0
OASIS1789,0.17804841947512356,57,0.157224700406068,5.0
OASIS1790,-0.053789647999533376,32,0.07783417935702203,1.0
OASIS1791,0.015782493368700246,2,,
OASIS1792,0.022546419098143256,2,,
OASIS1793,0.10820817552566275,2,0.22410865874363317,1.0
OASIS1794,-0.0048811544991511635,2,-0.0048811544991511635,2.0
OASIS1795,0.014535718949980458,2,-0.001697792869269854,1.0
OASIS1800,0.1859605589656523,2,0.3565365025466893,1.0
OASIS1801,-0.004111405835543758,2,,
OASIS1802,-0.0026431548078407197,2,-0.0026431548078407197,2.0
OASIS1803,0.026392572944297088,2,,
OASIS1804,0.12334217506631295,2,,
OASIS1805,0.09098143236074269,2,,
OASIS1806,0.03806366047745363,2,,
OASIS1808,-0.0057300509337860905,2,-0.0057300509337860905,2.0
OASIS181,0.09460169712262406,155,-0.00480315704440052,55.0
OASIS1811,0.003492051242475702,2,0.003492051242475702,2.0
OASIS1812,0.01737625701972051,2,0.04244482173174868,1.0
OASIS1815,0.1990310019485163,57,-0.6582064297800339,1.0
OASIS1817,0.06552322085625355,57,0.008198754876482443,34.0
OASIS1818,-0.00013262599469499037,2,,
OASIS1819,0.01697612732095488,2,,
OASIS1820,-0.04283819628647212,2,,
OASIS1822,0.029310344827586154,2,,
OASIS1823,0.12636981015588833,2,0.12636981015588833,2.0
OASIS1824,0.06242000783596707,2,0.11714770797962648,1.0
OASIS1825,0.0026431548078407197,2,0.0026431548078407197,2.0
OASIS1827,-0.007273498996758776,2,-0.007273498996758776,2.0
OASIS1828,-0.04376657824933683,2,,
OASIS1829,0.07800200648248184,2,0.07800200648248184,2.0
OASIS1835,0.001697792869269965,2,0.001697792869269965,2.0
OASIS1836,-9.646550393577202e-05,2,-9.646550393577202e-05,2.0
OASIS1837,0.38567639257294434,2,,
OASIS1838,0.32847068042314215,2,0.6723259762308997,1.0
OASIS1839,0.07347525140394412,2,0.008488964346349714,1.0
OASIS1840,0.057824933687002644,2,,
OASIS1842,0.06233421750663126,2,,
OASIS1843,0.08846153846153848,2,0.0,1.0
OASIS1844,0.10696265198945937,32,-0.015576184998655393,9.0
OASIS1845,0.17861639672953636,37,-0.35823429541595925,1.0
OASIS1847,-0.005980861244019142,2,-0.005980861244019142,2.0
OASIS1849,0.1513974141308606,2,0.34125636672325976,1.0
OASIS1850,-0.08328912466843502,2,,
OASIS1851,-0.010875331564986768,2,,
OASIS1852,-0.025464190981432322,2,,
OASIS1853,0.07464500694551629,2,0.07464500694551629,2.0
OASIS1856,0.11458885941644564,2,,
OASIS1857,0.025066312997347462,2,,
OASIS1858,-0.08121979887684472,2,0.006791171477079749,1.0
OASIS1859,0.021934177876452854,2,-0.04074702886247883,1.0
OASIS1860,0.03435013262599468,2,,
OASIS1863,0.0026431548078407197,2,0.0026431548078407197,2.0
OASIS1864,-0.009285621000391764,2,-0.03395585738539897,1.0
OASIS1865,-0.005437665782493384,2,,
OASIS1867,0.0213381694705973,2,0.0213381694705973,2.0
OASIS1868,0.001697792869269965,2,0.001697792869269965,2.0
OASIS1869,0.15742705570291776,2,,
OASIS1870,-0.02314313831221388,32,,
OASIS1871,0.19673796423948875,57,0.2089645758055307,6.0
OASIS1872,0.0346153846153846,2,0.0,1.0
OASIS1873,0.04140655609246435,2,0.013582342954159499,1.0
OASIS1874,0.018791480166692354,2,0.018791480166692354,2.0
OASIS1875,-0.0006945516283377029,2,-0.0006945516283377029,2.0
OASIS1876,0.011538461538461497,2,0.0,1.0
OASIS1877,0.0011427452004701966,2,0.04074702886247883,1.0
OASIS1878,-0.053637194723782144,2,-0.06112054329371819,1.0
OASIS1879,0.03209549071618034,2,,
OASIS188,0.001697792869269965,2,0.001697792869269965,2.0
OASIS1880,0.0894235221484797,2,0.0894235221484797,2.0
OASIS1881,0.058541204126942636,2,0.001697792869269854,1.0
OASIS1882,0.07652519893899207,2,,
OASIS1883,-0.05346118228121627,2,-0.05346118228121627,2.0
OASIS1885,0.027851458885941593,2,,
OASIS1886,0.0028939651180737713,2,0.0028939651180737713,2.0
OASIS1889,0.18738975856802892,32,0.04317436672165468,12.0
OASIS1891,0.061127090662385,37,0.08025058629968519,4.0
OASIS1892,0.02015915119363393,2,,
OASIS1893,0.019196635283222685,2,0.019196635283222685,2.0
OASIS1895,0.019524617996604376,2,0.03904923599320875,1.0
OASIS1896,0.33611074833485693,2,0.6876061120543293,1.0
OASIS1897,0.016047745358090115,2,,
OASIS1898,-0.02777197335771192,2,-0.001697792869269965,1.0
OASIS1900,-0.039761003003787376,2,0.005093378607809895,1.0
OASIS1903,0.015678464150450544,2,0.03904923599320875,1.0
OASIS1905,-0.13282617213007708,2,-0.2733446519524618,1.0
OASIS1908,0.21222410865874364,2,0.4244482173174873,1.0
OASIS1910,-0.0820686953114797,2,0.005093378607809895,1.0
OASIS1911,0.0216729789734883,2,0.035653650254668934,1.0
OASIS1912,0.0028939651180737713,2,0.0028939651180737713,2.0
OASIS1913,0.06153846153846154,2,0.0,1.0
OASIS1915,0.0020450686834387888,2,0.0020450686834387888,2.0
OASIS1916,0.06108789343084753,2,0.006791171477079749,1.0
OASIS1917,0.0046882234912795084,2,0.0046882234912795084,2.0
OASIS1918,0.040557659657829426,2,0.011884550084889645,1.0
OASIS1919,0.04225545252709939,2,0.015280135823429575,1.0
OASIS1922,0.33631317748465456,2,0.00339558573853993,1.0
OASIS1925,0.39325127334465193,2,0.39325127334465193,2.0
OASIS1928,0.016997221793486617,2,0.016997221793486617,2.0
OASIS1929,0.03700265251989393,2,,
OASIS1930,0.015730703931043477,2,0.02376910016977929,1.0
OASIS1931,-0.05543766578249343,2,,
OASIS1932,-0.0406098994384223,2,0.00339558573853993,1.0
OASIS1933,0.003938496623265374,77,-0.011999994154397276,10.0
OASIS1935,0.12060168046758434,57,-0.7325071113438092,3.0
OASIS1936,0.1793451807659784,57,,
OASIS1941,0.08653519655217445,2,0.18845500848896435,1.0
OASIS1943,0.24161863370847164,57,0.09250398724082937,1.0
OASIS1945,0.07813112184928817,2,0.27164685908319175,1.0
OASIS1950,0.02602639296187681,2,0.02602639296187681,2.0
OASIS1951,0.22347480106100798,2,,
OASIS1952,0.001697792869269965,2,0.001697792869269965,2.0
OASIS1953,-0.045788167689695736,2,-0.1069609507640068,1.0
OASIS1954,0.10079575596816975,2,,
OASIS1956,-0.03328912466843503,2,,
OASIS1957,0.01708240825388535,2,0.00339558573853993,1.0
OASIS201,0.10835701105276686,159,-0.02889332674565645,50.0
OASIS204,-0.004111405835543758,2,,
OASIS208,0.07778310708919997,102,0.016995238070062944,16.0
OASIS217,0.22084314492369506,168,0.10756565345402154,8.0
OASIS218,-0.02841032663732202,154,0.27259776891890125,25.0
OASIS219,-0.2915336432463685,175,0.4168420481232339,26.0
OASIS220,0.13676097906611726,91,-0.03549203669594226,6.0
OASIS222,-0.016947969998677554,159,0.4079716850934249,18.0
OASIS229,0.10580218980092138,157,0.13552833521752644,32.0
OASIS230,0.002519893899204262,2,,
OASIS246,0.3492557752559199,156,-0.03488372093023251,1.0
OASIS248,0.2833814536452702,154,0.09038054968287523,2.0
OASIS249,0.06665848376646573,128,0.04556804359573799,40.0
OASIS250,0.16075182567490715,168,-0.011430943896586415,26.0
OASIS252,0.22040114673387554,173,-0.08837432174260602,20.0
OASIS253,0.2256191708523066,158,-0.17026078974700892,19.0
OASIS256,0.07458278182406944,169,-0.19012651569490374,9.0
OASIS261,0.02494296099549845,169,-0.026660404603331914,23.0
OASIS267,-0.0017241379310344862,2,,
OASIS272,0.10321328739040521,158,0.181663784042251,27.0
OASIS274,0.047246949393061205,173,0.32495154981586066,55.0
OASIS285,0.08349343843134618,168,0.12900675845555348,5.0
OASIS287,0.17730415662159368,77,,
OASIS292,0.2607915448313874,154,,
OASIS293,0.019993905662826945,91,0.43276283618581907,1.0
OASIS296,0.1338375666230984,57,0.338409475465313,1.0
OASIS302,0.07672251456152236,78,0.01574358806169755,34.0
OASIS303,-0.053379942930353856,66,0.3128499852637784,4.0
OASIS305,-0.05291595495092491,77,0.055776892430278946,1.0
OASIS307,0.0046882234912795084,2,0.0046882234912795084,2.0
OASIS320,0.10051586783335509,2,0.22410865874363328,1.0
OASIS322,0.10426503648650014,166,,
OASIS323,-0.08607427055702915,2,,
OASIS325,-0.03102568921173187,170,0.13700624456343657,17.0
OASIS330,0.008841726902492611,77,0.39413504221484785,25.0
OASIS331,-0.012201591511936394,2,,
OASIS334,0.13882113620401043,79,-0.28896672504378285,1.0
OASIS336,0.029725078247586988,79,-0.07555333352297382,6.0
OASIS337,0.06072882394889774,57,-0.05546587931655604,14.0
OASIS338,0.094782551913282,2,0.15110356536502556,1.0
OASIS339,0.10698707600088032,154,0.10357684529828108,2.0
OASIS344,0.09922401908378314,154,-0.20507452990219077,2.0
OASIS347,0.27443808037975875,40,,
OASIS353,0.19552922513807136,171,0.3454712626693549,21.0
OASIS354,0.10428410353374051,57,0.06607590393058034,12.0
OASIS355,0.1116942202358549,155,0.04865037874746611,2.0
OASIS356,0.049729766735473996,155,0.0200907828210804,4.0
OASIS357,-0.10785097191506071,156,0.12527798368026583,12.0
OASIS360,0.06737400530503973,2,,
OASIS361,0.195219551868976,170,-0.21766288638096867,11.0
OASIS362,0.11869912001681344,178,-0.12044651964462635,41.0
OASIS365,0.17725855782342037,57,0.10800261844366255,2.0
OASIS367,0.23851374874718725,163,-0.2369152065726964,15.0
OASIS368,0.22545244931073394,177,0.11148529282006399,12.0
OASIS369,0.29403256720793974,90,,
OASIS370,0.15866444718881728,91,-0.043824701195219085,1.0
OASIS372,0.08000028886847899,79,0.4557099114459194,2.0
OASIS375,0.21174431200387492,155,-0.17656905188359723,7.0
OASIS379,0.0056547291447778605,161,0.3768169465967028,53.0
OASIS381,0.21510201243307256,114,-0.06429141740235457,3.0
OASIS384,0.24338981242033841,56,-0.2101612139602964,6.0
OASIS387,-0.06558645442346996,161,0.1421681956739727,18.0
OASIS389,0.18805915030570738,154,,
OASIS390,0.05822281167108756,2,,
OASIS393,0.0723370100035367,158,0.019076106480083507,50.0
OASIS395,0.07649023673750245,177,-0.005640505963696274,70.0
OASIS396,0.1433512175149188,88,-0.28731042967154646,8.0
OASIS397,0.09496021220159151,2,,
OASIS405,0.26355535330628843,90,-0.0641025641025641,1.0
OASIS406,0.09792896652984787,91,-0.717948717948718,1.0
OASIS408,0.19880508345680895,91,0.059627332046686875,3.0
OASIS411,0.021683673621743695,161,0.00657074717249191,18.0
OASIS413,-0.0614738867483062,90,,
OASIS414,0.20503319065030562,57,,
OASIS415,0.08814806870794588,137,-0.18238551680156964,19.0
OASIS419,0.03311787087956904,167,0.035898570829515655,36.0
OASIS428,0.2027272660261607,175,-0.20586301010609692,8.0
OASIS436,0.4105393757346219,2,0.66723259762309,1.0
OASIS438,0.21344528105100666,155,,
OASIS439,-0.021142493305421062,160,0.2591732289641019,56.0
OASIS441,0.1683011793223762,157,0.10091074281994475,25.0
OASIS442,-0.19491892301208738,170,0.3432302211882927,39.0
OASIS443,0.13826446022797914,90,,
OASIS444,0.07851997035972043,155,0.5697674418604651,1.0
OASIS446,0.1819000710108877,171,-0.10979488375332824,21.0
OASIS447,0.1597655661247608,176,-0.1718483292010775,22.0
OASIS454,0.18382048703879478,161,-0.04817048623190294,16.0
OASIS455,0.30967873411683183,158,-0.46803122257483304,7.0
OASIS456,-0.007045190313058853,179,0.4325227970583704,67.0
OASIS457,0.0903753661894826,172,-0.10914153638603888,38.0
OASIS462,0.09155796095651039,165,0.07750858324920573,19.0
OASIS463,0.07382946471577066,159,0.1677428660448693,24.0
OASIS465,0.04023373126322827,166,0.02322546481314985,34.0
OASIS466,0.12917267476077568,92,-0.4107739710456179,3.0
OASIS470,0.1957149252176425,57,-0.03729889246569415,13.0
OASIS472,0.010252968698359548,167,0.2854606339835665,49.0
OASIS473,0.19284408714551693,177,0.04155873614957332,35.0
OASIS475,0.0713592465971721,155,0.053233348958383137,4.0
OASIS476,-0.09898838567386116,178,0.36262824770065366,47.0
OASIS480,0.12445031356187314,58,0.4569949226119094,21.0
OASIS483,0.17598867852760527,79,0.30478171171426466,16.0
OASIS485,0.17803876631958124,57,-0.4787775891341256,1.0
OASIS486,0.11829236072630367,165,-0.08049242435804527,21.0
OASIS488,0.11672629217254635,170,0.009039913782219883,35.0
OASIS492,0.06703088525996909,177,0.14048920340526064,84.0
OASIS494,0.32448557026686736,126,-0.17776452792222983,12.0
OASIS496,0.03844308318784162,160,0.2370084263786524,35.0
OASIS497,0.22903928495163975,172,-0.21434156490289788,14.0
OASIS499,0.2896969043681416,159,-0.217583017340273,6.0
OASIS500,0.19197616710605206,159,-0.0825169319024227,16.0
OASIS501,0.1276276782006588,161,0.17708477806232323,92.0
OASIS503,0.012322479130045543,177,0.09955575295525985,45.0
OASIS507,-0.039203365777794,57,,
OASIS508,0.06708091892558214,177,0.041312734551306525,37.0
OASIS510,0.07162000419747235,174,0.06880234538583098,45.0
OASIS511,0.13064956796662341,172,-0.020898829234331614,16.0
OASIS514,0.11737662892550434,160,0.19114480187031965,44.0
OASIS516,0.062280259298499334,171,0.05666231502344145,21.0
OASIS520,0.05647152566831551,126,0.326923076923077,1.0
OASIS522,0.04189047487052108,138,0.21368591122053018,21.0
OASIS523,0.09175221778224006,175,-0.11732872188526305,37.0
OASIS524,0.19193245966890618,164,0.06277063564947283,44.0
OASIS526,0.03640043795967606,90,0.06829297175399375,14.0
OASIS528,0.08919328661069559,129,0.1844829827795087,24.0
OASIS529,0.08648843762427463,79,0.15375302663438253,2.0
OASIS532,0.12892165233257336,177,0.32982077550966415,81.0
OASIS534,0.20781756928861733,170,-0.03285088035537617,36.0
OASIS535,-0.008975117447053515,57,0.2046094990975141,8.0
OASIS538,0.2445256495842659,154,0.25581395348837205,1.0
OASIS540,0.12057866930248473,127,-0.08497781888121549,34.0
OASIS542,0.2875904259142549,155,-0.17766629184011343,4.0
OASIS543,0.04496021220159152,2,,
OASIS544,0.3126375798682914,155,-0.2674418604651163,1.0
OASIS546,0.20436266382195142,57,-0.23107569721115534,1.0
OASIS548,0.15915848301055815,79,,
OASIS557,0.035529061488839976,162,0.04380668244353082,42.0
OASIS564,0.18601403232628466,90,-0.8397435897435898,1.0
OASIS566,0.1974933037791378,91,-0.20369840815937473,2.0
OASIS567,0.17074973623576542,159,0.0012630730144821932,16.0
OASIS569,0.0006299268678763538,160,0.013391317510944916,42.0
OASIS571,-0.050039377406844526,94,-0.01525793882679595,61.0
OASIS573,0.06520086960001986,163,0.10889245443064098,48.0
OASIS577,-0.00663129973474802,2,,
OASIS581,0.10982880705150466,57,,
OASIS582,0.21167057969298916,154,,
OASIS586,0.10805743345393327,116,0.13567920746624074,45.0
OASIS590,0.1054104049142345,129,-0.05063704240197634,26.0
OASIS593,0.0585542515677376,169,-0.15856887832238237,40.0
OASIS595,0.04700287076196392,81,-0.018838386114660568,30.0
OASIS596,0.08304147984815267,79,0.5576923076923077,1.0
OASIS597,0.006386016360549418,2,0.006386016360549418,2.0
OASIS604,0.05370360131894603,172,0.015671392378624215,71.0
OASIS605,0.015784675792695133,57,0.3301230776569746,11.0
OASIS606,-0.044956117282164344,170,0.2540068075711854,24.0
OASIS607,-0.003974931367444609,115,0.08768964476669774,7.0
OASIS608,0.1376403995937196,154,0.4710359190497309,4.0
OASIS610,0.03495823742647397,32,0.13128020982287164,8.0
OASIS611,0.09688708593744061,57,,
OASIS615,0.07015915119363392,2,,
OASIS616,0.13088773203618642,156,-0.09511817149947503,42.0
OASIS622,-0.06783358026473295,57,0.6873473060878279,8.0
OASIS626,0.030109703539245136,2,0.06791171477079794,1.0
OASIS628,0.2777625866953984,57,-0.05951091426927781,3.0
OASIS632,0.1977569717548417,57,-0.00679117147707986,1.0
OASIS633,0.03819628647214851,2,,
OASIS637,0.041451145553452445,78,0.08535801840638657,20.0
OASIS638,-0.06470246418651425,57,0.27258185956852915,10.0
OASIS639,0.04805951139036864,77,0.14714953444187737,7.0
OASIS640,0.11973357711897603,2,-0.022071307300509435,1.0
OASIS642,0.17892071643584684,32,,
OASIS648,0.32435715883588434,79,,
OASIS650,0.19029296780990915,57,0.03145175719189528,14.0
OASIS651,-0.00697532367055476,32,-0.017142781773033272,6.0
OASIS652,-0.04496021220159152,2,,
OASIS654,0.024646071632428223,57,-0.024161909694693205,14.0
OASIS655,0.1171081870044718,32,,
OASIS656,0.12461353076503612,57,0.2537421608730657,19.0
OASIS657,0.13457085422894594,32,-0.003468051928453074,17.0
OASIS658,0.11027075893495067,57,-0.06281833616298804,1.0
OASIS659,0.1879001634110177,57,,
OASIS661,0.04217506631299739,2,,
OASIS662,0.30170432284184406,2,0.6264855687606112,1.0
OASIS663,0.02267904509283819,2,,
OASIS664,0.08029381871448366,32,,
OASIS666,0.0055258874812176995,57,0.5232273838630807,1.0
OASIS667,0.023512584649844494,57,,
OASIS668,-0.013314793207518048,57,,
OASIS670,0.190136543876763,57,0.3785211267605634,1.0
OASIS671,-0.06078239274487529,57,,
OASIS672,0.17733290194804,57,,
OASIS673,-0.014389142118154832,57,0.30929551148560747,16.0
OASIS674,0.2950107593465153,57,-0.6538461538461539,1.0
OASIS675,-0.07702716754884131,57,0.2585120545530599,4.0
OASIS676,-0.005893701757114313,32,0.22410865874363328,1.0
OASIS679,0.1257520967964717,32,,
OASIS680,0.003492051242475702,2,0.003492051242475702,2.0
OASIS684,0.18196699209120973,57,,
OASIS686,0.010477453580901852,2,,
OASIS689,-0.0038461538461538325,2,0.0,1.0
OASIS690,0.1412381830705794,57,,
OASIS691,0.11562381403815494,155,,
OASIS694,0.12847173169231269,102,0.04601642089561271,7.0
OASIS696,0.20373920642959717,57,0.24259259259259258,1.0
OASIS698,0.11161708095981343,57,0.052782789166552546,9.0
OASIS705,0.016047745358090115,2,,
OASIS706,0.1967157407230778,32,0.3931034482758621,1.0
OASIS711,-0.028993811353878213,57,0.2276175590649466,13.0
OASIS717,0.18307194089741682,155,,
OASIS719,0.11913953640670921,32,,
OASIS720,-0.007080567988887121,2,-0.007080567988887121,2.0
OASIS721,0.0926963320282472,59,,
OASIS724,0.10781789857420664,57,0.11499199917217263,8.0
OASIS725,0.0675886943182402,57,-0.009221574946968333,16.0
OASIS728,0.1871883993334,57,,
OASIS730,0.16063063174103845,57,-0.8189509306260575,1.0
OASIS732,0.010610079575596842,2,,
OASIS735,0.21492524857078774,32,,
OASIS736,0.2336408769738539,57,,
OASIS738,0.21959794103438945,154,0.06443277212638247,4.0
OASIS741,0.06681416396759565,129,-0.0035164907284358227,10.0
OASIS742,0.12401811031994675,78,0.3347554900257502,35.0
OASIS743,-0.03435013262599468,2,,
OASIS744,-0.05939010056157762,2,-0.003395585738539819,1.0
OASIS745,0.0046882234912795084,2,0.0046882234912795084,2.0
OASIS746,0.14305671068635373,57,0.23964675363130042,3.0
OASIS747,0.07519893899204244,2,,
OASIS748,0.029811033461518907,57,0.17901705545226712,12.0
OASIS750,0.14303128530334241,57,0.01317655770111531,14.0
OASIS751,0.05009319602273367,57,,
OASIS752,0.2370023811054926,57,,
OASIS753,0.10314298068538273,57,,
OASIS754,0.1633472842197216,57,-0.01661491091010193,19.0
OASIS757,0.08305235820223762,57,0.14937776332766792,3.0
OASIS762,0.19185059422750422,2,0.38370118845500845,1.0
OASIS763,-0.023165664208465504,57,0.3296598574481819,14.0
OASIS764,0.08689639387311919,57,0.2020210300008321,15.0
OASIS773,0.010669084735298595,2,0.010669084735298595,2.0
OASIS775,-0.0073984589264725065,2,0.03904923599320875,1.0
OASIS778,0.05676392572944294,2,,
OASIS781,0.026882336304894998,155,0.20478093651386833,16.0
OASIS782,-0.03083757513033435,77,0.4478208603232615,9.0
OASIS785,0.11680809907592755,77,,
OASIS788,0.2672053471064398,57,,
OASIS789,0.016330248587488834,57,0.1619718309859155,1.0
OASIS790,0.006498673740053085,2,,
OASIS791,-0.00025081031023305167,2,-0.00025081031023305167,2.0
OASIS792,0.215880989625331,91,0.2532751091703057,1.0
OASIS793,0.15215580075105495,57,0.018675721561969394,1.0
OASIS794,-0.028393279400909396,92,0.2988336992512954,14.0
OASIS795,0.17082228116710874,2,,
OASIS797,0.1057062904331282,57,0.06981281135008238,4.0
OASIS798,0.026920487489376504,57,-0.055776892430278946,1.0
OASIS799,0.0509283819628647,2,,
OASIS802,0.047987614233590326,127,-0.032490082966142246,66.0
OASIS805,0.24358119829182584,57,-0.444055944055944,1.0
OASIS807,-0.07125629541328629,32,-0.03876365978311539,10.0
OASIS808,-0.01788565832703552,90,0.36936936936936937,2.0
OASIS809,0.20166168078209978,57,,
OASIS812,0.017931304688520333,2,0.005093378607809895,1.0
OASIS813,0.20111071577332254,77,-0.1450676982591876,2.0
OASIS814,0.16226128421408886,32,,
OASIS816,0.06936339522546425,2,,
OASIS818,0.07241379310344825,2,,
OASIS821,0.14938577106245132,88,-0.14208523022158698,4.0
OASIS822,0.03971811563773967,57,-0.01909508857956512,17.0
OASIS824,0.10939696845585102,32,,
OASIS827,0.33840031348095717,57,-0.01358234295415961,1.0
OASIS828,0.09552696878673106,2,0.18336162988115445,1.0
OASIS831,-0.07634843933655483,2,-0.168081494057725,1.0
OASIS832,-0.09772282655090236,57,0.3923521619848233,9.0
OASIS834,0.21831096010921586,32,-0.2355940930075013,3.0
OASIS835,0.09078068152644093,32,0.36209813874788493,1.0
OASIS838,0.21737234568717845,57,,
OASIS839,0.05159151193633954,2,,
OASIS840,0.08666487291122063,57,0.046274415862621925,12.0
OASIS841,0.17672177746917095,57,0.5721561969439729,1.0
OASIS843,-0.02195207341610125,160,0.14260706198761663,63.0
OASIS844,0.1462910281125833,57,0.7437275985663082,1.0
OASIS845,0.180629996960771,57,,
OASIS847,0.10912415783992091,57,,
OASIS848,0.10986143812541171,32,0.10845295055821369,1.0
OASIS849,0.11984910853242296,57,-0.06179102967768041,3.0
OASIS850,0.03218129942249956,32,0.42218749957196694,3.0
OASIS851,0.05721824720666453,57,0.03449841357870674,30.0
OASIS853,0.05751557571730792,32,-0.003319212661144381,15.0
OASIS854,-0.03523888491973099,57,-0.36792025586057214,6.0
OASIS859,-0.08246702363850072,2,-0.00339558573853993,1.0
OASIS861,-0.0977453580901857,2,,
OASIS863,-0.0214854111405835,2,,
OASIS867,0.06989009223789643,57,-0.07809847198641762,1.0
OASIS868,0.08872967788009689,32,0.34330143540669855,1.0
OASIS869,0.30488756525468685,57,,
OASIS870,0.27892855190401133,57,,
OASIS876,-0.2219602977667494,2,-0.45161290322580644,1.0
OASIS883,0.09137931034482755,2,,
OASIS886,-0.011007957559681675,2,,
OASIS887,0.12559681697612735,2,,
OASIS888,0.008794221816539102,57,0.06604215243407666,23.0
OASIS890,0.07801563819574914,104,0.014847690968252914,20.0
OASIS891,0.16882431888515245,154,-0.4814585006204833,2.0
OASIS892,0.0403493452595265,154,-0.11506623276483209,7.0
OASIS893,-0.05608569691470831,174,0.13712263717258677,41.0
OASIS896,0.005039787798408413,2,,
OASIS897,0.15424643355158954,57,,
OASIS898,0.003839327056644526,2,0.003839327056644526,2.0
OASIS900,0.12153421029865526,57,0.027685951954711418,10.0
OASIS901,0.13248463800822421,57,,
OASIS902,0.20493654356494032,57,,
OASIS904,0.09855786299348303,79,-0.068983459811978,7.0
OASIS905,0.07811671087533156,2,,
OASIS906,0.22987658784520246,57,,
OASIS909,0.12281297648328716,57,0.19667055418939897,11.0
OASIS910,0.17307883925440562,57,,
OASIS911,0.029020074259792094,57,0.4932027343662171,12.0
OASIS915,0.195712671189976,57,,
OASIS916,0.1324663391552819,57,0.16593684812333703,19.0
OASIS917,0.2947423026088588,57,,
OASIS921,0.0026525198938991967,2,,
OASIS926,0.041302561913615386,57,-0.025287370658034106,26.0
OASIS927,0.05132390846869581,32,0.28396414216338906,2.0
OASIS928,0.0839885072482695,2,0.18336162988115445,1.0
OASIS930,0.028622128266552655,78,0.14647652052385216,17.0
OASIS931,0.13884446918236998,57,-0.006569522545572149,10.0
OASIS932,0.35215933038913083,57,,
OASIS934,0.03266181269928845,57,0.029712811667785628,16.0
OASIS935,0.04994898099512874,170,0.24611903266350832,35.0
OASIS936,0.07298906744658525,32,,
OASIS937,0.003492051242475702,2,0.003492051242475702,2.0
OASIS938,0.038063660477453576,2,,
OASIS939,0.001061007957559701,2,,
OASIS940,0.04842267035543907,57,-0.05691665994564876,36.0
OASIS942,-0.02281167108753318,2,,
OASIS943,-0.0501284049964829,32,0.2846134623176173,6.0
OASIS946,-0.10975573095505915,57,0.15714975155796987,3.0
OASIS949,0.005172413793103459,2,,
OASIS951,0.1752167701434127,57,0.07067390866623569,14.0
OASIS953,-0.07225652872283053,57,0.1018675721561969,1.0
OASIS955,0.06380735336544031,57,-0.013221478921960246,22.0
OASIS956,0.26247802905965234,57,,
OASIS957,0.21067982384975212,32,0.08976416359713375,7.0
OASIS958,0.09185602780853587,57,0.5432937181663837,1.0
OASIS959,0.2211344670330258,32,0.253961733044239,2.0
OASIS960,0.02063471333420397,2,-0.035653650254668934,1.0
OASIS964,0.06780723520961213,2,0.16638370118845502,1.0
OASIS966,0.13987050051680158,32,,
OASIS967,0.24074229652468251,57,-0.010130607521478562,22.0
OASIS968,0.07472614462174701,57,0.08519407316695281,7.0
OASIS969,0.1715316015849354,57,,
OASIS970,0.09288291226315253,37,-0.03246689866765732,3.0
OASIS971,0.18730994327821154,37,,
OASIS976,0.0010610079575596454,2,,
OASIS977,0.009390100561577686,2,0.00339558573853993,1.0
OASIS979,0.08773018153323753,2,0.2139219015280135,1.0
OASIS980,-0.05854120412694269,2,-0.001697792869269965,1.0
OASIS982,0.21171264817083096,57,,
OASIS984,0.13616951808802402,2,0.29541595925297115,1.0
OASIS985,-0.05626267369725422,168,0.11695595691338315,7.0
OASIS986,0.11436292453553508,103,0.06587829486224202,24.0
OASIS987,0.07290889344242632,57,0.28842777806223163,23.0
OASIS993,0.32689270342323934,57,,
OASIS994,0.2649746069110494,77,,
OASIS995,0.0008488964346349825,2,0.0008488964346349825,2.0
OASIS996,0.09893899204244028,2,,
OASIS998,0.11901881308540778,32,0.5228426395939086,1.0
