endpoint_id,pf_full_AUROC,pf_scalar_cc_AUROC,full_AUROC,scalar_cc_AUROC,paper_Actual_AUROC,paper_Cellcount_baseline_AUROC,paper_Random_baseline_AUROC,Metadata_Count_0,Metadata_Count_1
ACEA_ER_80hr,0.7561440677966101,0.5409957627118644,0.6887711864406779,0.4944915254237288,0.6915254237288135,0.509957627118644,0.535593220338983,236,20
ATG_Ahr_CIS,0.5546724778874503,0.4866042815023715,0.5265991539546212,0.5403794385335213,0.5108319446224843,0.5747981028073323,0.48775797974618645,269,29
ATG_AP_1_CIS,0.5920879120879121,0.5956776556776556,0.540952380952381,0.6038827838827839,0.5712820512820513,0.5643956043956043,0.4671062271062271,273,25
ATG_BRE_CIS,0.5433453237410072,0.6191546762589928,0.6032374100719424,0.5698741007194245,0.48633093525179855,0.5151978417266188,0.5073741007194245,278,20
ATG_DR4_LXR_CIS,0.6749151583710408,0.4801329185520362,0.700933257918552,0.4522058823529412,0.6134049773755657,0.5387443438914027,0.3281957013574661,272,26
ATG_DR5_RAR_CIS,0.566468253968254,0.5821428571428572,0.6178571428571429,0.4676587301587301,0.6013888888888889,0.5252976190476191,0.4494047619047619,280,18
ATG_EGR_CIS,0.6302584418034333,0.7812676853423882,0.7160913035276363,0.7574042633465384,0.7136389360498019,0.7343897377853235,0.6515751744953782,279,19
ATG_ERE_CIS,0.5794833242208858,0.40937670858392566,0.5493439037725533,0.4532531437944231,0.5734007654455987,0.48920174958993984,0.385593220338983,236,62
ATG_HIF1a_CIS,0.5884584980237154,0.586798418972332,0.6366798418972333,0.506403162055336,0.5973122529644268,0.5462450592885375,0.4926482213438735,275,23
ATG_MRE_CIS,0.6660684527624664,0.5300602486860659,0.7087552877836175,0.5107037559287271,0.6104345596718369,0.5665299320599924,0.4384053326496603,269,29
ATG_NRF2_ARE_CIS,0.6104044047845073,0.5927789380418961,0.6898297576102779,0.5967976710334789,0.6278083665590786,0.6379026643883299,0.4987659008923486,229,69
ATG_Oct_MLP_CIS,0.6414179104477612,0.6403606965174129,0.6337064676616916,0.6200870646766169,0.6289800995024876,0.6857587064676616,0.5354477611940298,268,30
ATG_p53_CIS,0.7345614402344568,0.6649570860372619,0.7820808038517898,0.6441281138790036,0.6635963994138581,0.7252459702742308,0.6755285744190915,281,17
ATG_Pax6_CIS,0.6449468085106383,0.6587987588652482,0.7191932624113475,0.6804078014184397,0.6496010638297872,0.7470079787234043,0.5888741134751774,282,16
ATG_PBREM_CIS,0.5862977602108037,0.5858860342555995,0.5778985507246377,0.6620553359683794,0.5826745718050066,0.4772727272727273,0.41781949934123847,276,22
ATG_PPRE_CIS,0.46520301771636857,0.45545477663812833,0.5254725777740104,0.4791896244808002,0.4969059930490803,0.425531914893617,0.5858269051453759,251,47
ATG_PXRE_CIS,0.5905110148067895,0.4612224629830264,0.5976435536294691,0.4638181654026724,0.551056338028169,0.5092542434091729,0.5603105814373419,156,142
ATG_RORE_CIS,0.7700433880399925,0.6292209017166572,0.7623089983022071,0.6031880777211847,0.6504433125825316,0.6311073382380683,0.5093378607809846,279,19
ATG_SREBP_CIS,0.630221763795771,0.5648100395392814,0.6891868660821729,0.6135465016331443,0.6071858346226576,0.5500257864878804,0.6365824308062575,277,21
ATG_TCF_b_cat_CIS,0.5877600137527935,0.5938628158844765,0.6472408457968025,0.6252363761389033,0.6546329723225031,0.704916623689187,0.5306859205776173,277,21
ATG_VDRE_CIS,0.596364133406233,0.5614748496446146,0.660880262438491,0.5460975943138326,0.5541962821213778,0.6084267359212684,0.46521323127392017,236,62
BSK_3C_Eselectin,0.590779014308426,0.5542130365659778,0.6085850556438792,0.5594594594594594,0.5217806041335453,0.5158982511923689,0.4362480127186009,185,17
BSK_3C_HLADR,0.5210004719207173,0.5599339310995752,0.6166430706308007,0.5652037124429763,0.5480572597137013,0.5744061664307063,0.4434481673745478,163,39
BSK_3C_IL8,0.5557932263814617,0.40926916221033866,0.5433155080213904,0.3577540106951871,0.6196078431372549,0.38395721925133686,0.6303030303030304,187,15
BSK_3C_MCP1,0.5220985691573927,0.5987281399046105,0.4912559618441971,0.5593004769475358,0.5322734499205087,0.5219395866454689,0.6340222575516693,185,17
BSK_3C_Proliferation,0.6452690166975881,0.44625850340136053,0.699443413729128,0.5104514533085962,0.6440321583178726,0.4997526283240569,0.6152133580705009,147,55
BSK_3C_SRB,0.5874125874125874,0.5000896539358077,0.6440738748431056,0.5015241169087323,0.5745024206562668,0.4244217321140398,0.5761161915008068,169,33
BSK_3C_TissueFactor,0.6091458153580673,0.5662927811331607,0.6338797814207651,0.5230083405234397,0.6350301984469371,0.5222893298820822,0.41530054644808745,183,19
BSK_3C_uPAR,0.7066666666666667,0.5035028248587571,0.6716384180790961,0.515819209039548,0.6232768361581921,0.5218079096045197,0.5290395480225989,177,25
BSK_4H_Eotaxin3,0.5327797202797203,0.4725743006993007,0.5823863636363636,0.4861232517482518,0.6005244755244755,0.42438811188811193,0.6483828671328672,176,26
BSK_4H_MCP1,0.597623089983022,0.45142425957366533,0.5489530277306168,0.4458592718355027,0.545746085644218,0.4942463686096963,0.4574608564421808,171,31
BSK_4H_Pselectin,0.6123626373626374,0.6508241758241758,0.6733516483516484,0.6475274725274726,0.589010989010989,0.6539835164835165,0.6357142857142857,182,20
BSK_4H_SRB,0.6186868686868687,0.579040404040404,0.6686868686868687,0.6199494949494949,0.7161616161616161,0.48724747474747476,0.5272727272727273,180,22
BSK_4H_uPAR,0.6354895104895105,0.5358391608391608,0.6392045454545454,0.5500437062937062,0.6676136363636364,0.479458041958042,0.5771416083916084,176,26
BSK_4H_VCAM1,0.5909642943891182,0.5893854748603352,0.589264027204275,0.5467573475831916,0.6555744474131648,0.5909642943891182,0.5324265241680836,179,23
BSK_CASM3C_LDLR,0.6381461675579323,0.5431372549019607,0.7019607843137254,0.5725490196078431,0.6288770053475935,0.6180035650623886,0.4053475935828877,187,15
BSK_CASM3C_Proliferation,0.6407563025210085,0.5899859943977591,0.6829481792717087,0.4971113445378151,0.6158963585434174,0.5956757703081232,0.6503851540616246,168,34
BSK_CASM3C_Thrombomodulin,0.5909090909090909,0.4580808080808081,0.543939393939394,0.4362373737373737,0.5898989898989899,0.6362373737373738,0.39343434343434347,180,22
BSK_LPS_CD40,0.6387674825174825,0.4554195804195804,0.7596153846153846,0.5779064685314685,0.6628059440559441,0.5399912587412588,0.47333916083916083,176,26
BSK_LPS_MCP1,0.5597826086956522,0.5022644927536232,0.5860507246376812,0.383756038647343,0.6331521739130435,0.48852657004830924,0.47493961352657,184,18
BSK_LPS_MCSF,0.6905513723585135,0.31454942919601653,0.7520038863249939,0.3900898712654845,0.7235851348068981,0.3706582462958465,0.4063638571775564,179,23
BSK_LPS_PGE2,0.5305555555555556,0.5567129629629629,0.5524691358024691,0.5833333333333334,0.5256172839506172,0.48657407407407405,0.5137345679012345,162,40
BSK_LPS_SRB,0.5345959595959596,0.3803030303030303,0.6181818181818182,0.3200757575757575,0.5863636363636363,0.4527777777777778,0.42247474747474745,180,22
BSK_LPS_TNFa,0.492834588292446,0.5320621811999029,0.4379402477532184,0.5093514695166383,0.6038377459315035,0.5046150109302889,0.47874666018945833,179,23
BSK_LPS_VCAM1,0.6458042654973092,0.5350807255331872,0.7127765596970301,0.480466414191748,0.6794897349013355,0.4697030097667929,0.45345824197727724,173,29
BSK_SAg_CD38,0.6575374531835206,0.5132256554307116,0.6575374531835206,0.4404260299625468,0.6261704119850187,0.5180243445692884,0.5098314606741573,178,24
BSK_SAg_CD40,0.5192346023520031,0.6128164241578633,0.6220849113015746,0.5720550129559497,0.5905919872433725,0.46262706796890574,0.5618895754434922,173,29
BSK_SAg_CD69,0.5477289288316736,0.43538984697595334,0.5812484819042992,0.4253096915229536,0.5858634928345883,0.553072625698324,0.5212533398105417,179,23
BSK_SAg_Eselectin,0.736046511627907,0.6572674418604652,0.8112403100775194,0.6455426356589147,0.7296511627906976,0.5415697674418604,0.622093023255814,172,30
BSK_SAg_IL8,0.6569323862141542,0.4588266245724809,0.7098132070507761,0.4192317811102341,0.583004472507235,0.5985267034990792,0.5072349381741647,181,21
BSK_SAg_MCP1,0.6686804451510334,0.6294117647058823,0.7319554848966614,0.6626391096979333,0.6724960254372019,0.5082670906200317,0.5125596184419714,185,17
BSK_SAg_Proliferation,0.6981409001956947,0.5990092954990215,0.7557485322896281,0.6537426614481409,0.7060909980430529,0.5637230919765166,0.4626956947162427,146,56
BSK_SAg_SRB,0.5332397003745318,0.43937265917602997,0.6065074906367042,0.3837780898876404,0.5622659176029963,0.36118913857677903,0.5625,178,24
OT_AR_ARSRC1_0960,0.570054945054945,0.5162087912087913,0.6532967032967033,0.5320054945054945,0.528021978021978,0.5168956043956044,0.6307692307692307,182,20
OT_ER_ERaERb_0480,0.43315508021390375,0.3055258467023173,0.5732620320855615,0.3600713012477718,0.4923351158645276,0.3408199643493761,0.42709447415329765,187,15
OT_ER_ERaERb_1440,0.5609050249934228,0.4686924493554328,0.6185214417258617,0.4262036306235201,0.6208892396737701,0.4835569586950803,0.5146014206787688,181,21
OT_ER_ERbERb_0480,0.5967788323267185,0.410555076215128,0.5568018406672419,0.3734541271210814,0.5484613172274949,0.45110727638769044,0.5294794362956572,183,19
OT_ER_ERbERb_1440,0.5975224678163712,0.474981782851591,0.5589021131892155,0.4244595579305319,0.5338838960408064,0.41450085013359245,0.5149380616954093,179,23
OT_ERa_GFPERaERE_0120,0.6718435432844406,0.5704630428530342,0.6767328156456716,0.5519125683060109,0.5913143514524015,0.48820822548173715,0.38021282714984184,183,19
OT_ERa_GFPERaERE_0480,0.7164141414141414,0.5253787878787879,0.7525252525252525,0.476010101010101,0.7952020202020202,0.4661616161616162,0.4573232323232323,180,22
OT_FXR_FXRSRC1_0480,0.5802902621722846,0.4232209737827715,0.5793539325842697,0.4161985018726591,0.4506086142322097,0.42755149812734083,0.5751404494382023,178,24
OT_FXR_FXRSRC1_1440,0.5955484896661367,0.5187599364069952,0.6375198728139905,0.4505564387917329,0.4378378378378378,0.546422893481717,0.37519872813990457,185,17
TOX21_AhR_LUC_Agonist,0.6393620414673046,0.5310047846889953,0.6870813397129186,0.4966507177033493,0.6234768740031899,0.4983732057416268,0.49620414673046254,627,25
CEETOX_H295R_11DCORT,0.45555555555555555,0.5674074074074074,0.5044444444444445,0.5303703703703704,0.29333333333333333,0.6818518518518519,0.44592592592592595,54,25
CEETOX_H295R_OHPREG,0.48074074074074075,0.5151851851851852,0.4622222222222222,0.5362962962962963,0.3874074074074074,0.4633333333333334,0.5814814814814815,54,25
CEETOX_H295R_OHPROG,0.41951566951566954,0.4700854700854701,0.4401709401709401,0.4814814814814814,0.646011396011396,0.5502136752136753,0.3839031339031339,52,27
CEETOX_H295R_ANDR,0.5,0.28407224958949095,0.5073891625615764,0.2922824302134647,0.4532019704433498,0.5045155993431856,0.5221674876847291,58,21
CEETOX_H295R_CORTIC,0.529143897996357,0.42805100182149364,0.4180327868852459,0.4307832422586521,0.40710382513661203,0.522768670309654,0.41712204007285975,61,18
CEETOX_H295R_CORTISOL,0.6429872495446266,0.4672131147540984,0.5846994535519126,0.4462659380692167,0.6557377049180328,0.6725865209471766,0.5027322404371584,61,18
CEETOX_H295R_DOC,0.6141215106732348,0.5377668308702791,0.6157635467980296,0.5225779967159278,0.5262725779967159,0.5299671592775042,0.5722495894909687,58,21
CEETOX_H295R_ESTRONE,0.44479166666666664,0.5635416666666667,0.390625,0.5348958333333333,0.42500000000000004,0.6427083333333333,0.5822916666666667,64,15
CEETOX_H295R_PROG,0.37464387464387466,0.3319088319088319,0.457977207977208,0.3351139601139601,0.39102564102564097,0.43162393162393164,0.4444444444444444,52,27
CEETOX_H295R_TESTO,0.4108159392789374,0.5289373814041746,0.3994307400379506,0.5341555977229602,0.5227703984819735,0.7566413662239089,0.36812144212523723,62,17
LTEA_HepaRG_ABCB1,0.6762333965844403,0.5163662239089184,0.736954459203036,0.5013045540796964,0.6368595825426945,0.5220588235294118,0.44876660341555974,136,31
LTEA_HepaRG_ABCB11,0.6174168297455969,0.5627853881278538,0.682648401826484,0.572570123939987,0.6784083496412263,0.46330724070450097,0.6298108284409655,146,21
LTEA_HepaRG_ABCC2,0.4586092715231788,0.45302152317880795,0.4577814569536423,0.4544701986754967,0.41846026490066224,0.46937086092715236,0.5422185430463576,151,16
LTEA_HepaRG_ABCG2,0.6326760563380281,0.4529577464788732,0.6259154929577465,0.3592957746478873,0.6509859154929577,0.505774647887324,0.46281690140845066,142,25
LTEA_HepaRG_AFP,0.6524981357196122,0.5206935123042505,0.6524981357196122,0.5145413870246085,0.7311707680835198,0.38217747949291575,0.5085756897837436,149,18
LTEA_HepaRG_ALPP,0.7022144522144522,0.6609848484848485,0.7456293706293706,0.6802156177156177,0.7744755244755245,0.6395687645687647,0.6145104895104895,143,24
LTEA_HepaRG_CYP1A1,0.5297157622739018,0.5033017513637669,0.5769451622164801,0.5131352282515074,0.5809646856158485,0.46052253804191795,0.4780361757105943,86,81
LTEA_HepaRG_CYP1A2,0.560287081339713,0.5590111642743222,0.5384370015948964,0.5594896331738437,0.519298245614035,0.442822966507177,0.44944178628389153,110,57
LTEA_HepaRG_CYP2B6,0.5948118932038835,0.46381978155339804,0.6535194174757282,0.4315837378640776,0.5907160194174758,0.5705400485436893,0.5323118932038835,103,64
LTEA_HepaRG_CYP2C19,0.47445887445887447,0.6300865800865801,0.595021645021645,0.6074675324675325,0.6145021645021644,0.45887445887445893,0.5220779220779221,132,35
LTEA_HepaRG_CYP2C8,0.5492063492063493,0.43677248677248676,0.5978835978835979,0.4595238095238095,0.6253968253968254,0.33968253968253964,0.49682539682539684,140,27
LTEA_HepaRG_CYP2E1,0.5496999249812453,0.5216616654163541,0.5693923480870218,0.5390097524381096,0.5065641410352588,0.48405851462865723,0.5999624906226557,124,43
LTEA_HepaRG_CYP3A4,0.38124723573639985,0.6707209199469262,0.3801415302963291,0.6183104820875719,0.4692613887660326,0.46196373286156567,0.559265811587793,133,34
LTEA_HepaRG_CYP3A7,0.46815568332596197,0.5927686864219371,0.5276426360017691,0.5944272445820433,0.5307386112339673,0.4821981424148607,0.6245024325519681,133,34
LTEA_HepaRG_CYP4A11,0.5962962962962963,0.42916666666666664,0.6407407407407407,0.444212962962963,0.637037037037037,0.3864583333333333,0.49722222222222223,135,32
LTEA_HepaRG_CYP4A22,0.5745370370370371,0.5761574074074074,0.6025462962962963,0.5520833333333334,0.5962962962962963,0.46747685185185184,0.40324074074074073,135,32
LTEA_HepaRG_CYP7A1,0.49489795918367346,0.4557823129251701,0.5027210884353741,0.5136054421768708,0.5414965986394558,0.35663265306122455,0.5204081632653061,147,20
LTEA_HepaRG_FABP1,0.5703764320785597,0.5958810692853246,0.5575559192580469,0.5823786142935079,0.5627386797599563,0.4301691216584834,0.5681942171303873,141,26
LTEA_HepaRG_FASN,0.5365398956002982,0.732475764354959,0.4258016405667412,0.6774794929157345,0.616703952274422,0.5458612975391499,0.6006711409395973,149,18
LTEA_HepaRG_GADD45G,0.5728070175438597,0.4118421052631579,0.4824561403508772,0.3850877192982456,0.5622807017543859,0.44166666666666665,0.4745614035087719,152,15
LTEA_HepaRG_GSTA2,0.5186258278145696,0.48841059602649006,0.7036423841059603,0.5076572847682119,0.5455298013245032,0.5035182119205299,0.4027317880794702,151,16
LTEA_HepaRG_HMGCS2,0.6144200626959248,0.5700626959247649,0.6275862068965518,0.6023510971786834,0.6294670846394984,0.5148902821316614,0.5213166144200627,145,22
LTEA_HepaRG_IGF1,0.5416666666666666,0.49213286713286714,0.5964452214452215,0.5292832167832168,0.6727855477855478,0.42803030303030304,0.5023310023310024,143,24
LTEA_HepaRG_KRT19,0.6085011185682326,0.6882923191648024,0.6558538404175988,0.7087994034302759,0.70917225950783,0.6073825503355705,0.4541387024608501,149,18
LTEA_HepaRG_LPL,0.8003921568627451,0.5576470588235294,0.8454901960784313,0.5731372549019608,0.7815686274509803,0.5580392156862745,0.5364705882352941,150,17
LTEA_HepaRG_PDK4,0.34265734265734266,0.4976689976689977,0.3298368298368298,0.4949009324009324,0.43181818181818177,0.35416666666666663,0.6509324009324009,143,24
LTEA_HepaRG_PEG10,0.6052910052910053,0.5611111111111111,0.4957671957671957,0.5191798941798942,0.5021164021164022,0.5175925925925926,0.5187830687830688,140,27
LTEA_HepaRG_SLC22A1,0.6633109619686801,0.6178225205070843,0.7352721849366145,0.5566741237882178,0.6871737509321403,0.4724086502609992,0.47315436241610737,149,18
LTEA_HepaRG_THRSP,0.6104312354312355,0.5388986013986014,0.6407342657342657,0.5203962703962703,0.6229603729603729,0.4278846153846154,0.4417249417249417,143,24
LTEA_HepaRG_UGT1A1,0.5207619047619048,0.5052380952380953,0.5893333333333334,0.5323809523809524,0.39542857142857146,0.5418095238095237,0.547047619047619,125,42
TOX21_ARE_BLA_Agonist_ratio,0.6246777595500351,0.44736348722756036,0.6920084368408718,0.4567260370283572,0.6211155378486055,0.5007499414108273,0.42934145769861726,502,85
TOX21_p53_BLA_p1_ratio,0.6754559437486267,0.6154471544715447,0.7034497912546693,0.5770599868160844,0.6910569105691058,0.6732366512854318,0.5178642056690838,615,37
TOX21_FXR_BLA_Antagonist_ratio,0.6068222621184919,0.4886295631358468,0.6898862956313585,0.5179233991621783,0.6098144823459007,0.5236684619988031,0.5783961699581089,557,30
TOX21_PPARg_BLA_Antagonist_ratio,0.5736486486486486,0.4477759009009009,0.6104166666666667,0.3902871621621621,0.570045045045045,0.38840090090090085,0.49020270270270266,555,32
TOX21_p53_BLA_p2_ratio,0.6382978723404256,0.47587480218041145,0.6250395639177071,0.5141375065939863,0.655108141375066,0.5325830842271848,0.5448566906980834,605,47
TOX21_p53_BLA_p3_ratio,0.6408770161290323,0.5540574596774194,0.683266129032258,0.546875,0.6746975806451614,0.6082157258064516,0.5373487903225806,620,32
TOX21_p53_BLA_p4_ratio,0.6598989233135575,0.5142166556800704,0.7130301032740057,0.4937596132718084,0.5952977367611514,0.5563172929026587,0.5618545374642936,615,37
TOX21_p53_BLA_p5_ratio,0.5832476624075977,0.5064375581338425,0.6297057815636168,0.5212463895824154,0.6058158319870759,0.6147500856709256,0.5820727468546532,619,33
CLD_CYP1A1_48hr,0.6214574898785425,0.4908906882591093,0.7307692307692307,0.4797570850202429,0.5526315789473684,0.48279352226720645,0.257085020242915,26,19
CLD_CYP1A2_48hr,0.7024291497975709,0.4716599190283401,0.6538461538461539,0.4392712550607287,0.6234817813765182,0.5495951417004048,0.2813765182186235,19,26
CLD_CYP2B6_48hr,0.598,0.616,0.52,0.6,0.512,0.591,0.254,20,25
CLD_CYP3A4_48hr,0.6561264822134387,0.5642292490118577,0.658102766798419,0.5879446640316206,0.3320158102766798,0.5602766798418972,0.35968379446640314,22,23
TOX21_AR_LUC_MDAKB2_Antagonist_0.5nM_R1881,0.6915951595159516,0.6091089108910891,0.7683168316831683,0.5851045104510451,0.6926072607260726,0.651067106710671,0.4491749174917492,505,90
TOX21_AR_LUC_MDAKB2_Agonist_3uM_Nilutamide,0.8364400584795322,0.40309758771929827,0.8608369883040936,0.4524396929824561,0.8294042397660819,0.2893823099415205,0.4059758771929825,576,19
TOX21_AP1_BLA_Agonist_ratio,0.5639705187564963,0.5247330624586601,0.6386657847491259,0.5230322214872909,0.5925540961920062,0.49678730038741375,0.6066332797883398,557,38
TOX21_TSHR_HTRF_Agonist_ratio,0.547816091954023,0.518448275862069,0.5726436781609195,0.5446551724137931,0.5930459770114943,0.582528735632184,0.6498850574712643,580,15
TOX21_CAR_Agonist,0.5351641964545191,0.588055797733217,0.5528431657463916,0.5793374019180471,0.5467402886757726,0.48312021699118474,0.5388937324421197,558,37
TOX21_CAR_Antagonist,0.7788695652173913,0.5639565217391305,0.7505217391304347,0.5094782608695653,0.7048695652173913,0.5884782608695651,0.41252173913043483,575,20
TOX21_ERa_LUC_VM7_Antagonist_0.1nM_E2,0.6465319865319865,0.5855555555555556,0.7324915824915825,0.6250841750841751,0.6504040404040403,0.6031481481481481,0.5278451178451178,540,55
TOX21_ERR_Agonist,0.5935880829015544,0.3799114853195164,0.584412780656304,0.2983592400690846,0.47776338514680483,0.46373056994818657,0.6163644214162348,579,16
TOX21_ERR_Antagonist,0.6289304333659173,0.5299873737373737,0.6539182144020854,0.5839951938742262,0.6062031606386444,0.5078710492016943,0.5224421635711959,496,99
TOX21_HDAC_Inhibition,0.6913684210526316,0.5197894736842106,0.6884210526315789,0.3855087719298246,0.6260350877192983,0.41136842105263155,0.5072280701754386,570,25
TOX21_PGC_ERR_Agonist,0.578692686022529,0.5306996668253213,0.6086784071077265,0.4313422179914326,0.5855148342059338,0.5302237029985721,0.439631921307314,573,22
TOX21_PGC_ERR_Antagonist,0.6003616636528029,0.5554766210281581,0.7022733143890467,0.5725264789460088,0.5731938344958236,0.7011323516748472,0.46753638164126415,553,42
TOX21_ERb_BLA_Antagonist_ratio,0.6350240323804706,0.5359220844927903,0.6832152795345308,0.5823899569946875,0.6464077915507209,0.526957374146218,0.5552112319757146,536,59
TOX21_PR_BLA_Agonist_ratio,0.6620553359683794,0.427713590757069,0.6762693827911219,0.517292490118577,0.6691243539069626,0.30807236242018854,0.4162359379750684,572,23
TOX21_PR_BLA_Antagonist_ratio,0.6876168582375479,0.5189961685823755,0.7414252873563218,0.5292567049808429,0.6719693486590037,0.5684521072796934,0.5094099616858239,450,145
TOX21_PXR_agonist,0.6289637696048216,0.5221474556537223,0.6744743510718444,0.518928498048079,0.6305218820628723,0.5456732415587974,0.4446955687966578,471,124
TOX21_SBE_BLA_Antagonist_ratio,0.6549130434782608,0.570304347826087,0.7009565217391305,0.5418695652173913,0.6689565217391304,0.5410869565217391,0.4484347826086957,575,20
CCTE_Simmons_MITO_basal_resp_rate,0.642,0.657,0.526,0.574,0.5,0.552,0.61,25,20
CCTE_Simmons_MITO_max_resp_rate,0.4264705882352941,0.3602941176470588,0.542016806722689,0.3277310924369748,0.5315126050420168,0.40756302521008403,0.4369747899159664,28,17
BSK_BT_sIgG,0.718266253869969,0.673374613003096,0.826625386996904,0.7213622291021672,0.7213622291021672,0.5402476780185759,0.4674922600619195,19,17
TOX21_AR_BLA_Agonist_ratio,0.7388197767145136,0.41269537480063795,0.7345454545454545,0.5125996810207336,0.745390749601276,0.29387559808612435,0.5071132376395535,627,25
TOX21_AR_BLA_Antagonist_ratio,0.6983716475095786,0.5452107279693487,0.7815852490421455,0.6115062260536398,0.7028496168582374,0.566882183908046,0.5604885057471265,580,72
TOX21_AR_LUC_MDAKB2_Agonist,0.8140356345124928,0.6489533011272142,0.8406316554984157,0.5898394888577216,0.7785569580800998,0.4574307828164771,0.4225235052724534,621,31
TOX21_AR_LUC_MDAKB2_Antagonist_10nM_R1881,0.7504315158899381,0.6630622398213016,0.7841743662639185,0.6230920228788033,0.7519883575320674,0.6910515449961079,0.5732561681388973,603,49
TOX21_Aromatase_Inhibition,0.6981536838403376,0.5384385440478284,0.7445401793564269,0.5285387726393529,0.6829963073676807,0.5625989097942676,0.5167223492175137,605,47
TOX21_ERa_BLA_Agonist_ratio,0.6026898734177215,0.42096518987341774,0.6728639240506329,0.4667721518987341,0.6386075949367089,0.43342563291139236,0.5087816455696202,632,20
TOX21_ERa_BLA_Antagonist_ratio,0.6021094264996704,0.5950340584486926,0.6443419028784882,0.5816523840914085,0.5724016699626456,0.5216216216216216,0.5423862887277522,615,37
TOX21_ERa_LUC_VM7_Agonist,0.5818978669107653,0.5051038806135753,0.5919946742115336,0.4597237247233086,0.5109150925078361,0.5009569776150454,0.5808438046101356,591,61
TOX21_ERa_LUC_VM7_Antagonist_0.5nM_E2,0.7099531615925059,0.6312646370023419,0.7916471506635441,0.6491412958626074,0.7560499609679937,0.6007025761124122,0.5249024199843871,610,42
TOX21_GR_BLA_Agonist_ratio,0.6899953682260306,0.38865215377489576,0.7241315423807319,0.5261232051875868,0.6438165817508106,0.43232978230662344,0.5192218619731357,635,17
TOX21_GR_BLA_Antagonist_ratio,0.7506221060257662,0.5001574951963965,0.8252748291177119,0.5600056698270702,0.6874665322707657,0.6280435946703625,0.5789523419535705,599,53
TOX21_MMP_ratio,0.5665031857813548,0.526984825620389,0.6108316566063045,0.5527330650570087,0.534456740442656,0.5487613179074446,0.5352531857813547,568,84
NVS_ADME_hCYP3A4,0.33253588516746413,0.4868421052631579,0.3181818181818182,0.3086124401913875,0.416267942583732,0.6028708133971291,0.7057416267942583,22,19
NVS_GPCR_hOpiate_mu,0.5347593582887701,0.5414438502673797,0.5668449197860963,0.5080213903743316,0.53475935828877,0.4692513368983957,0.5802139037433155,17,22
NVS_MP_hPBR,0.4281949934123847,0.37285902503293805,0.5744400527009222,0.4565217391304347,0.5177865612648223,0.36758893280632415,0.5322793148880105,23,33
NVS_NR_hER,0.6635135135135135,0.49752252252252255,0.6747747747747748,0.4783783783783784,0.4765765765765766,0.5632882882882884,0.3261261261261261,111,20
NVS_NR_hGR,0.6576704545454546,0.48863636363636365,0.6619318181818182,0.5056818181818182,0.6875,0.5696022727272727,0.5696022727272727,22,32
NVS_NR_hPPARg,0.6948096885813149,0.4522491349480969,0.7204152249134949,0.3840830449826989,0.6643598615916955,0.3425605536332179,0.4823529411764706,85,17
NVS_NR_hPR,0.5627906976744186,0.5162790697674419,0.5131782945736434,0.5015503875968992,0.613953488372093,0.5170542635658915,0.46821705426356586,43,15
NVS_TR_hNET,0.6619047619047619,0.7126984126984127,0.6825396825396826,0.6492063492063492,0.6444444444444445,0.6238095238095238,0.7015873015873015,21,30
cell_type__umbilical_vein_endothelium_and_peripheral_blood_mononuclear_cells,0.6717309440332424,0.6968575509674069,0.7947019867549668,0.690040254512401,0.6821192052980133,0.666926373198286,0.5588884560446696,151,51
cell_type__HepG2,0.7933591231463571,0.7511863313990974,0.8544165054803353,0.7887040618955513,0.7940296582849773,0.764629271437782,0.5086911669890394,517,150
cell_type__HEK293T,0.7876802507836991,0.7281504702194357,0.8646081504702194,0.7568730407523511,0.7628526645768025,0.724216300940439,0.47057993730407527,550,116
cell_type__HEK293,0.7466677182743119,0.6767883902515971,0.8187685674474854,0.707160133554171,0.7415542760995874,0.7123524463022846,0.49432131871598706,409,186
cell_type__HeLa,0.7801188973063973,0.7137126473063973,0.8101062710437711,0.7505655513468014,0.7588909932659932,0.7344933712121211,0.4544402356902357,594,64
cell_type__HCT116,0.7219809053425352,0.6257469186161886,0.8038498004542147,0.6721385575375388,0.714660551672436,0.6437501378078627,0.49363878905474823,589,77
cell_type__ME-180,0.7741812642802742,0.7127009259630417,0.8344289894576502,0.7050346735078367,0.7363009580310258,0.7209784743656552,0.49136168677596503,494,101
cell_type__H295R,0.5637254901960784,0.5273692810457516,0.5931372549019608,0.5159313725490197,0.6062091503267975,0.42075163398692816,0.5686274509803921,72,17
cell_type__MDA-kb2,0.7881149873251824,0.7437876148924796,0.8328476090292987,0.7639466105640725,0.792581351635655,0.7393816068564728,0.4746934763489627,563,103
cell_type__22Rv1,0.6881496881496881,0.64998514998515,0.7668547668547668,0.6541431541431542,0.7036927036927036,0.6563706563706564,0.4421344421344421,111,91
cell_type__T47D,0.6448618948618948,0.5281036531036531,0.6926046926046926,0.5606623106623106,0.5993465993465994,0.5699806949806949,0.5145530145530146,182,74
cell_type__VM7,0.7389621163240851,0.6992902571665591,0.7872061941192736,0.7264909208221956,0.7288598027467968,0.719310535533229,0.4983685132270256,571,95
cell_type__ERR-HEK293T,0.7682696104237957,0.6812483548302185,0.8531521453013952,0.7264822979731508,0.7488154777573047,0.6728333113977363,0.5195117136088444,464,131
cell_type__PGC/ERR_HEK293T,0.7792126419945968,0.7114783712528073,0.8504377827686098,0.7535559678416821,0.7583081079321681,0.666723627249943,0.5362594798685024,462,133
cell_type__PR-UAS-bla-HEK293T,0.7382422169916063,0.7185792956432917,0.8246658080561353,0.7500555136119377,0.7274947817204779,0.7105298219123328,0.5247368654794156,506,89
cell_type__MCF7,0.7391311640389131,0.6953874538745387,0.8123448507212345,0.7339734988258974,0.7357598121435759,0.722609862462261,0.48460248238846027,542,110
tissue__vascular,0.6853846153846154,0.6787179487179488,0.7833333333333333,0.6718589743589743,0.6514102564102564,0.6264102564102565,0.5291025641025641,150,52
tissue__liver,0.7933591231463571,0.7511863313990974,0.8544165054803353,0.7887040618955513,0.7940296582849773,0.764629271437782,0.5086911669890394,517,150
tissue__kidney,0.7870981630309989,0.7242824339839266,0.8597876004592423,0.756924512055109,0.767644948335247,0.6989021239954076,0.4527554535017222,536,130
tissue__cervix,0.7711168136631229,0.698693205097794,0.8296853772669441,0.7360425247450024,0.7690035149763872,0.7188557997110389,0.44525909473184827,587,79
tissue__intestinal,0.7186413043478261,0.6212952898550724,0.8067572463768116,0.6376811594202898,0.7314673913043479,0.6646920289855072,0.571159420289855,552,100
tissue__breast,0.7431693989071039,0.7046787687938008,0.8125713932882591,0.7076425550307184,0.7565064369732333,0.702417338149486,0.4481491772405915,549,118
tissue__prostate,0.6881496881496881,0.64998514998515,0.7668547668547668,0.6541431541431542,0.7036927036927036,0.6563706563706564,0.4421344421344421,111,91
tissue__adrenal_gland,0.5637254901960784,0.5273692810457516,0.5931372549019608,0.5159313725490197,0.6062091503267975,0.42075163398692816,0.5686274509803921,72,17
