measure,group,n_compounds,mean_benefit,ci_lo,ci_hi,mean_benefit_rest,p,q
benefit,Biochemical Assay Reagents,18,0.1837903856979002,0.1336106373211214,0.23552507419762445,0.1008801705141367,0.002285408189511033,0.08684551120141926
benefit,5-HT Receptor,35,0.062161607974842464,0.03348514634657472,0.09037586832282236,0.1039387457688983,0.016108229167489642,0.21770392317237117
benefit,Endogenous Metabolite,88,0.12423494513030438,0.10232581983142919,0.1455139958042972,0.10023912690033829,0.020145287739804507,0.21770392317237117
benefit,EGFR,11,0.04171300453055957,0.01182153844990029,0.0843169561081884,0.10312438276453156,0.022916202439196964,0.21770392317237117
benefit,Bacterial,150,0.11659585355564825,0.09929567498783694,0.13084848534445015,0.09982015999585361,0.030630107480358864,0.2327888168507274
benefit,COX,41,0.1300199186262397,0.10464310663544098,0.15769628180910972,0.10120195883923024,0.03841086810319307,0.2432688313202228
benefit,SARS-CoV,15,0.05553597423309536,0.017785251087770834,0.09515850743137076,0.10316465717819912,0.08977610540180259,0.4873560007526426
benefit,PDGFR,10,0.057001623639660604,0.018706384377673056,0.10399205166526773,0.10290022212716234,0.12236366684074296,0.5476585502930008
benefit,Antibiotic,113,0.11241962620764002,0.09574652960349224,0.12954790655924295,0.10110106779425614,0.12970860401676335,0.5476585502930008
benefit,Ferroptosis,15,0.06706617951490866,0.024211752574187874,0.1119095994337712,0.10298279274157746,0.15682309814401824,0.5614903359134676
benefit,VEGFR,16,0.07112705990982628,0.037884632178083154,0.11071715525207024,0.1029522059277964,0.18877077946168164,0.5614903359134676
benefit,Topoisomerase,10,0.06031320382693846,0.010855261117013251,0.1109541541287466,0.10286558216704436,0.18954186940391082,0.5614903359134676
benefit,Potassium Channel,25,0.12650841766752552,0.08723297757943223,0.16323246160000077,0.10178524776649912,0.19208879912829158,0.5614903359134676
benefit,Adrenergic Receptor,32,0.08072955686373538,0.04206554665799453,0.11846640054461358,0.10316839697036859,0.22648418947649762,0.5808837551286388
benefit,Histamine Receptor,21,0.12310189458686864,0.08825152978316214,0.15914801029762954,0.10196559661760798,0.24186240258383374,0.5808837551286388
benefit,Estrogen Receptor/ERR,10,0.06490659964859202,0.008792481272133137,0.12223019858283042,0.1028175340935961,0.2533809562621564,0.5808837551286388
benefit,Mitophagy,15,0.12264061302072614,0.08862832085300157,0.15702618912117558,0.10210622438975069,0.2598690483470226,0.5808837551286388
benefit,Autophagy,129,0.09295026679807207,0.07815434405373553,0.1074439368919808,0.10388535743490143,0.2901015886355538,0.6124366871195025
benefit,GABA Receptor,15,0.1303697350470702,0.08077600380683737,0.18390256621404966,0.10198431394769479,0.3400070446699476,0.6473125091140424
benefit,Reactive Oxygen Species,16,0.07524455224261464,0.027955523069730037,0.11805828320783787,0.10288285868850733,0.3406907942705486,0.6473125091140424
benefit,HIV,34,0.08977905970080678,0.0567373720257588,0.125066716430792,0.10288641691001756,0.37101707035667353,0.6492623249688565
benefit,Nucleoside Antimetabolite/Analog,12,0.12358256855320221,0.08025141485620768,0.17257984246626534,0.10215894944164086,0.37588871445565375,0.6492623249688565
benefit,Parasite,53,0.10809735606232976,0.08490849392319999,0.13087289556922854,0.1020958036348963,0.44521507308085295,0.735572729437931
benefit,Cytochrome P450,28,0.09074847959135346,0.0557024627489501,0.1280530011916779,0.1027736366326289,0.5157451430084571,0.7580153939516734
benefit,DNA Alkylator/Crosslinker,10,0.09243900924541162,0.022972543150404305,0.17034325225858724,0.10252953817731139,0.5182802119688446,0.7580153939516734
benefit,NF-κB,13,0.11290883175472415,0.06999655279268778,0.1562525873560568,0.10228207111978213,0.5575495510759965,0.7580153939516734
benefit,Dopamine Receptor,23,0.08692263884188689,0.06001662421924317,0.11894494066267623,0.10280318971007466,0.5600181406152456,0.7580153939516734
benefit,Androgen Receptor,10,0.0780517065435045,0.011353611836924462,0.1458472218542961,0.10268003297544849,0.5716139915714622,0.7580153939516734
benefit,Fungal,45,0.09103392049472343,0.06061121859384916,0.1210848132747751,0.10298165273366042,0.5950036780724766,0.7580153939516734
benefit,DNA/RNA Synthesis,21,0.09881843169100439,0.056183316037532044,0.14611013445398033,0.10250522912640497,0.5984332057513211,0.7580153939516734
benefit,mAChR,12,0.09064976369707851,0.033509337307048276,0.14956830619836173,0.10257319855932795,0.6690942071178589,0.8201799958218916
benefit,PPAR,10,0.10997267822165883,0.0530300975223491,0.16986929313453955,0.10234613159806194,0.7406636481468649,0.8558600717545849
benefit,Phosphodiesterase (PDE),10,0.10752213429326148,0.021419508897815274,0.19988539119395446,0.10237176490275228,0.7432469044184553,0.8558600717545849
benefit,Calcium Channel,28,0.09878752527957237,0.06577747691392616,0.13263412834444768,0.10253366511954773,0.7957905741652045,0.8677480674473526
benefit,Influenza Virus,11,0.09819919398497774,0.037215807177394145,0.1636423787593898,0.10247375649856444,0.79924164106993,0.8677480674473526
benefit,Reverse Transcriptase,14,0.11715125798821553,0.056465429854257836,0.17997270730500936,0.10220851993500923,0.8571846618924269,0.9048060319975618
benefit,Apoptosis,142,0.09964323446602531,0.08573789819298215,0.11682817760649532,0.10290447730071385,0.9175176208542947,0.9423153943908972
benefit,Sodium Channel,22,0.09990242281113476,0.06463530546308763,0.13456567033198738,0.10248387212724452,0.9947575289504043,0.9947575289504043
