baseline,by,group,n_in_group,n_adv_in_group,n_adv_out,n_out,frac_adv_in,frac_adv_out,odds_ratio,p,q
vs_strong_cc,assay_design_type,cytotoxicity burst,24,17,37,157,0.7083333333333334,0.2356687898089172,7.876447876447877,9.536144731809511e-06,3.8144578927238044e-05
vs_strong_cc,assay_design_type,viability reporter,7,4,50,174,0.5714285714285714,0.28735632183908044,3.3066666666666666,0.11951005284983536,0.23902010569967072
vs_strong_cc,assay_design_type,binding reporter,40,9,45,141,0.225,0.3191489361702128,0.6193548387096774,0.9129688675595484,0.9964769476610499
vs_strong_cc,assay_design_type,inducible reporter,103,23,31,78,0.22330097087378642,0.3974358974358974,0.43588709677419357,0.9964769476610499,0.9964769476610499
vs_strong_cc,assay_mode,antagonist-mode,15,8,46,166,0.5333333333333333,0.27710843373493976,2.981366459627329,0.04133553855852488,0.12400661567557464
vs_strong_cc,assay_mode,agonist-mode,15,7,47,166,0.4666666666666667,0.28313253012048195,2.2154255319148937,0.11819673865226377,0.17729510797839565
vs_strong_cc,assay_mode,other,151,39,15,30,0.2582781456953642,0.5,0.3482142857142857,0.9972176179592721,0.9972176179592721
vs_strong_cc,assay_target_family,cytotoxicity,24,17,37,157,0.7083333333333334,0.2356687898089172,7.876447876447877,9.536144731809511e-06,8.58253025862856e-05
vs_strong_cc,assay_target_family,cell adhesion molecules,6,5,49,175,0.8333333333333334,0.28,12.857142857142858,0.009517523553676153,0.042828855991542694
vs_strong_cc,assay_target_family,transporter,8,3,51,173,0.375,0.2947976878612717,1.4352941176470588,0.44463548262443864,1.0
vs_strong_cc,assay_target_family,nuclear receptor,47,13,41,134,0.2765957446808511,0.30597014925373134,0.8672883787661406,0.710561031075662,1.0
vs_strong_cc,assay_target_family,cytokine,16,4,50,165,0.25,0.30303030303030304,0.7666666666666667,0.7613737928323171,1.0
vs_strong_cc,assay_target_family,dna binding,21,5,49,160,0.23809523809523808,0.30625,0.7079081632653061,0.8130508189092497,1.0
vs_strong_cc,assay_target_family,cell morphology,5,1,53,176,0.2,0.30113636363636365,0.5801886792452831,0.8339596286304662,1.0
vs_strong_cc,assay_target_family,steroid hormone,10,1,53,171,0.1,0.30994152046783624,0.24737945492662475,0.9741003081484525,1.0
vs_strong_cc,assay_target_family,cyp,17,0,54,164,0.0,0.32926829268292684,0.0,1.0,1.0
vs_strong_cc,category,cytotox,24,17,37,157,0.7083333333333334,0.2356687898089172,7.876447876447877,9.536144731809511e-06,2.8608434195428534e-05
vs_strong_cc,category,cellbased,147,36,18,34,0.24489795918367346,0.5294117647058824,0.2882882882882883,0.9996130698487676,1.0
vs_strong_cc,category,cellfree,8,0,54,173,0.0,0.31213872832369943,0.0,1.0,1.0
vs_strong_cc,cell_short_name,HCT116,6,4,50,175,0.6666666666666666,0.2857142857142857,5.0,0.06585516051024554,0.2881486251298163
vs_strong_cc,cell_short_name,umbilical vein endothelium,14,7,47,167,0.5,0.281437125748503,2.5531914893617023,0.08232817860851895,0.2881486251298163
vs_strong_cc,cell_short_name,HEK293T,15,5,49,166,0.3333333333333333,0.29518072289156627,1.1938775510204083,0.48054747964973726,0.8409580893870403
vs_strong_cc,cell_short_name,umbilical vein endothelium and peripheral blood mononuclear cells,15,5,49,166,0.3333333333333333,0.29518072289156627,1.1938775510204083,0.48054747964973726,0.8409580893870403
vs_strong_cc,cell_short_name,H295R,10,1,53,171,0.1,0.30994152046783624,0.24737945492662475,0.9741003081484525,0.9997128777266429
vs_strong_cc,cell_short_name,HepaRG,30,3,51,151,0.1,0.33774834437086093,0.2178649237472767,0.9989162247540841,0.9997128777266429
vs_strong_cc,cell_short_name,HepG2,28,2,52,153,0.07142857142857142,0.33986928104575165,0.14940828402366865,0.9997128777266429,0.9997128777266429
vs_strong_cc,tissue,intestinal,6,4,50,175,0.6666666666666666,0.2857142857142857,5.0,0.06585516051024554,0.309595882523593
vs_strong_cc,tissue,breast,9,5,49,172,0.5555555555555556,0.28488372093023256,3.1377551020408165,0.09127448213853899,0.309595882523593
vs_strong_cc,tissue,vascular,33,13,41,148,0.3939393939393939,0.27702702702702703,1.696341463414634,0.13268394965296842,0.309595882523593
vs_strong_cc,tissue,cervix,5,2,52,176,0.4,0.29545454545454547,1.5897435897435896,0.469480764648563,0.8215913381349853
vs_strong_cc,tissue,kidney,22,6,48,159,0.2727272727272727,0.3018867924528302,0.8671875,0.6943441925096512,0.9720818695135116
vs_strong_cc,tissue,adrenal gland,10,1,53,171,0.1,0.30994152046783624,0.24737945492662475,0.9741003081484525,0.9999995687698314
vs_strong_cc,tissue,liver,64,6,48,117,0.09375,0.41025641025641024,0.14870689655172414,0.9999995687698314,0.9999995687698314
vs_scalar_cc,assay_design_type,cytotoxicity burst,24,20,39,157,0.8333333333333334,0.2484076433121019,15.128205128205128,5.232896618484061e-08,2.0931586473936244e-07
vs_scalar_cc,assay_design_type,viability reporter,7,4,55,174,0.5714285714285714,0.3160919540229885,2.8848484848484848,0.15778011597666874,0.3155602319533375
vs_scalar_cc,assay_design_type,binding reporter,40,8,51,141,0.2,0.3617021276595745,0.4411764705882353,0.9853105019536548,0.9981491645953398
vs_scalar_cc,assay_design_type,inducible reporter,103,25,34,78,0.24271844660194175,0.4358974358974359,0.41478129713423834,0.9981491645953398,0.9981491645953398
vs_scalar_cc,assay_mode,antagonist-mode,15,10,49,166,0.6666666666666666,0.29518072289156627,4.775510204081633,0.005130157497581163,0.015390472492743489
vs_scalar_cc,assay_mode,agonist-mode,15,6,53,166,0.4,0.3192771084337349,1.421383647798742,0.3539752062620857,0.5309628093931286
vs_scalar_cc,assay_mode,other,151,43,16,30,0.2847682119205298,0.5333333333333333,0.34837962962962965,0.997400627577174,0.997400627577174
vs_scalar_cc,assay_target_family,cytotoxicity,24,20,39,157,0.8333333333333334,0.2484076433121019,15.128205128205128,5.232896618484061e-08,4.709606956635655e-07
vs_scalar_cc,assay_target_family,cell morphology,5,3,56,176,0.6,0.3181818181818182,3.2142857142857144,0.19624582670223897,0.8831062201600755
vs_scalar_cc,assay_target_family,cell adhesion molecules,6,3,56,175,0.5,0.32,2.125,0.30309502316215664,0.9092850694864699
vs_scalar_cc,assay_target_family,nuclear receptor,47,16,43,134,0.3404255319148936,0.3208955223880597,1.0922730682670667,0.47009675611693563,0.9991744705538144
vs_scalar_cc,assay_target_family,cytokine,16,5,54,165,0.3125,0.32727272727272727,0.9343434343434344,0.6459071331927022,0.9991744705538144
vs_scalar_cc,assay_target_family,dna binding,21,5,54,160,0.23809523809523808,0.3375,0.6134259259259259,0.8792660700991115,0.9991744705538144
vs_scalar_cc,assay_target_family,transporter,8,1,58,173,0.125,0.3352601156069364,0.2832512315270936,0.9605724525876036,0.9991744705538144
vs_scalar_cc,assay_target_family,steroid hormone,10,1,58,171,0.1,0.3391812865497076,0.2164750957854406,0.9829309831373003,0.9991744705538144
vs_scalar_cc,assay_target_family,cyp,17,1,58,164,0.058823529411764705,0.35365853658536583,0.11422413793103449,0.9991744705538144,0.9991744705538144
vs_scalar_cc,category,cytotox,24,20,39,157,0.8333333333333334,0.2484076433121019,15.128205128205128,5.232896618484061e-08,1.5698689855452185e-07
vs_scalar_cc,category,cellbased,147,37,22,34,0.25170068027210885,0.6470588235294118,0.1834710743801653,0.9999966863189937,1.0
vs_scalar_cc,category,cellfree,8,0,59,173,0.0,0.34104046242774566,0.0,1.0,1.0
vs_scalar_cc,cell_short_name,umbilical vein endothelium,14,6,53,167,0.42857142857142855,0.31736526946107785,1.6132075471698113,0.2827988117012217,0.999962266742143
vs_scalar_cc,cell_short_name,umbilical vein endothelium and peripheral blood mononuclear cells,15,6,53,166,0.4,0.3192771084337349,1.421383647798742,0.3539752062620857,0.999962266742143
vs_scalar_cc,cell_short_name,HCT116,6,2,57,175,0.3333333333333333,0.32571428571428573,1.0350877192982457,0.637701717339267,0.999962266742143
vs_scalar_cc,cell_short_name,HEK293T,15,4,55,166,0.26666666666666666,0.3313253012048193,0.7338842975206612,0.784187165029989,0.999962266742143
vs_scalar_cc,cell_short_name,HepG2,28,5,54,153,0.17857142857142858,0.35294117647058826,0.39855072463768115,0.982650766343688,0.999962266742143
vs_scalar_cc,cell_short_name,H295R,10,1,58,171,0.1,0.3391812865497076,0.2164750957854406,0.9829309831373003,0.999962266742143
vs_scalar_cc,cell_short_name,HepaRG,30,2,57,151,0.06666666666666667,0.37748344370860926,0.11779448621553884,0.999962266742143,0.999962266742143
vs_scalar_cc,tissue,breast,9,7,52,172,0.7777777777777778,0.3023255813953488,8.076923076923077,0.005966937548635488,0.04176856284044842
vs_scalar_cc,tissue,vascular,33,12,47,148,0.36363636363636365,0.31756756756756754,1.2279635258358663,0.375032803760247,0.9999905316356225
vs_scalar_cc,tissue,kidney,22,7,52,159,0.3181818181818182,0.3270440251572327,0.9602564102564103,0.6198143162794796,0.9999905316356225
vs_scalar_cc,tissue,intestinal,6,2,57,175,0.3333333333333333,0.32571428571428573,1.0350877192982457,0.637701717339267,0.9999905316356225
vs_scalar_cc,tissue,cervix,5,1,58,176,0.2,0.32954545454545453,0.5086206896551724,0.8646189007467324,0.9999905316356225
vs_scalar_cc,tissue,adrenal gland,10,1,58,171,0.1,0.3391812865497076,0.2164750957854406,0.9829309831373003,0.9999905316356225
vs_scalar_cc,tissue,liver,64,9,50,117,0.140625,0.42735042735042733,0.21927272727272729,0.9999905316356225,0.9999905316356225
