endpoint_id,stratum,n_active,n_nonhit,active_rate,scalar_cc_AUROC,strong_cc_AUROC,full_AUROC
ACEA_AR_agonist_80hr,applies,3,88,0.03296703296703297,,,
ACEA_AR_agonist_80hr,not_applicable,10,101,0.09009009009009009,0.5316831683168317,0.31386138613861386,0.6108910891089109
ACEA_AR_antagonist_80hr,applies,3,88,0.03296703296703297,,,
ACEA_AR_antagonist_80hr,not_applicable,7,104,0.06306306306306306,,,
ACEA_ER_80hr,applies,3,71,0.04054054054054054,,,
ACEA_ER_80hr,not_applicable,17,165,0.09340659340659341,0.571301247771836,0.7204991087344028,0.8224598930481284
APR_HepG2_CellCycleArrest_24hr,applies,2,47,0.04081632653061224,,,
APR_HepG2_CellCycleArrest_24hr,not_applicable,4,111,0.034782608695652174,,,
APR_HepG2_CellLoss_24hr,applies,7,42,0.14285714285714285,,,
APR_HepG2_CellLoss_24hr,not_applicable,7,108,0.06086956521739131,,,
APR_HepG2_MicrotubuleCSK_24hr,applies,4,45,0.08163265306122448,,,
APR_HepG2_MicrotubuleCSK_24hr,not_applicable,2,113,0.017391304347826087,,,
APR_HepG2_MitoMass_24hr,applies,4,45,0.08163265306122448,,,
APR_HepG2_MitoMass_24hr,not_applicable,2,113,0.017391304347826087,,,
APR_HepG2_MitoMembPot_24hr,applies,4,45,0.08163265306122448,,,
APR_HepG2_MitoMembPot_24hr,not_applicable,7,108,0.06086956521739131,,,
APR_HepG2_MitoticArrest_24hr,applies,5,44,0.10204081632653061,,,
APR_HepG2_MitoticArrest_24hr,not_applicable,3,112,0.02608695652173913,,,
APR_HepG2_P-H2AX_24hr,applies,2,47,0.04081632653061224,,,
APR_HepG2_P-H2AX_24hr,not_applicable,4,111,0.034782608695652174,,,
APR_HepG2_p53Act_24hr,applies,1,48,0.02040816326530612,,,
APR_HepG2_p53Act_24hr,not_applicable,5,110,0.043478260869565216,,,
ATG_AP_1_CIS,applies,11,63,0.14864864864864866,0.36363636363636365,0.45454545454545453,0.2582972582972583
ATG_AP_1_CIS,not_applicable,14,210,0.0625,0.5744897959183674,0.46258503401360546,0.6632653061224489
ATG_AP_2_CIS,applies,3,71,0.04054054054054054,,,
ATG_AP_2_CIS,not_applicable,0,224,0.0,,,
ATG_Ahr_CIS,applies,5,69,0.06756756756756757,,,
ATG_Ahr_CIS,not_applicable,24,200,0.10714285714285714,0.5246875,0.46020833333333333,0.6435416666666667
ATG_BRE_CIS,applies,10,64,0.13513513513513514,0.525,0.6625,0.5328125
ATG_BRE_CIS,not_applicable,10,214,0.044642857142857144,0.31565420560747665,0.4672897196261682,0.4873831775700935
ATG_CRE_CIS,applies,7,67,0.0945945945945946,,,
ATG_CRE_CIS,not_applicable,7,217,0.03125,,,
ATG_C_EBP_CIS,applies,4,70,0.05405405405405406,,,
ATG_C_EBP_CIS,not_applicable,6,218,0.026785714285714284,,,
ATG_DR4_LXR_CIS,applies,17,57,0.22972972972972974,0.4674922600619195,0.5366357069143447,0.47471620227038186
ATG_DR4_LXR_CIS,not_applicable,9,215,0.04017857142857143,,,
ATG_DR5_RAR_CIS,applies,8,66,0.10810810810810811,,,
ATG_DR5_RAR_CIS,not_applicable,10,214,0.044642857142857144,0.37616822429906543,0.6182242990654205,0.6995327102803738
ATG_EGR_CIS,applies,13,61,0.17567567567567569,0.5586380832282472,0.5838587641866331,0.5283732660781841
ATG_EGR_CIS,not_applicable,6,218,0.026785714285714284,,,
ATG_ERE_CIS,applies,14,60,0.1891891891891892,0.42916666666666664,0.6285714285714286,0.5083333333333333
ATG_ERE_CIS,not_applicable,48,176,0.21428571428571427,0.5246212121212122,0.44187973484848486,0.43797348484848486
ATG_E_Box_CIS,applies,5,69,0.06756756756756757,,,
ATG_E_Box_CIS,not_applicable,3,221,0.013392857142857142,,,
ATG_Ets_CIS,applies,4,70,0.05405405405405406,,,
ATG_Ets_CIS,not_applicable,2,222,0.008928571428571428,,,
ATG_FoxA2_CIS,applies,2,72,0.02702702702702703,,,
ATG_FoxA2_CIS,not_applicable,3,221,0.013392857142857142,,,
ATG_GRE_CIS,applies,2,72,0.02702702702702703,,,
ATG_GRE_CIS,not_applicable,4,220,0.017857142857142856,,,
ATG_HIF1a_CIS,applies,10,64,0.13513513513513514,0.534375,0.621875,0.478125
ATG_HIF1a_CIS,not_applicable,13,211,0.05803571428571429,0.5960627050674444,0.47612103536274153,0.6616842872767044
ATG_HSE_CIS,applies,4,70,0.05405405405405406,,,
ATG_HSE_CIS,not_applicable,5,219,0.022321428571428572,,,
ATG_IR1_CIS,applies,8,66,0.10810810810810811,,,
ATG_IR1_CIS,not_applicable,4,220,0.017857142857142856,,,
ATG_ISRE_CIS,applies,12,62,0.16216216216216217,0.4643817204301075,0.5645161290322581,0.6182795698924731
ATG_ISRE_CIS,not_applicable,2,222,0.008928571428571428,,,
ATG_MRE_CIS,applies,16,58,0.21621621621621623,0.5323275862068966,0.6228448275862069,0.5107758620689655
ATG_MRE_CIS,not_applicable,13,211,0.05803571428571429,0.3971928545388261,0.5967918337586584,0.8188115202333212
ATG_Myc_CIS,applies,5,69,0.06756756756756757,,,
ATG_Myc_CIS,not_applicable,0,224,0.0,,,
ATG_NFI_CIS,applies,3,71,0.04054054054054054,,,
ATG_NFI_CIS,not_applicable,2,222,0.008928571428571428,,,
ATG_NF_kB_CIS,applies,4,70,0.05405405405405406,,,
ATG_NF_kB_CIS,not_applicable,4,220,0.017857142857142856,,,
ATG_NRF1_CIS,applies,3,71,0.04054054054054054,,,
ATG_NRF1_CIS,not_applicable,1,223,0.004464285714285714,,,
ATG_NRF2_ARE_CIS,applies,33,41,0.44594594594594594,0.6374722838137472,0.7280118255728012,0.5890613451589062
ATG_NRF2_ARE_CIS,not_applicable,36,188,0.16071428571428573,0.5399674940898345,0.45271867612293143,0.612145390070922
ATG_Oct_MLP_CIS,applies,17,57,0.22972972972972974,0.6295149638802889,0.6006191950464397,0.4984520123839009
ATG_Oct_MLP_CIS,not_applicable,13,211,0.05803571428571429,0.5269777615749179,0.43492526430915057,0.6496536638716733
ATG_PBREM_CIS,applies,7,67,0.0945945945945946,,,
ATG_PBREM_CIS,not_applicable,15,209,0.06696428571428571,0.5952153110047846,0.49984051036682614,0.6363636363636364
ATG_PPRE_CIS,applies,14,60,0.1891891891891892,0.48333333333333334,0.6630952380952381,0.4869047619047619
ATG_PPRE_CIS,not_applicable,33,191,0.14732142857142858,0.44113914009201965,0.5049976201808662,0.6024115500555292
ATG_PXRE_CIS,applies,40,34,0.5405405405405406,0.5705882352941176,0.6051470588235294,0.6573529411764706
ATG_PXRE_CIS,not_applicable,102,122,0.45535714285714285,0.4576904532304725,0.5392156862745098,0.6181292189006751
ATG_Pax6_CIS,applies,12,62,0.16216216216216217,0.46639784946236557,0.3924731182795699,0.5
ATG_Pax6_CIS,not_applicable,4,220,0.017857142857142856,,,
ATG_RORE_CIS,applies,11,63,0.14864864864864866,0.5194805194805194,0.6291486291486291,0.6435786435786436
ATG_RORE_CIS,not_applicable,8,216,0.03571428571428571,,,
ATG_SREBP_CIS,applies,14,60,0.1891891891891892,0.569047619047619,0.5976190476190476,0.5964285714285714
ATG_SREBP_CIS,not_applicable,7,217,0.03125,,,
ATG_Sox_CIS,applies,2,72,0.02702702702702703,,,
ATG_Sox_CIS,not_applicable,2,222,0.008928571428571428,,,
ATG_Sp1_CIS,applies,3,71,0.04054054054054054,,,
ATG_Sp1_CIS,not_applicable,2,222,0.008928571428571428,,,
ATG_TCF_b_cat_CIS,applies,16,58,0.21621621621621623,0.6239224137931034,0.552801724137931,0.5290948275862069
ATG_TCF_b_cat_CIS,not_applicable,5,219,0.022321428571428572,,,
ATG_TGFb_CIS,applies,1,73,0.013513513513513514,,,
ATG_TGFb_CIS,not_applicable,3,221,0.013392857142857142,,,
ATG_VDRE_CIS,applies,30,44,0.40540540540540543,0.5106060606060606,0.5863636363636363,0.5280303030303031
ATG_VDRE_CIS,not_applicable,32,192,0.14285714285714285,0.5501302083333334,0.54345703125,0.65966796875
ATG_Xbp1_CIS,applies,10,64,0.13513513513513514,0.64296875,0.5390625,0.3265625
ATG_Xbp1_CIS,not_applicable,2,222,0.008928571428571428,,,
ATG_p53_CIS,applies,11,63,0.14864864864864866,0.5627705627705628,0.5396825396825397,0.3953823953823954
ATG_p53_CIS,not_applicable,6,218,0.026785714285714284,,,
BSK_3C_Eselectin,applies,4,48,0.07692307692307693,,,
BSK_3C_Eselectin,not_applicable,13,137,0.08666666666666667,0.4643458731049972,0.5480067377877597,0.7377877596855699
BSK_3C_HLADR,applies,8,44,0.15384615384615385,,,
BSK_3C_HLADR,not_applicable,31,119,0.20666666666666667,0.4381946326917864,0.4798048251558688,0.7023583626999187
BSK_3C_IL8,applies,4,48,0.07692307692307693,,,
BSK_3C_IL8,not_applicable,11,139,0.07333333333333333,0.5366252452583388,0.3760627861347286,0.6154349247874428
BSK_3C_MCP1,applies,4,48,0.07692307692307693,,,
BSK_3C_MCP1,not_applicable,13,137,0.08666666666666667,0.49550814149354294,0.4132509825940483,0.80235822571589
BSK_3C_Proliferation,applies,15,37,0.28846153846153844,0.6486486486486487,0.5207207207207207,0.44144144144144143
BSK_3C_Proliferation,not_applicable,40,110,0.26666666666666666,0.48556818181818184,0.4677272727272727,0.7570454545454546
BSK_3C_SRB,applies,11,41,0.21153846153846154,0.7139689578713969,0.5121951219512195,0.45454545454545453
BSK_3C_SRB,not_applicable,22,128,0.14666666666666667,0.45703125,0.4470880681818182,0.7755681818181818
BSK_3C_Thrombomodulin,applies,2,50,0.038461538461538464,,,
BSK_3C_Thrombomodulin,not_applicable,2,148,0.013333333333333334,,,
BSK_3C_TissueFactor,applies,7,45,0.1346153846153846,,,
BSK_3C_TissueFactor,not_applicable,12,138,0.08,0.446256038647343,0.644927536231884,0.717391304347826
BSK_3C_VCAM1,applies,3,49,0.057692307692307696,,,
BSK_3C_VCAM1,not_applicable,9,141,0.06,,,
BSK_3C_uPAR,applies,4,48,0.07692307692307693,,,
BSK_3C_uPAR,not_applicable,21,129,0.14,0.42321889996308604,0.5662606127722407,0.8047249907715024
BSK_4H_Eotaxin3,applies,4,48,0.07692307692307693,,,
BSK_4H_Eotaxin3,not_applicable,22,128,0.14666666666666667,0.384765625,0.4580965909090909,0.66796875
BSK_4H_MCP1,applies,15,37,0.28846153846153844,0.5945945945945946,0.4846846846846847,0.5873873873873874
BSK_4H_MCP1,not_applicable,16,134,0.10666666666666667,0.4822761194029851,0.42350746268656714,0.6716417910447762
BSK_4H_Pselectin,applies,8,44,0.15384615384615385,,,
BSK_4H_Pselectin,not_applicable,12,138,0.08,0.5621980676328503,0.5108695652173914,0.7143719806763285
BSK_4H_SRB,applies,5,47,0.09615384615384616,,,
BSK_4H_SRB,not_applicable,17,133,0.11333333333333333,0.4026979212737727,0.4834144183989385,0.8098186643078283
BSK_4H_VCAM1,applies,6,46,0.11538461538461539,,,
BSK_4H_VCAM1,not_applicable,17,133,0.11333333333333333,0.4820875718708536,0.5090667846085802,0.7921273772666961
BSK_4H_VEGFRII,applies,7,45,0.1346153846153846,,,
BSK_4H_VEGFRII,not_applicable,5,145,0.03333333333333333,,,
BSK_4H_uPAR,applies,5,47,0.09615384615384616,,,
BSK_4H_uPAR,not_applicable,21,129,0.14,0.4483204134366925,0.5175341454411222,0.8043558508674787
BSK_BT_Bcell_Proliferation,applies,1,12,0.07692307692307693,,,
BSK_BT_Bcell_Proliferation,not_applicable,6,17,0.2608695652173913,,,
BSK_BT_sIgG,applies,9,4,0.6923076923076923,,,
BSK_BT_sIgG,not_applicable,8,15,0.34782608695652173,,,
BSK_BT_xIL17A,applies,5,8,0.38461538461538464,,,
BSK_BT_xIL17A,not_applicable,2,21,0.08695652173913043,,,
BSK_BT_xIL17F,applies,4,9,0.3076923076923077,,,
BSK_BT_xIL17F,not_applicable,5,18,0.21739130434782608,,,
BSK_BT_xIL2,applies,2,11,0.15384615384615385,,,
BSK_BT_xIL2,not_applicable,4,19,0.17391304347826086,,,
BSK_BT_xIL6,applies,2,11,0.15384615384615385,,,
BSK_BT_xIL6,not_applicable,3,20,0.13043478260869565,,,
BSK_BT_xTNFa,applies,1,12,0.07692307692307693,,,
BSK_BT_xTNFa,not_applicable,4,19,0.17391304347826086,,,
BSK_CASM3C_HLADR,applies,3,49,0.057692307692307696,,,
BSK_CASM3C_HLADR,not_applicable,6,144,0.04,,,
BSK_CASM3C_IL6,applies,5,47,0.09615384615384616,,,
BSK_CASM3C_IL6,not_applicable,8,142,0.05333333333333334,,,
BSK_CASM3C_LDLR,applies,6,46,0.11538461538461539,,,
BSK_CASM3C_LDLR,not_applicable,9,141,0.06,,,
BSK_CASM3C_MCP1,applies,2,50,0.038461538461538464,,,
BSK_CASM3C_MCP1,not_applicable,4,146,0.02666666666666667,,,
BSK_CASM3C_MCSF,applies,2,50,0.038461538461538464,,,
BSK_CASM3C_MCSF,not_applicable,5,145,0.03333333333333333,,,
BSK_CASM3C_Proliferation,applies,8,44,0.15384615384615385,,,
BSK_CASM3C_Proliferation,not_applicable,26,124,0.17333333333333334,0.6403535980148883,0.4627791563275434,0.7683002481389578
BSK_CASM3C_SAA,applies,2,50,0.038461538461538464,,,
BSK_CASM3C_SAA,not_applicable,6,144,0.04,,,
BSK_CASM3C_SRB,applies,4,48,0.07692307692307693,,,
BSK_CASM3C_SRB,not_applicable,3,147,0.02,,,
BSK_CASM3C_Thrombomodulin,applies,11,41,0.21153846153846154,0.3259423503325942,0.7782705099778271,0.5188470066518847
BSK_CASM3C_Thrombomodulin,not_applicable,11,139,0.07333333333333333,0.7135382603008502,0.6507521255722695,0.724002616088947
BSK_CASM3C_TissueFactor,applies,3,49,0.057692307692307696,,,
BSK_CASM3C_TissueFactor,not_applicable,6,144,0.04,,,
BSK_CASM3C_VCAM1,applies,1,51,0.019230769230769232,,,
BSK_CASM3C_VCAM1,not_applicable,8,142,0.05333333333333334,,,
BSK_CASM3C_uPAR,applies,2,50,0.038461538461538464,,,
BSK_CASM3C_uPAR,not_applicable,5,145,0.03333333333333333,,,
BSK_LPS_CD40,applies,8,43,0.1568627450980392,,,
BSK_LPS_CD40,not_applicable,18,133,0.11920529801324503,0.560359231411863,0.5714285714285714,0.7305764411027569
BSK_LPS_Eselectin,applies,2,49,0.0392156862745098,,,
BSK_LPS_Eselectin,not_applicable,12,139,0.07947019867549669,0.47152278177458035,0.36211031175059955,0.6690647482014388
BSK_LPS_IL1a,applies,2,49,0.0392156862745098,,,
BSK_LPS_IL1a,not_applicable,6,145,0.039735099337748346,,,
BSK_LPS_IL8,applies,1,50,0.0196078431372549,,,
BSK_LPS_IL8,not_applicable,12,139,0.07947019867549669,0.3516187050359712,0.4694244604316547,0.684652278177458
BSK_LPS_MCP1,applies,3,48,0.058823529411764705,,,
BSK_LPS_MCP1,not_applicable,15,136,0.09933774834437085,0.47401960784313724,0.5303921568627451,0.6666666666666666
BSK_LPS_MCSF,applies,4,47,0.0784313725490196,,,
BSK_LPS_MCSF,not_applicable,19,132,0.12582781456953643,0.5318979266347688,0.5625996810207337,0.761164274322169
BSK_LPS_PGE2,applies,12,39,0.23529411764705882,0.49145299145299143,0.4081196581196581,0.5192307692307693
BSK_LPS_PGE2,not_applicable,28,123,0.18543046357615894,0.4412020905923345,0.5331010452961672,0.5458768873403019
BSK_LPS_SRB,applies,3,48,0.058823529411764705,,,
BSK_LPS_SRB,not_applicable,19,132,0.12582781456953643,0.4834529505582137,0.5474481658692185,0.7404306220095693
BSK_LPS_TNFa,applies,6,45,0.11764705882352941,,,
BSK_LPS_TNFa,not_applicable,17,134,0.11258278145695365,0.3358208955223881,0.5043898156277437,0.4446883230904302
BSK_LPS_TissueFactor,applies,3,48,0.058823529411764705,,,
BSK_LPS_TissueFactor,not_applicable,4,147,0.026490066225165563,,,
BSK_LPS_VCAM1,applies,7,44,0.13725490196078433,,,
BSK_LPS_VCAM1,not_applicable,22,129,0.1456953642384106,0.4904862579281184,0.5711768851303735,0.8322762508809021
BSK_MyoF_CollagenI,applies,3,10,0.23076923076923078,,,
BSK_MyoF_CollagenI,not_applicable,2,21,0.08695652173913043,,,
BSK_MyoF_CollagenIII,applies,3,10,0.23076923076923078,,,
BSK_MyoF_CollagenIII,not_applicable,4,19,0.17391304347826086,,,
BSK_MyoF_PAI1,applies,1,12,0.07692307692307693,,,
BSK_MyoF_PAI1,not_applicable,3,20,0.13043478260869565,,,
BSK_MyoF_TIMP1,applies,2,11,0.15384615384615385,,,
BSK_MyoF_TIMP1,not_applicable,1,22,0.043478260869565216,,,
BSK_MyoF_VCAM1,applies,2,11,0.15384615384615385,,,
BSK_MyoF_VCAM1,not_applicable,2,21,0.08695652173913043,,,
BSK_SAg_CD38,applies,7,44,0.13725490196078433,,,
BSK_SAg_CD38,not_applicable,17,134,0.11258278145695365,0.5158033362598771,0.6668129938542581,0.7489025460930641
BSK_SAg_CD40,applies,6,45,0.11764705882352941,,,
BSK_SAg_CD40,not_applicable,23,128,0.152317880794702,0.29585597826086957,0.45108695652173914,0.7340353260869565
BSK_SAg_CD69,applies,7,44,0.13725490196078433,,,
BSK_SAg_CD69,not_applicable,16,135,0.10596026490066225,0.48726851851851855,0.4740740740740741,0.8333333333333334
BSK_SAg_Eselectin,applies,10,41,0.19607843137254902,0.7609756097560976,0.33658536585365856,0.7658536585365854
BSK_SAg_Eselectin,not_applicable,20,131,0.13245033112582782,0.6106870229007634,0.47366412213740455,0.8419847328244274
BSK_SAg_IL8,applies,10,41,0.19607843137254902,0.6951219512195121,0.5585365853658537,0.6146341463414634
BSK_SAg_IL8,not_applicable,11,140,0.0728476821192053,0.4746753246753247,0.36168831168831167,0.7175324675324676
BSK_SAg_MCP1,applies,4,47,0.0784313725490196,,,
BSK_SAg_MCP1,not_applicable,13,138,0.08609271523178808,0.5412486064659978,0.6220735785953178,0.7731326644370122
BSK_SAg_MIG,applies,3,48,0.058823529411764705,,,
BSK_SAg_MIG,not_applicable,5,146,0.033112582781456956,,,
BSK_SAg_Proliferation,applies,19,32,0.37254901960784315,0.6332236842105263,0.6430921052631579,0.6710526315789473
BSK_SAg_Proliferation,not_applicable,37,114,0.24503311258278146,0.568515884305358,0.4786628733997155,0.8015647226173542
BSK_SAg_SRB,applies,2,49,0.0392156862745098,,,
BSK_SAg_SRB,not_applicable,22,129,0.1456953642384106,0.3988724453840733,0.5384073291050036,0.7343199436222692
CCTE_Deisenroth_5AR_NBTE_ratio,applies,3,8,0.2727272727272727,,,
CCTE_Deisenroth_5AR_NBTE_ratio,not_applicable,2,13,0.13333333333333333,,,
CCTE_Deisenroth_AIME_96WELL_LUC_Active,applies,3,2,0.6,,,
CCTE_Deisenroth_AIME_96WELL_LUC_Active,not_applicable,2,6,0.25,,,
CCTE_Deisenroth_AIME_96WELL_LUC_Inactive,applies,3,2,0.6,,,
CCTE_Deisenroth_AIME_96WELL_LUC_Inactive,not_applicable,4,4,0.5,,,
CCTE_Deisenroth_DEVTOX_RUES2-GLR_Endo_Bra,applies,1,15,0.0625,,,
CCTE_Deisenroth_DEVTOX_RUES2-GLR_Endo_Bra,not_applicable,3,11,0.21428571428571427,,,
CCTE_Deisenroth_H295R-HTRF_384WELL_TESTOSTERONE,applies,1,1,0.5,,,
CCTE_Deisenroth_H295R-HTRF_384WELL_TESTOSTERONE,not_applicable,4,4,0.5,,,
CCTE_Simmons_MITO_basal_resp_rate,applies,13,13,0.5,0.46745562130177515,0.650887573964497,0.33136094674556216
CCTE_Simmons_MITO_basal_resp_rate,not_applicable,7,12,0.3684210526315789,,,
CCTE_Simmons_MITO_max_resp_rate,applies,12,14,0.46153846153846156,0.5476190476190477,0.4226190476190476,0.40476190476190477
CCTE_Simmons_MITO_max_resp_rate,not_applicable,5,14,0.2631578947368421,,,
CEETOX_H295R_11DCORT,applies,2,13,0.13333333333333333,,,
CEETOX_H295R_11DCORT,not_applicable,23,41,0.359375,0.44644750795334043,0.4432661717921527,0.5047720042417816
CEETOX_H295R_ANDR,applies,2,13,0.13333333333333333,,,
CEETOX_H295R_ANDR,not_applicable,19,45,0.296875,0.5269005847953216,0.464327485380117,0.3192982456140351
CEETOX_H295R_CORTIC,applies,2,13,0.13333333333333333,,,
CEETOX_H295R_CORTIC,not_applicable,16,48,0.25,0.6302083333333334,0.4361979166666667,0.5377604166666666
CEETOX_H295R_CORTISOL,applies,2,13,0.13333333333333333,,,
CEETOX_H295R_CORTISOL,not_applicable,16,48,0.25,0.2265625,0.4270833333333333,0.7786458333333334
CEETOX_H295R_DOC,applies,2,13,0.13333333333333333,,,
CEETOX_H295R_DOC,not_applicable,19,45,0.296875,0.46608187134502926,0.447953216374269,0.6222222222222222
CEETOX_H295R_ESTRADIOL,applies,1,14,0.06666666666666667,,,
CEETOX_H295R_ESTRADIOL,not_applicable,10,54,0.15625,0.23148148148148148,0.35185185185185186,0.6037037037037037
CEETOX_H295R_ESTRONE,applies,1,14,0.06666666666666667,,,
CEETOX_H295R_ESTRONE,not_applicable,14,50,0.21875,0.4542857142857143,0.6871428571428572,0.26571428571428574
CEETOX_H295R_OHPREG,applies,2,13,0.13333333333333333,,,
CEETOX_H295R_OHPREG,not_applicable,23,41,0.359375,0.4676564156945917,0.5418875927889714,0.47720042417815484
CEETOX_H295R_OHPROG,applies,1,14,0.06666666666666667,,,
CEETOX_H295R_OHPROG,not_applicable,26,38,0.40625,0.38461538461538464,0.5921052631578947,0.5222672064777328
CEETOX_H295R_PROG,applies,3,12,0.2,,,
CEETOX_H295R_PROG,not_applicable,24,40,0.375,0.396875,0.46458333333333335,0.5145833333333333
CEETOX_H295R_TESTO,applies,2,13,0.13333333333333333,,,
CEETOX_H295R_TESTO,not_applicable,15,49,0.234375,0.2897959183673469,0.5863945578231292,0.4857142857142857
CLD_CYP1A1_48hr,applies,9,8,0.5294117647058824,,,
CLD_CYP1A1_48hr,not_applicable,10,18,0.35714285714285715,0.3611111111111111,0.46111111111111114,0.7166666666666667
CLD_CYP1A2_48hr,applies,10,7,0.5882352941176471,,,
CLD_CYP1A2_48hr,not_applicable,16,12,0.5714285714285714,0.3541666666666667,0.3177083333333333,0.5833333333333334
CLD_CYP2B6_48hr,applies,10,7,0.5882352941176471,,,
CLD_CYP2B6_48hr,not_applicable,15,13,0.5357142857142857,0.5333333333333333,0.558974358974359,0.46153846153846156
CLD_CYP3A4_48hr,applies,9,8,0.5294117647058824,,,
CLD_CYP3A4_48hr,not_applicable,14,14,0.5,0.5204081632653061,0.5714285714285714,0.42346938775510207
CLD_HMGCS2_48hr,applies,1,16,0.058823529411764705,,,
CLD_HMGCS2_48hr,not_applicable,2,26,0.07142857142857142,,,
CLD_SULT2A_48hr,applies,2,15,0.11764705882352941,,,
CLD_SULT2A_48hr,not_applicable,3,25,0.10714285714285714,,,
CLD_UGT1A1_48hr,applies,0,17,0.0,,,
CLD_UGT1A1_48hr,not_applicable,6,22,0.21428571428571427,,,
CPHEA_Stoker_NIS_Inhibition_RAIU,applies,5,27,0.15625,,,
CPHEA_Stoker_NIS_Inhibition_RAIU,not_applicable,3,42,0.06666666666666667,,,
IUF_NPC1b_proliferation_BrdU_72hr,applies,0,2,0.0,,,
IUF_NPC1b_proliferation_BrdU_72hr,not_applicable,3,22,0.12,,,
IUF_NPC5_oligodendrocyte_differentiation_120hr,applies,2,0,1.0,,,
IUF_NPC5_oligodendrocyte_differentiation_120hr,not_applicable,4,21,0.16,,,
LTEA_HepaRG_ABCB1,applies,8,40,0.16666666666666666,,,
LTEA_HepaRG_ABCB1,not_applicable,23,96,0.19327731092436976,0.5307971014492754,0.43478260869565216,0.7789855072463768
LTEA_HepaRG_ABCB11,applies,10,38,0.20833333333333334,0.6157894736842106,0.26052631578947366,0.4605263157894737
LTEA_HepaRG_ABCB11,not_applicable,11,108,0.09243697478991597,0.5732323232323232,0.5555555555555556,0.49326599326599324
LTEA_HepaRG_ABCC2,applies,4,44,0.08333333333333333,,,
LTEA_HepaRG_ABCC2,not_applicable,12,107,0.10084033613445378,0.43886292834890966,0.25778816199376947,0.4447040498442368
LTEA_HepaRG_ABCC3,applies,5,43,0.10416666666666667,,,
LTEA_HepaRG_ABCC3,not_applicable,2,117,0.01680672268907563,,,
LTEA_HepaRG_ABCG2,applies,10,38,0.20833333333333334,0.5592105263157895,0.3447368421052632,0.5842105263157895
LTEA_HepaRG_ABCG2,not_applicable,15,104,0.12605042016806722,0.5775641025641025,0.40064102564102566,0.841025641025641
LTEA_HepaRG_ACLY,applies,8,40,0.16666666666666666,,,
LTEA_HepaRG_ACLY,not_applicable,3,116,0.025210084033613446,,,
LTEA_HepaRG_ACOX1,applies,5,43,0.10416666666666667,,,
LTEA_HepaRG_ACOX1,not_applicable,9,110,0.07563025210084033,,,
LTEA_HepaRG_ADK,applies,4,44,0.08333333333333333,,,
LTEA_HepaRG_ADK,not_applicable,4,115,0.03361344537815126,,,
LTEA_HepaRG_AFP,applies,12,36,0.25,0.5787037037037037,0.41203703703703703,0.5810185185185185
LTEA_HepaRG_AFP,not_applicable,6,113,0.05042016806722689,,,
LTEA_HepaRG_ALPP,applies,17,31,0.3541666666666667,0.5787476280834914,0.45351043643263755,0.5882352941176471
LTEA_HepaRG_ALPP,not_applicable,7,112,0.058823529411764705,,,
LTEA_HepaRG_APOA5,applies,8,40,0.16666666666666666,,,
LTEA_HepaRG_APOA5,not_applicable,6,113,0.05042016806722689,,,
LTEA_HepaRG_BAX,applies,7,41,0.14583333333333334,,,
LTEA_HepaRG_BAX,not_applicable,3,116,0.025210084033613446,,,
LTEA_HepaRG_BCL2,applies,9,39,0.1875,,,
LTEA_HepaRG_BCL2,not_applicable,2,117,0.01680672268907563,,,
LTEA_HepaRG_BCL2L11,applies,3,45,0.0625,,,
LTEA_HepaRG_BCL2L11,not_applicable,1,118,0.008403361344537815,,,
LTEA_HepaRG_BID,applies,3,45,0.0625,,,
LTEA_HepaRG_BID,not_applicable,6,113,0.05042016806722689,,,
LTEA_HepaRG_CASP3,applies,2,46,0.041666666666666664,,,
LTEA_HepaRG_CASP3,not_applicable,3,116,0.025210084033613446,,,
LTEA_HepaRG_CAT,applies,10,38,0.20833333333333334,0.6105263157894737,0.3763157894736842,0.6289473684210526
LTEA_HepaRG_CAT,not_applicable,4,115,0.03361344537815126,,,
LTEA_HepaRG_CCND1,applies,1,47,0.020833333333333332,,,
LTEA_HepaRG_CCND1,not_applicable,4,115,0.03361344537815126,,,
LTEA_HepaRG_CCND2,applies,2,37,0.05128205128205128,,,
LTEA_HepaRG_CCND2,not_applicable,1,96,0.010309278350515464,,,
LTEA_HepaRG_CDKN1A,applies,8,40,0.16666666666666666,,,
LTEA_HepaRG_CDKN1A,not_applicable,3,116,0.025210084033613446,,,
LTEA_HepaRG_CFLAR,applies,2,46,0.041666666666666664,,,
LTEA_HepaRG_CFLAR,not_applicable,2,117,0.01680672268907563,,,
LTEA_HepaRG_CYP1A1,applies,17,31,0.3541666666666667,0.603415559772296,0.6053130929791272,0.5749525616698292
LTEA_HepaRG_CYP1A1,not_applicable,64,55,0.5378151260504201,0.4974431818181818,0.5494318181818182,0.5536931818181818
LTEA_HepaRG_CYP1A2,applies,17,31,0.3541666666666667,0.5445920303605313,0.5502846299810247,0.6072106261859582
LTEA_HepaRG_CYP1A2,not_applicable,40,79,0.33613445378151263,0.4863924050632911,0.4838607594936709,0.5822784810126582
LTEA_HepaRG_CYP2B6,applies,12,36,0.25,0.6851851851851852,0.4675925925925926,0.5949074074074074
LTEA_HepaRG_CYP2B6,not_applicable,52,67,0.4369747899159664,0.49827784156142363,0.41073478760045923,0.6245694603903559
LTEA_HepaRG_CYP2C19,applies,6,42,0.125,,,
LTEA_HepaRG_CYP2C19,not_applicable,29,90,0.24369747899159663,0.5379310344827586,0.43486590038314177,0.5206896551724138
LTEA_HepaRG_CYP2C8,applies,9,39,0.1875,,,
LTEA_HepaRG_CYP2C8,not_applicable,18,101,0.15126050420168066,0.4900990099009901,0.39713971397139713,0.4521452145214521
LTEA_HepaRG_CYP2C9,applies,6,42,0.125,,,
LTEA_HepaRG_CYP2C9,not_applicable,7,112,0.058823529411764705,,,
LTEA_HepaRG_CYP2E1,applies,17,31,0.3541666666666667,0.6166982922201139,0.5351043643263758,0.681214421252372
LTEA_HepaRG_CYP2E1,not_applicable,26,93,0.2184873949579832,0.6157981803143093,0.5082712985938792,0.608767576509512
LTEA_HepaRG_CYP3A4,applies,7,41,0.14583333333333334,,,
LTEA_HepaRG_CYP3A4,not_applicable,27,92,0.226890756302521,0.5954106280193237,0.5193236714975845,0.5394524959742351
LTEA_HepaRG_CYP3A5,applies,4,44,0.08333333333333333,,,
LTEA_HepaRG_CYP3A5,not_applicable,3,116,0.025210084033613446,,,
LTEA_HepaRG_CYP3A7,applies,8,40,0.16666666666666666,,,
LTEA_HepaRG_CYP3A7,not_applicable,26,93,0.2184873949579832,0.48593879239040527,0.43300248138957814,0.5901571546732837
LTEA_HepaRG_CYP4A11,applies,12,36,0.25,0.5925925925925926,0.5231481481481481,0.6527777777777778
LTEA_HepaRG_CYP4A11,not_applicable,20,99,0.16806722689075632,0.545959595959596,0.45606060606060606,0.5242424242424243
LTEA_HepaRG_CYP4A22,applies,15,33,0.3125,0.5131313131313131,0.5575757575757576,0.5232323232323233
LTEA_HepaRG_CYP4A22,not_applicable,17,102,0.14285714285714285,0.7159746251441753,0.45098039215686275,0.6447520184544406
LTEA_HepaRG_CYP7A1,applies,7,41,0.14583333333333334,,,
LTEA_HepaRG_CYP7A1,not_applicable,13,106,0.1092436974789916,0.5540638606676342,0.5362844702467344,0.3454281567489115
LTEA_HepaRG_DDIT3,applies,11,37,0.22916666666666666,0.7371007371007371,0.5601965601965602,0.7199017199017199
LTEA_HepaRG_DDIT3,not_applicable,3,116,0.025210084033613446,,,
LTEA_HepaRG_EGF,applies,4,44,0.08333333333333333,,,
LTEA_HepaRG_EGF,not_applicable,5,114,0.04201680672268908,,,
LTEA_HepaRG_EGR1,applies,6,42,0.125,,,
LTEA_HepaRG_EGR1,not_applicable,1,118,0.008403361344537815,,,
LTEA_HepaRG_EZR,applies,5,43,0.10416666666666667,,,
LTEA_HepaRG_EZR,not_applicable,4,115,0.03361344537815126,,,
LTEA_HepaRG_FABP1,applies,8,40,0.16666666666666666,,,
LTEA_HepaRG_FABP1,not_applicable,18,101,0.15126050420168066,0.5407040704070407,0.5115511551155115,0.5203520352035204
LTEA_HepaRG_FAS,applies,5,43,0.10416666666666667,,,
LTEA_HepaRG_FAS,not_applicable,3,116,0.025210084033613446,,,
LTEA_HepaRG_FASN,applies,6,42,0.125,,,
LTEA_HepaRG_FASN,not_applicable,12,107,0.10084033613445378,0.6456386292834891,0.6495327102803738,0.5996884735202492
LTEA_HepaRG_FMO3,applies,5,43,0.10416666666666667,,,
LTEA_HepaRG_FMO3,not_applicable,6,113,0.05042016806722689,,,
LTEA_HepaRG_FOXO1,applies,4,44,0.08333333333333333,,,
LTEA_HepaRG_FOXO1,not_applicable,3,116,0.025210084033613446,,,
LTEA_HepaRG_FOXO3,applies,4,44,0.08333333333333333,,,
LTEA_HepaRG_FOXO3,not_applicable,3,116,0.025210084033613446,,,
LTEA_HepaRG_GADD45A,applies,6,42,0.125,,,
LTEA_HepaRG_GADD45A,not_applicable,6,113,0.05042016806722689,,,
LTEA_HepaRG_GADD45B,applies,3,45,0.0625,,,
LTEA_HepaRG_GADD45B,not_applicable,6,113,0.05042016806722689,,,
LTEA_HepaRG_GADD45G,applies,10,38,0.20833333333333334,0.5210526315789473,0.3263157894736842,0.631578947368421
LTEA_HepaRG_GADD45G,not_applicable,5,114,0.04201680672268908,,,
LTEA_HepaRG_GCLC,applies,5,43,0.10416666666666667,,,
LTEA_HepaRG_GCLC,not_applicable,3,116,0.025210084033613446,,,
LTEA_HepaRG_GCLM,applies,5,43,0.10416666666666667,,,
LTEA_HepaRG_GCLM,not_applicable,3,116,0.025210084033613446,,,
LTEA_HepaRG_GSTA2,applies,8,40,0.16666666666666666,,,
LTEA_HepaRG_GSTA2,not_applicable,8,111,0.06722689075630252,,,
LTEA_HepaRG_HGF,applies,3,45,0.0625,,,
LTEA_HepaRG_HGF,not_applicable,2,117,0.01680672268907563,,,
LTEA_HepaRG_HIF1A,applies,2,46,0.041666666666666664,,,
LTEA_HepaRG_HIF1A,not_applicable,1,118,0.008403361344537815,,,
LTEA_HepaRG_HMGCS2,applies,11,37,0.22916666666666666,0.5626535626535627,0.35872235872235875,0.5896805896805897
LTEA_HepaRG_HMGCS2,not_applicable,11,108,0.09243697478991597,0.5420875420875421,0.367003367003367,0.43265993265993263
LTEA_HepaRG_HSPA1A,applies,3,45,0.0625,,,
LTEA_HepaRG_HSPA1A,not_applicable,4,115,0.03361344537815126,,,
LTEA_HepaRG_ICAM1,applies,5,43,0.10416666666666667,,,
LTEA_HepaRG_ICAM1,not_applicable,2,117,0.01680672268907563,,,
LTEA_HepaRG_IGF1,applies,11,37,0.22916666666666666,0.687960687960688,0.4643734643734644,0.6314496314496314
LTEA_HepaRG_IGF1,not_applicable,13,106,0.1092436974789916,0.3490566037735849,0.295355587808418,0.4281567489114659
LTEA_HepaRG_IGFBP1,applies,10,38,0.20833333333333334,0.4763157894736842,0.5736842105263158,0.48947368421052634
LTEA_HepaRG_IGFBP1,not_applicable,4,115,0.03361344537815126,,,
LTEA_HepaRG_IL6,applies,2,46,0.041666666666666664,,,
LTEA_HepaRG_IL6,not_applicable,4,115,0.03361344537815126,,,
LTEA_HepaRG_IL6R,applies,5,43,0.10416666666666667,,,
LTEA_HepaRG_IL6R,not_applicable,3,116,0.025210084033613446,,,
LTEA_HepaRG_JUN,applies,3,45,0.0625,,,
LTEA_HepaRG_JUN,not_applicable,3,116,0.025210084033613446,,,
LTEA_HepaRG_KCNK1,applies,4,44,0.08333333333333333,,,
LTEA_HepaRG_KCNK1,not_applicable,3,116,0.025210084033613446,,,
LTEA_HepaRG_KRT19,applies,10,38,0.20833333333333334,0.48947368421052634,0.5342105263157895,0.5789473684210527
LTEA_HepaRG_KRT19,not_applicable,8,111,0.06722689075630252,,,
LTEA_HepaRG_LDH_cytotoxicity,applies,2,46,0.041666666666666664,,,
LTEA_HepaRG_LDH_cytotoxicity,not_applicable,2,117,0.01680672268907563,,,
LTEA_HepaRG_LIPC,applies,8,40,0.16666666666666666,,,
LTEA_HepaRG_LIPC,not_applicable,3,116,0.025210084033613446,,,
LTEA_HepaRG_LPL,applies,11,37,0.22916666666666666,0.5110565110565111,0.39803439803439805,0.5405405405405406
LTEA_HepaRG_LPL,not_applicable,6,113,0.05042016806722689,,,
LTEA_HepaRG_MIR122,applies,7,41,0.14583333333333334,,,
LTEA_HepaRG_MIR122,not_applicable,2,117,0.01680672268907563,,,
LTEA_HepaRG_MMP10,applies,4,44,0.08333333333333333,,,
LTEA_HepaRG_MMP10,not_applicable,2,117,0.01680672268907563,,,
LTEA_HepaRG_MMP3,applies,6,42,0.125,,,
LTEA_HepaRG_MMP3,not_applicable,4,115,0.03361344537815126,,,
LTEA_HepaRG_MYC,applies,7,41,0.14583333333333334,,,
LTEA_HepaRG_MYC,not_applicable,4,115,0.03361344537815126,,,
LTEA_HepaRG_NFE2L2,applies,5,43,0.10416666666666667,,,
LTEA_HepaRG_NFE2L2,not_applicable,9,110,0.07563025210084033,,,
LTEA_HepaRG_NFKB1,applies,0,48,0.0,,,
LTEA_HepaRG_NFKB1,not_applicable,8,111,0.06722689075630252,,,
LTEA_HepaRG_NQO1,applies,4,44,0.08333333333333333,,,
LTEA_HepaRG_NQO1,not_applicable,1,118,0.008403361344537815,,,
LTEA_HepaRG_PDK4,applies,9,39,0.1875,,,
LTEA_HepaRG_PDK4,not_applicable,15,104,0.12605042016806722,0.4282051282051282,0.5282051282051282,0.41602564102564105
LTEA_HepaRG_PEG10,applies,9,39,0.1875,,,
LTEA_HepaRG_PEG10,not_applicable,18,101,0.15126050420168066,0.3778877887788779,0.5055005500550055,0.6523652365236524
LTEA_HepaRG_PPP2R4,applies,3,45,0.0625,,,
LTEA_HepaRG_PPP2R4,not_applicable,3,116,0.025210084033613446,,,
LTEA_HepaRG_PTEN,applies,3,45,0.0625,,,
LTEA_HepaRG_PTEN,not_applicable,5,114,0.04201680672268908,,,
LTEA_HepaRG_SDHB,applies,2,46,0.041666666666666664,,,
LTEA_HepaRG_SDHB,not_applicable,2,117,0.01680672268907563,,,
LTEA_HepaRG_SLC22A1,applies,10,38,0.20833333333333334,0.5105263157894737,0.4026315789473684,0.6657894736842105
LTEA_HepaRG_SLC22A1,not_applicable,8,111,0.06722689075630252,,,
LTEA_HepaRG_SLCO1B1,applies,5,43,0.10416666666666667,,,
LTEA_HepaRG_SLCO1B1,not_applicable,9,110,0.07563025210084033,,,
LTEA_HepaRG_STAT3,applies,1,47,0.020833333333333332,,,
LTEA_HepaRG_STAT3,not_applicable,4,115,0.03361344537815126,,,
LTEA_HepaRG_SULT2A1,applies,3,45,0.0625,,,
LTEA_HepaRG_SULT2A1,not_applicable,6,113,0.05042016806722689,,,
LTEA_HepaRG_TGFA,applies,8,40,0.16666666666666666,,,
LTEA_HepaRG_TGFA,not_applicable,5,114,0.04201680672268908,,,
LTEA_HepaRG_TGFB1,applies,10,38,0.20833333333333334,0.42105263157894735,0.5026315789473684,0.5473684210526316
LTEA_HepaRG_TGFB1,not_applicable,3,116,0.025210084033613446,,,
LTEA_HepaRG_THRSP,applies,11,37,0.22916666666666666,0.49017199017199015,0.3882063882063882,0.6535626535626535
LTEA_HepaRG_THRSP,not_applicable,13,106,0.1092436974789916,0.6320754716981132,0.5732946298984035,0.7104499274310595
LTEA_HepaRG_TNFRSF1A,applies,2,46,0.041666666666666664,,,
LTEA_HepaRG_TNFRSF1A,not_applicable,4,115,0.03361344537815126,,,
LTEA_HepaRG_TP53,applies,5,43,0.10416666666666667,,,
LTEA_HepaRG_TP53,not_applicable,5,114,0.04201680672268908,,,
LTEA_HepaRG_UGT1A1,applies,5,43,0.10416666666666667,,,
LTEA_HepaRG_UGT1A1,not_applicable,37,82,0.31092436974789917,0.6100856954515491,0.42748846407382995,0.5563612392880686
LTEA_HepaRG_UGT1A6,applies,5,43,0.10416666666666667,,,
LTEA_HepaRG_UGT1A6,not_applicable,5,114,0.04201680672268908,,,
LTEA_HepaRG_XBP1,applies,1,47,0.020833333333333332,,,
LTEA_HepaRG_XBP1,not_applicable,3,116,0.025210084033613446,,,
OT_AR_ARSRC1_0480,applies,4,33,0.10810810810810811,,,
OT_AR_ARSRC1_0480,not_applicable,7,158,0.04242424242424243,,,
OT_AR_ARSRC1_0960,applies,9,28,0.24324324324324326,,,
OT_AR_ARSRC1_0960,not_applicable,11,154,0.06666666666666667,0.39817001180637546,0.461038961038961,0.7131050767414404
OT_ER_ERaERa_0480,applies,3,34,0.08108108108108109,,,
OT_ER_ERaERa_0480,not_applicable,8,157,0.048484848484848485,,,
OT_ER_ERaERa_1440,applies,2,35,0.05405405405405406,,,
OT_ER_ERaERa_1440,not_applicable,9,156,0.05454545454545454,,,
OT_ER_ERaERb_0480,applies,3,34,0.08108108108108109,,,
OT_ER_ERaERb_0480,not_applicable,12,153,0.07272727272727272,0.39842047930283225,0.4014161220043573,0.47167755991285404
OT_ER_ERaERb_1440,applies,5,32,0.13513513513513514,,,
OT_ER_ERaERb_1440,not_applicable,16,149,0.09696969696969697,0.36828859060402686,0.4710570469798658,0.5780201342281879
OT_ER_ERbERb_0480,applies,5,32,0.13513513513513514,,,
OT_ER_ERbERb_0480,not_applicable,14,151,0.08484848484848485,0.3890728476821192,0.5946073793755913,0.46594134342478716
OT_ER_ERbERb_1440,applies,9,28,0.24324324324324326,,,
OT_ER_ERbERb_1440,not_applicable,14,151,0.08484848484848485,0.3129139072847682,0.4735099337748344,0.5070955534531694
OT_ERa_GFPERaERE_0120,applies,3,18,0.14285714285714285,,,
OT_ERa_GFPERaERE_0120,not_applicable,16,165,0.08839779005524862,0.47367424242424244,0.4083333333333333,0.6556818181818181
OT_ERa_GFPERaERE_0480,applies,3,18,0.14285714285714285,,,
OT_ERa_GFPERaERE_0480,not_applicable,19,162,0.10497237569060773,0.5310266406757634,0.5298895386614685,0.6764132553606238
OT_FXR_FXRSRC1_0480,applies,4,33,0.10810810810810811,,,
OT_FXR_FXRSRC1_0480,not_applicable,20,145,0.12121212121212122,0.36551724137931035,0.3213793103448276,0.506896551724138
OT_FXR_FXRSRC1_1440,applies,2,35,0.05405405405405406,,,
OT_FXR_FXRSRC1_1440,not_applicable,15,150,0.09090909090909091,0.4291111111111111,0.5035555555555555,0.4688888888888889
TOX21_AP1_BLA_Agonist_ratio,applies,12,89,0.1188118811881188,0.6722846441947565,0.5243445692883895,0.45224719101123595
TOX21_AP1_BLA_Agonist_ratio,not_applicable,26,468,0.05263157894736842,0.41802268244575935,0.43277449046679817,0.4812623274161736
TOX21_ARE_BLA_Agonist_ratio,applies,35,105,0.25,0.42435374149659866,0.4250340136054422,0.6272108843537415
TOX21_ARE_BLA_Agonist_ratio,not_applicable,50,397,0.11185682326621924,0.47329974811083125,0.5212594458438287,0.692896725440806
TOX21_AR_BLA_Agonist_ratio,applies,3,112,0.02608695652173913,,,
TOX21_AR_BLA_Agonist_ratio,not_applicable,22,515,0.040968342644320296,0.5158428949691085,0.3757281553398058,0.7508384819064431
TOX21_AR_BLA_Antagonist_ratio,applies,22,93,0.19130434782608696,0.6444281524926686,0.6006842619745846,0.6070381231671554
TOX21_AR_BLA_Antagonist_ratio,not_applicable,50,487,0.0931098696461825,0.5782751540041068,0.6175359342915812,0.8031211498973306
TOX21_AR_LUC_MDAKB2_Agonist,applies,4,98,0.0392156862745098,,,
TOX21_AR_LUC_MDAKB2_Agonist,not_applicable,27,523,0.04909090909090909,0.6299483039444799,0.5477657389703279,0.7558954748247291
TOX21_AR_LUC_MDAKB2_Agonist_3uM_Nilutamide,applies,4,90,0.0425531914893617,,,
TOX21_AR_LUC_MDAKB2_Agonist_3uM_Nilutamide,not_applicable,15,486,0.029940119760479042,0.4327846364883402,0.35802469135802467,0.9203017832647462
TOX21_AR_LUC_MDAKB2_Antagonist_0.5nM_R1881,applies,26,68,0.2765957446808511,0.5356334841628959,0.5667420814479638,0.7058823529411765
TOX21_AR_LUC_MDAKB2_Antagonist_0.5nM_R1881,not_applicable,64,437,0.1277445109780439,0.5720823798627003,0.5926058352402745,0.7432780320366132
TOX21_AR_LUC_MDAKB2_Antagonist_10nM_R1881,applies,20,82,0.19607843137254902,0.47835365853658535,0.5384146341463415,0.7396341463414634
TOX21_AR_LUC_MDAKB2_Antagonist_10nM_R1881,not_applicable,29,521,0.05272727272727273,0.7764577404196175,0.7747038189158779,0.8723939373883116
TOX21_AhR_LUC_Agonist,applies,5,144,0.03355704697986577,,,
TOX21_AhR_LUC_Agonist,not_applicable,20,483,0.039761431411530816,0.6099378881987577,0.5436853002070393,0.6091097308488613
TOX21_Aromatase_Inhibition,applies,14,96,0.12727272727272726,0.6391369047619048,0.7150297619047619,0.6369047619047619
TOX21_Aromatase_Inhibition,not_applicable,33,509,0.06088560885608856,0.5435494433529797,0.6817288801571709,0.8492587962136096
TOX21_CAR_Agonist,applies,5,136,0.03546099290780142,,,
TOX21_CAR_Agonist,not_applicable,32,422,0.07048458149779736,0.5773474526066351,0.4548281990521327,0.5914543838862559
TOX21_CAR_Antagonist,applies,10,131,0.07092198581560284,0.599618320610687,0.5984732824427481,0.7022900763358778
TOX21_CAR_Antagonist,not_applicable,10,444,0.022026431718061675,0.6469594594594594,0.6175675675675676,0.6727477477477477
TOX21_ELG1_LUC_Agonist,applies,3,112,0.02608695652173913,,,
TOX21_ELG1_LUC_Agonist,not_applicable,6,531,0.0111731843575419,,,
TOX21_ERR_Agonist,applies,3,128,0.022900763358778626,,,
TOX21_ERR_Agonist,not_applicable,13,451,0.028017241379310345,0.4826880436636534,0.38137472283813745,0.6211836943544261
TOX21_ERR_Antagonist,applies,29,102,0.22137404580152673,0.6112237998647735,0.5202839756592292,0.6223799864773496
TOX21_ERR_Antagonist,not_applicable,70,394,0.15086206896551724,0.5231689630166787,0.5683466279912981,0.6420232052211747
TOX21_ERa_BLA_Agonist_ratio,applies,3,112,0.02608695652173913,,,
TOX21_ERa_BLA_Agonist_ratio,not_applicable,17,520,0.03165735567970205,0.5112556561085972,0.36176470588235293,0.7244343891402715
TOX21_ERa_BLA_Antagonist_ratio,applies,11,104,0.09565217391304348,0.638548951048951,0.5655594405594405,0.6258741258741258
TOX21_ERa_BLA_Antagonist_ratio,not_applicable,26,511,0.048417132216014895,0.5612298660243866,0.5060213758843896,0.5413216920066235
TOX21_ERa_LUC_VM7_Agonist,applies,1,93,0.010638297872340425,,,
TOX21_ERa_LUC_VM7_Agonist,not_applicable,60,498,0.10752688172043011,0.36326974564926373,0.539190093708166,0.547958500669344
TOX21_ERa_LUC_VM7_Antagonist_0.1nM_E2,applies,12,72,0.14285714285714285,0.6782407407407407,0.5706018518518519,0.6712962962962963
TOX21_ERa_LUC_VM7_Antagonist_0.1nM_E2,not_applicable,43,468,0.08414872798434442,0.56400318028225,0.5806002782746968,0.7901013714967203
TOX21_ERa_LUC_VM7_Antagonist_0.5nM_E2,applies,11,83,0.11702127659574468,0.8203723986856517,0.768893756845564,0.6002190580503833
TOX21_ERa_LUC_VM7_Antagonist_0.5nM_E2,not_applicable,31,527,0.05555555555555555,0.5815633225194344,0.720205668115321,0.8626430801248699
TOX21_ERb_BLA_Agonist_ratio,applies,0,104,0.0,,,
TOX21_ERb_BLA_Agonist_ratio,not_applicable,11,480,0.02240325865580448,0.4396780303030303,0.38693181818181815,0.8598484848484849
TOX21_ERb_BLA_Antagonist_ratio,applies,26,78,0.25,0.564595660749507,0.5192307692307693,0.5236686390532544
TOX21_ERb_BLA_Antagonist_ratio,not_applicable,33,458,0.06720977596741344,0.437938335318248,0.432248246658727,0.6759296016937938
TOX21_ESRE_BLA_ratio,applies,1,53,0.018518518518518517,,,
TOX21_ESRE_BLA_ratio,not_applicable,4,529,0.0075046904315197,,,
TOX21_FXR_BLA_Antagonist_ratio,applies,9,94,0.08737864077669903,,,
TOX21_FXR_BLA_Antagonist_ratio,not_applicable,21,463,0.04338842975206612,0.6298981795742055,0.5408824436902191,0.6706777743494806
TOX21_GR_BLA_Agonist_ratio,applies,1,63,0.015625,,,
TOX21_GR_BLA_Agonist_ratio,not_applicable,16,572,0.027210884353741496,0.4977054195804196,0.31107954545454547,0.7027972027972028
TOX21_GR_BLA_Antagonist_ratio,applies,11,53,0.171875,0.6209262435677531,0.4922813036020583,0.8061749571183533
TOX21_GR_BLA_Antagonist_ratio,not_applicable,42,546,0.07142857142857142,0.5797575440432583,0.5533315890458748,0.8628990057561486
TOX21_HDAC_Inhibition,applies,2,64,0.030303030303030304,,,
TOX21_HDAC_Inhibition,not_applicable,23,506,0.043478260869565216,0.553574497336312,0.6059460388382883,0.6442687747035574
TOX21_HSE_BLA_Agonist_ratio,applies,3,51,0.05555555555555555,,,
TOX21_HSE_BLA_Agonist_ratio,not_applicable,9,524,0.016885553470919325,,,
TOX21_MMP_ratio,applies,41,108,0.2751677852348993,0.5663956639566395,0.6330171635049684,0.4751580849141825
TOX21_MMP_ratio,not_applicable,43,460,0.08548707753479125,0.45404448938321534,0.5206268958543984,0.6006572295247725
TOX21_PGC_ERR_Agonist,applies,5,128,0.03759398496240601,,,
TOX21_PGC_ERR_Agonist,not_applicable,17,445,0.0367965367965368,0.47362855254461333,0.5243886318572373,0.6958360872438863
TOX21_PGC_ERR_Antagonist,applies,16,117,0.12030075187969924,0.5961538461538461,0.5870726495726496,0.6041666666666666
TOX21_PGC_ERR_Antagonist,not_applicable,26,436,0.05627705627705628,0.502514114326041,0.6151199717713479,0.7469124911785462
TOX21_PPARd_BLA_Antagonist_ratio,applies,3,100,0.02912621359223301,,,
TOX21_PPARd_BLA_Antagonist_ratio,not_applicable,4,480,0.008264462809917356,,,
TOX21_PPARg_BLA_Agonist_ratio,applies,1,114,0.008695652173913044,,,
TOX21_PPARg_BLA_Agonist_ratio,not_applicable,10,527,0.0186219739292365,0.449146110056926,0.6309297912713473,0.5129032258064516
TOX21_PPARg_BLA_Antagonist_ratio,applies,14,171,0.07567567567567568,0.5196324143692564,0.5380116959064327,0.5338345864661654
TOX21_PPARg_BLA_Antagonist_ratio,not_applicable,18,384,0.04477611940298507,0.41695601851851855,0.4269386574074074,0.6254340277777778
TOX21_PR_BLA_Agonist_ratio,applies,3,86,0.033707865168539325,,,
TOX21_PR_BLA_Agonist_ratio,not_applicable,20,486,0.039525691699604744,0.32294238683127574,0.47458847736625515,0.7176954732510288
TOX21_PR_BLA_Antagonist_ratio,applies,37,52,0.4157303370786517,0.49376299376299376,0.5353430353430353,0.6865904365904366
TOX21_PR_BLA_Antagonist_ratio,not_applicable,108,398,0.2134387351778656,0.49988367764749675,0.5112832681928159,0.7822678205844035
TOX21_PXR_agonist,applies,41,100,0.2907801418439716,0.5229268292682927,0.42585365853658536,0.6124390243902439
TOX21_PXR_agonist,not_applicable,83,371,0.1828193832599119,0.5523170850517974,0.5790926509271588,0.7021400967752411
TOX21_RXR_BLA_Agonist_ratio,applies,1,103,0.009615384615384616,,,
TOX21_RXR_BLA_Agonist_ratio,not_applicable,10,481,0.020366598778004074,0.43565488565488564,0.4407484407484408,0.5844074844074844
TOX21_SBE_BLA_Antagonist_ratio,applies,5,99,0.04807692307692308,,,
TOX21_SBE_BLA_Antagonist_ratio,not_applicable,15,476,0.03054989816700611,0.4246498599439776,0.3889355742296919,0.769467787114846
TOX21_TSHR_HTRF_Agonist_ratio,applies,8,96,0.07692307692307693,,,
TOX21_TSHR_HTRF_Agonist_ratio,not_applicable,7,484,0.014256619144602852,,,
TOX21_TSHR_HTRF_Antagonist_ratio,applies,0,104,0.0,,,
TOX21_TSHR_HTRF_Antagonist_ratio,not_applicable,3,488,0.006109979633401222,,,
TOX21_TSHR_wt_Agonist_HTRF_ratio,applies,0,104,0.0,,,
TOX21_TSHR_wt_Agonist_HTRF_ratio,not_applicable,3,488,0.006109979633401222,,,
TOX21_VDR_BLA_Antagonist_ratio,applies,1,102,0.009708737864077669,,,
TOX21_VDR_BLA_Antagonist_ratio,not_applicable,2,482,0.004132231404958678,,,
TOX21_p53_BLA_p1_ratio,applies,7,70,0.09090909090909091,,,
TOX21_p53_BLA_p1_ratio,not_applicable,30,545,0.05217391304347826,0.6443425076452599,0.5941284403669724,0.7680122324159021
TOX21_p53_BLA_p2_ratio,applies,11,66,0.14285714285714285,0.5213498622589532,0.34573002754820936,0.5702479338842975
TOX21_p53_BLA_p2_ratio,not_applicable,36,539,0.06260869565217392,0.5284992784992785,0.5404555761698618,0.7167594310451453
TOX21_p53_BLA_p3_ratio,applies,7,70,0.09090909090909091,,,
TOX21_p53_BLA_p3_ratio,not_applicable,25,550,0.043478260869565216,0.6468727272727273,0.6352,0.7633454545454545
TOX21_p53_BLA_p4_ratio,applies,5,72,0.06493506493506493,,,
TOX21_p53_BLA_p4_ratio,not_applicable,32,543,0.05565217391304348,0.6335750460405156,0.5949585635359116,0.7967886740331491
TOX21_p53_BLA_p5_ratio,applies,5,72,0.06493506493506493,,,
TOX21_p53_BLA_p5_ratio,not_applicable,28,547,0.04869565217391304,0.5627448419952991,0.5305562810133194,0.7508487855837033
UKN4_HCS_LUHMES_neurite_outgrowth,applies,1,2,0.3333333333333333,,,
UKN4_HCS_LUHMES_neurite_outgrowth,not_applicable,5,7,0.4166666666666667,,,
