analysis,min_per_class,alpha,baseline,p_values,n_powered,n_advantage,retained_of_primary,n_primary
power_threshold_grid,10,0.05,strong_cc,null-calibrated,242,64,,
power_threshold_grid,10,0.05,scalar_cc,null-calibrated,242,48,,
power_threshold_grid,10,0.1,strong_cc,null-calibrated,242,88,,
power_threshold_grid,10,0.1,scalar_cc,null-calibrated,242,75,,
power_threshold_grid,15,0.05,strong_cc,null-calibrated,181,54,,
power_threshold_grid,15,0.05,scalar_cc,null-calibrated,181,59,,
power_threshold_grid,15,0.05,strong_cc,raw bootstrap,181,92,,
power_threshold_grid,15,0.05,scalar_cc,raw bootstrap,181,85,,
power_threshold_grid,15,0.1,strong_cc,null-calibrated,181,77,,
power_threshold_grid,15,0.1,scalar_cc,null-calibrated,181,72,,
power_threshold_grid,15,0.1,strong_cc,raw bootstrap,181,111,,
power_threshold_grid,15,0.1,scalar_cc,raw bootstrap,181,102,,
power_threshold_grid,20,0.05,strong_cc,null-calibrated,139,51,,
power_threshold_grid,20,0.05,scalar_cc,null-calibrated,139,56,,
power_threshold_grid,20,0.1,strong_cc,null-calibrated,139,74,,
power_threshold_grid,20,0.1,scalar_cc,null-calibrated,139,66,,
power_threshold_grid,30,0.05,strong_cc,null-calibrated,75,44,,
power_threshold_grid,30,0.05,scalar_cc,null-calibrated,75,42,,
power_threshold_grid,30,0.1,strong_cc,null-calibrated,75,55,,
power_threshold_grid,30,0.1,scalar_cc,null-calibrated,75,52,,
chance_floored_baseline,15,0.05,strong_cc(floor 0.5),null-calibrated,181,47,47.0,54.0
