endpoint_id,n_active,n_inactive,powered,verdict,delta_AUROC,delta_se_bootstrap,delta_se_calibrated,min_detectable_effect
ACEA_ER_80hr,20,236,True,no_advantage,0.0576271186440677,0.06334506922637916,0.08706510990827614,0.21648520701572133
APR_HepG2_CellCycleArrest_24hr,6,158,False,indeterminate,0.1392405063291139,0.1385243462371924,0.19039583628856108,0.47341446048002395
APR_HepG2_CellLoss_24hr,14,150,False,indeterminate,0.1528571428571428,0.09105582138616235,0.12515236297939306,0.3111882042834838
APR_HepG2_MicrotubuleCSK_24hr,6,158,False,indeterminate,-0.0791139240506328,0.09119331849294007,0.12534134691863055,0.3116581080974407
APR_HepG2_MitoMass_24hr,6,158,False,indeterminate,0.2594936708860759,0.08136029813152153,0.11182627764879215,0.27805322811974187
APR_HepG2_MitoMembPot_24hr,11,153,False,indeterminate,-0.0439691027926322,0.12917758380514616,0.1775491079106281,0.4414713933283084
APR_HepG2_MitoticArrest_24hr,8,156,False,indeterminate,0.4222756410256411,0.10136400983251478,0.1393205306205005,0.34641699694279265
APR_HepG2_P-H2AX_24hr,6,158,False,indeterminate,0.5917721518987342,0.07358468067901824,0.10113902138125953,0.2514796340825403
APR_HepG2_p53Act_24hr,6,158,False,indeterminate,0.5358649789029536,0.11737399043664361,0.1613255696543417,0.4011319733052966
ATG_Ahr_CIS,29,269,True,no_advantage,0.1435713370080758,0.07684405806417095,0.10561889730114715,0.26261873293560944
ATG_AP_1_CIS,25,273,True,no_advantage,0.0955311355311355,0.06040546159292946,0.08302474394421269,0.2064389386187592
ATG_AP_2_CIS,3,295,False,indeterminate,0.2401129943502825,0.15117792322122847,0.20778764095943122,0.5166587455732932
ATG_BRE_CIS,20,278,True,no_advantage,0.0901079136690647,0.07851672769920733,0.10791791074281266,0.2683351720623184
ATG_C_EBP_CIS,10,288,False,indeterminate,-0.1538194444444444,0.10681084568462386,0.14680697538893925,0.36503185365421986
ATG_CRE_CIS,14,284,False,indeterminate,0.3324949698189134,0.07795159065018979,0.10714115384781095,0.26640378557015765
ATG_DR4_LXR_CIS,26,272,True,no_advantage,0.135039592760181,0.08912653629733991,0.1225006424847413,0.30459476793639495
ATG_DR5_RAR_CIS,18,280,True,no_advantage,0.0515873015873016,0.09511645472592356,0.13073353121144693,0.3250656387848431
ATG_E_Box_CIS,8,290,False,indeterminate,0.1077586206896551,0.09342256938363036,0.12840535768034342,0.31927669382881596
ATG_EGR_CIS,19,279,True,no_advantage,0.0352763629503867,0.0657644807993261,0.09039048845919673,0.2247536771843124
ATG_ERE_CIS,62,236,True,no_advantage,0.062944231820667,0.055924445502921534,0.07686577745886507,0.19112482328613012
ATG_Ets_CIS,6,292,False,indeterminate,0.2094748858447488,0.08243881039320292,0.11330864699099204,0.2817391022231339
ATG_FoxA2_CIS,5,293,False,indeterminate,0.0744027303754266,0.10196497421472411,0.14014653066481375,0.34847082528776957
ATG_GRE_CIS,6,292,False,indeterminate,0.4606164383561644,0.0997477478845448,0.13709904715131882,0.34089333414360184
ATG_HIF1a_CIS,23,275,True,no_advantage,0.0216600790513833,0.09047056754729753,0.1243479564103055,0.30918806757180695
ATG_HSE_CIS,9,289,False,indeterminate,0.0449826989619377,0.13329101760084613,0.1832028481290364,0.4555292762493163
ATG_IR1_CIS,12,286,False,indeterminate,0.1302447552447552,0.1263945828967178,0.17372399124525323,0.43196033690128094
ATG_ISRE_CIS,14,284,False,indeterminate,0.0596076458752514,0.060511767444506245,0.08317085682662739,0.20680224462768212
ATG_MRE_CIS,29,269,True,no_advantage,0.0769132162543263,0.05342385303912929,0.07342881921799832,0.18257891302354282
ATG_Myc_CIS,5,293,False,indeterminate,0.1972696245733788,0.14907154208121648,0.20489250945663867,0.5094600738736874
ATG_NF_kB_CIS,8,290,False,indeterminate,0.0629310344827586,0.13709244645951424,0.1884277507999234,0.46852086538916354
ATG_NFI_CIS,5,293,False,indeterminate,0.1467576791808874,0.12082912563718627,0.16607450638544133,0.4129400851013967
ATG_NRF1_CIS,4,294,False,indeterminate,-0.151360544217687,0.10667088266654959,0.14661460215925373,0.36455352245476896
ATG_NRF2_ARE_CIS,69,229,True,no_advantage,0.085057907727359,0.038412631100802154,0.052796531592780666,0.13127724852833073
ATG_Oct_MLP_CIS,30,268,True,no_advantage,0.0636815920398009,0.061122123231625705,0.08400976495851051,0.20888816860789897
ATG_p53_CIS,17,281,True,no_advantage,0.2271299979066359,0.08438924827671797,0.11598944110443167,0.2884048293924434
ATG_Pax6_CIS,16,282,True,no_advantage,0.1367464539007091,0.06581112908487033,0.0904546045483816,0.22491310022822575
ATG_PBREM_CIS,22,276,True,no_advantage,0.103425559947299,0.0961459788266198,0.13214856840494973,0.3285840931931948
ATG_PPRE_CIS,47,251,True,no_advantage,-0.1449521064677461,0.05604796189942787,0.07703554550503874,0.1915469472650613
ATG_PXRE_CIS,142,156,True,no_advantage,-0.0181473456121343,0.0478150586430916,0.06571976930286165,0.16341055421102782
ATG_RORE_CIS,19,279,True,no_advantage,0.0782871156385587,0.07501714664213763,0.1031078850677628,0.25637516414283007
ATG_Sox_CIS,4,294,False,indeterminate,-0.0008503401360543,0.23671604989814757,0.3253561666778095,0.8089899291609556
ATG_Sp1_CIS,5,293,False,indeterminate,0.1733788395904436,0.11595141406879593,0.15937029879692197,0.3962702414728065
ATG_SREBP_CIS,21,277,True,no_advantage,0.0869864191163829,0.06107708853680932,0.08394786668131608,0.20873426009774526
ATG_TCF_b_cat_CIS,21,277,True,no_advantage,0.0809695719443011,0.059823020349263026,0.08222420316788634,0.2044484141035991
ATG_TGFb_CIS,4,294,False,indeterminate,0.3605442176870748,0.2577349972187326,0.35424581793200555,0.880823320733831
ATG_VDRE_CIS,62,236,True,no_advantage,0.0599371241115364,0.04395462938324877,0.060413773083958254,0.15021732800268708
ATG_Xbp1_CIS,12,286,False,indeterminate,0.0929487179487179,0.07058155317092239,0.09701135004465535,0.24121628307156692
BSK_3C_Eselectin,17,185,True,no_advantage,0.2089030206677265,0.07185670746329564,0.09876399551448228,0.24557419197170355
BSK_3C_HLADR,39,163,True,morphology_advantage,0.2457133868176813,0.05932528459278196,0.08154008648962631,0.20274737518144004
BSK_3C_IL8,15,187,True,no_advantage,0.2513368983957219,0.11491554112342234,0.1579465353857928,0.3927300895436994
BSK_3C_MCP1,17,185,True,no_advantage,0.1996820349761526,0.11004104263125945,0.15124674403421667,0.3760712267772466
BSK_3C_Proliferation,55,147,True,no_advantage,0.1443413729128014,0.05461407743582637,0.07506473214981005,0.18664656940249943
BSK_3C_SRB,33,169,True,no_advantage,0.1328671328671329,0.07514104426536912,0.10327817709389468,0.2567985909847547
BSK_3C_Thrombomodulin,4,198,False,indeterminate,0.1098484848484848,0.20963935288587743,0.2881403955038682,0.7164538497219226
BSK_3C_TissueFactor,19,183,True,no_advantage,0.0152430255967788,0.07143413809010954,0.09818319184073718,0.2441300382380361
BSK_3C_uPAR,25,177,True,no_advantage,0.1374011299435028,0.08770945826787864,0.12055292886013814,0.29975182697331837
BSK_3C_VCAM1,12,190,False,indeterminate,0.2245614035087719,0.09597255082356858,0.1319101989733391,0.32799139359397755
BSK_4H_Eotaxin3,26,176,True,no_advantage,0.1160402097902097,0.06794329790317169,0.09338518012080675,0.23219990271592775
BSK_4H_MCP1,31,171,True,no_advantage,0.2122241086587436,0.07019017145769725,0.09647341248622822,0.23987871485600598
BSK_4H_Pselectin,20,182,True,no_advantage,0.0956043956043955,0.07397754969064631,0.10167900316823512,0.25282228522099615
BSK_4H_SRB,22,180,True,no_advantage,0.097979797979798,0.09460723736084978,0.13003363354934303,0.323325360843082
BSK_4H_uPAR,26,176,True,no_advantage,0.2021416083916084,0.08652067528275774,0.1189189970873785,0.2956890966965395
BSK_4H_VCAM1,23,179,True,no_advantage,0.0471216905513723,0.0710096491429019,0.09759974979394737,0.24267932425612038
BSK_4H_VEGFRII,12,190,False,indeterminate,0.2249999999999999,0.09116338195190253,0.1253002004131876,0.3115557983460584
BSK_CASM3C_HLADR,9,193,False,indeterminate,0.0097869890616004,0.0856417435699883,0.1177109427414173,0.29268529993515974
BSK_CASM3C_IL6,13,189,False,indeterminate,0.1375661375661376,0.07055811303159129,0.09697913256771434,0.24113617512508356
BSK_CASM3C_LDLR,15,187,True,no_advantage,0.0374331550802138,0.09329484424277185,0.1282298048936355,0.3188401862379717
BSK_CASM3C_MCP1,6,196,False,indeterminate,0.0816326530612244,0.14956902658681454,0.20557628080122065,0.5111602541323373
BSK_CASM3C_MCSF,7,195,False,indeterminate,0.0,0.10333255958174098,0.1420262187248702,0.35314462239472777
BSK_CASM3C_Proliferation,34,168,True,morphology_advantage,0.2904411764705882,0.06518668018786619,0.08959632603493534,0.22277901228121338
BSK_CASM3C_SAA,8,194,False,indeterminate,0.4490979381443298,0.06639891226488741,0.09126248758956251,0.22692188110036607
BSK_CASM3C_SRB,7,195,False,indeterminate,0.2402930402930403,0.12997334903926136,0.17864285346044864,0.4441909641417476
BSK_CASM3C_Thrombomodulin,22,180,True,no_advantage,0.1025252525252525,0.09170408245752903,0.12604337031614554,0.31340367162686167
BSK_CASM3C_TissueFactor,9,193,False,indeterminate,0.1203223949337939,0.14362030087145494,0.1974000097110268,0.49083016161373805
BSK_CASM3C_uPAR,7,195,False,indeterminate,-0.1274725274725275,0.18128555529938706,0.24916930377828253,0.6195532098590637
BSK_CASM3C_VCAM1,9,193,False,indeterminate,0.2366148531951641,0.15139151522681066,0.20808121410835434,0.5173887078278155
BSK_LPS_CD40,26,176,True,no_advantage,0.1378933566433566,0.08388424736859444,0.11529533878350083,0.2866789614208172
BSK_LPS_Eselectin,14,188,False,indeterminate,0.0178571428571428,0.0666258434007703,0.09157439480710212,0.2276974305555944
BSK_LPS_IL1a,8,194,False,indeterminate,-0.0173969072164948,0.10989164316556846,0.15104140080767225,0.37556064600666494
BSK_LPS_IL8,13,189,False,indeterminate,0.2877492877492878,0.09591294060862074,0.13182826726216612,0.32778767245386614
BSK_LPS_MCP1,18,184,True,no_advantage,-0.058574879227053,0.09480300396072872,0.13030270643446243,0.32399440380758016
BSK_LPS_MCSF,23,179,True,no_advantage,0.1335924216662618,0.08614955927412801,0.11840891388004005,0.29442078762471674
BSK_LPS_PGE2,40,162,True,no_advantage,0.1875,0.06263048065217953,0.0860829382331684,0.21404306183684682
BSK_LPS_SRB,22,180,True,no_advantage,0.2131313131313131,0.07514832518757954,0.10328818441254198,0.2568234739309925
BSK_LPS_TissueFactor,7,195,False,indeterminate,0.0380952380952381,0.15905222942868316,0.21861054073326183,0.5435696137788981
BSK_LPS_TNFa,23,179,True,no_advantage,-0.0590235608452757,0.09410224061440416,0.1293395369484619,0.32159950709421564
BSK_LPS_VCAM1,29,173,True,no_advantage,0.1421168028702412,0.0692607812395505,0.09519600506558991,0.23670247341794154
BSK_SAg_CD38,24,178,True,no_advantage,-0.0065543071161049,0.08734625960702072,0.12005372771137746,0.29851057586658003
BSK_SAg_CD40,29,173,True,no_advantage,0.0699621287622084,0.06996808535636766,0.09616816456310637,0.23911972356893624
BSK_SAg_CD69,23,179,True,no_advantage,0.1197473888753947,0.07957689580264088,0.10937506681784703,0.27195835401075175
BSK_SAg_Eselectin,30,172,True,morphology_advantage,0.2410852713178294,0.05534392800149798,0.07606788078462683,0.1891408732643407
BSK_SAg_IL8,21,181,True,no_advantage,0.1510128913443831,0.07944492313407732,0.10919367598453195,0.2715073302637842
BSK_SAg_MCP1,17,185,True,no_advantage,0.1551669316375199,0.10416646570614811,0.14317238731007173,0.35599454176775414
BSK_SAg_MIG,8,194,False,indeterminate,0.2867268041237114,0.09044606877772442,0.12431428389101472,0.3091043416990999
BSK_SAg_Proliferation,56,146,True,morphology_advantage,0.2040117416829745,0.04720468651599606,0.06488083871237472,0.1613245743880572
BSK_SAg_SRB,24,178,True,no_advantage,0.0543071161048688,0.08234641274392836,0.11318165034251405,0.2814233282493226
OT_AR_ARSRC1_0480,11,191,False,indeterminate,0.0613993336506425,0.08375088701206011,0.1151120406319498,0.28622319517500494
OT_AR_ARSRC1_0960,20,182,True,no_advantage,0.0208791208791209,0.08950317921432796,0.1230183221931105,0.30588196551705854
OT_ER_ERaERa_0480,11,191,False,indeterminate,-0.2132317943836268,0.11544555373414987,0.15867501523070154,0.39454143636446365
OT_ER_ERaERa_1440,11,191,False,indeterminate,-0.0875773441218467,0.14721800317155168,0.20234489887131424,0.5031255041988724
OT_ER_ERaERb_0480,15,187,True,no_advantage,0.0139037433155079,0.0823319394413768,0.11316175740226193,0.28137386495348377
OT_ER_ERaERb_1440,21,181,True,no_advantage,0.1757432254669824,0.08868752489924828,0.12189723994540179,0.3030944226915507
OT_ER_ERbERb_0480,19,183,True,no_advantage,-0.0442910555076214,0.10270762240877394,0.14116726909683058,0.35100886573815043
OT_ER_ERbERb_1440,23,179,True,no_advantage,-0.0259897983968909,0.10017972990811437,0.13769278811363547,0.34236965612006576
OT_ERa_GFPERaERE_0120,19,183,True,no_advantage,0.1627840092033362,0.07287464105818933,0.10016310204954687,0.24905303519833702
OT_ERa_GFPERaERE_0480,22,180,True,no_advantage,0.2037878787878787,0.07424931072629598,0.10205252718086297,0.2537510432881975
OT_FXR_FXRSRC1_0480,24,178,True,no_advantage,0.0472846441947565,0.07333203477598754,0.10079177030735774,0.2506162030169934
OT_FXR_FXRSRC1_1440,17,185,True,no_advantage,0.2222575516693163,0.0877379354682586,0.12059206956376735,0.29984914934891566
TOX21_AhR_LUC_Agonist,25,627,True,no_advantage,0.1627432216905901,0.0824105517749761,0.11326980671925783,0.2816425268638909
CEETOX_H295R_11DCORT,25,54,True,no_advantage,-0.1281481481481481,0.07866655449459757,0.10812384131589702,0.26884721325530603
CEETOX_H295R_OHPREG,25,54,True,no_advantage,0.0088888888888889,0.10715842453756594,0.14728470777447103,0.366219723220903
CEETOX_H295R_OHPROG,27,52,True,no_advantage,-0.0555555555555555,0.0748923525168876,0.1029363608376452,0.2559486734566718
CEETOX_H295R_ANDR,21,58,True,no_advantage,0.0829228243021346,0.09233582729381724,0.12691167678856966,0.3155626938417748
CEETOX_H295R_CORTIC,18,61,True,no_advantage,0.0127504553734061,0.09342974925517816,0.12841522610914255,0.31930123142893785
CEETOX_H295R_CORTISOL,18,61,True,no_advantage,0.0892531876138433,0.11019396437631039,0.15145692848429035,0.3765938451284279
CEETOX_H295R_DOC,21,58,True,no_advantage,0.068144499178982,0.07594780780838778,0.10438703935264265,0.25955574911491586
CEETOX_H295R_ESTRADIOL,11,68,False,indeterminate,0.2072192513368984,0.09996632803498413,0.13739947629370017,0.341640343653502
CEETOX_H295R_ESTRONE,15,64,True,no_advantage,-0.1197916666666666,0.10174516541487513,0.13984441279595067,0.3477196168019263
CEETOX_H295R_PROG,27,52,True,no_advantage,0.0398860398860398,0.08246529492951624,0.11334504886241076,0.28182961456129263
CEETOX_H295R_TESTO,17,62,True,no_advantage,-0.0521821631878557,0.10073630505064476,0.13845777703145393,0.3442717818328011
LTEA_HepaRG_ABCB1,31,136,True,no_advantage,0.2405123339658443,0.06917895708053196,0.09508354123083361,0.23642283492010183
LTEA_HepaRG_ABCB11,21,146,True,no_advantage,0.1102413568166992,0.09528935599287862,0.13097117666664287,0.32565653823490576
LTEA_HepaRG_ABCC2,16,151,True,no_advantage,0.2665562913907284,0.09145154318592143,0.1256962658026104,0.312540604979982
LTEA_HepaRG_ABCC3,7,160,False,indeterminate,0.1419642857142856,0.1388830972303783,0.19088892430682197,0.47464051144145547
LTEA_HepaRG_ABCG2,25,142,True,no_advantage,0.1735211267605633,0.08211007160577291,0.11285680947611901,0.28061561960136033
LTEA_HepaRG_ACLY,11,156,False,indeterminate,0.3508158508158508,0.12296980032482956,0.16901677291437128,0.4202559568585434
LTEA_HepaRG_ACOX1,14,153,False,indeterminate,0.2478991596638655,0.10055140740937234,0.1382036430687672,0.3436398841233751
LTEA_HepaRG_ADK,8,159,False,indeterminate,0.1548742138364779,0.18898558895707845,0.25975267332688107,0.6458684921812933
LTEA_HepaRG_AFP,18,149,True,no_advantage,0.2565249813571961,0.08288654332946561,0.11392403691449114,0.2832692537973345
LTEA_HepaRG_ALPP,24,143,True,no_advantage,0.1987179487179486,0.08227307663830032,0.11308085297699327,0.2811726981339481
LTEA_HepaRG_APOA5,14,153,False,indeterminate,0.1619981325863678,0.09376157063524353,0.12887130051679788,0.3204352489781014
LTEA_HepaRG_BAX,10,157,False,indeterminate,0.3375796178343949,0.1333266706688145,0.18325185175819245,0.45565112254128726
LTEA_HepaRG_BCL2,11,156,False,indeterminate,0.1748251748251749,0.11262105523848134,0.15479286189241562,0.3848885596841149
LTEA_HepaRG_BCL2L11,4,163,False,indeterminate,0.3082822085889571,0.22758984756639342,0.31281258879932083,0.7778006381050637
LTEA_HepaRG_BID,9,158,False,indeterminate,-0.3319268635724332,0.16488660025043417,0.22662963587429064,0.5635088922512195
LTEA_HepaRG_CASP3,5,162,False,indeterminate,-0.0555555555555555,0.04104545997238077,0.05641524316533376,0.14027508388097265
LTEA_HepaRG_CAT,14,153,False,indeterminate,0.2721755368814192,0.09496809473294784,0.13052961669604463,0.3245586104685993
LTEA_HepaRG_CCND1,5,162,False,indeterminate,0.3,0.1878864339911409,0.258241931463555,0.6421120705173913
LTEA_HepaRG_CCND2,3,133,False,indeterminate,-0.0576441102756891,0.19253857954178794,0.26463610813149535,0.6580110300559766
LTEA_HepaRG_CDKN1A,11,156,False,indeterminate,0.3304195804195804,0.10852484724865266,0.1491627978132832,0.37088954688821074
LTEA_HepaRG_CFLAR,4,163,False,indeterminate,-0.1319018404907975,0.06454294567244598,0.08871154025726866,0.22057901468809565
LTEA_HepaRG_CYP1A1,81,86,True,no_advantage,-0.0321561871949468,0.052691528137693976,0.07242226971366086,0.18007615298513446
LTEA_HepaRG_CYP1A2,57,110,True,no_advantage,0.0676236044657097,0.06760156340738897,0.09291548055621332,0.23103200655656692
LTEA_HepaRG_CYP2B6,64,103,True,no_advantage,0.1615594660194174,0.06581935147645115,0.0904659058767318,0.22494120069705903
LTEA_HepaRG_CYP2C19,35,132,True,no_advantage,0.0318181818181817,0.07176159060314935,0.09863326142603775,0.24524912494737264
LTEA_HepaRG_CYP2C8,27,140,True,no_advantage,0.1976190476190475,0.10409071905732514,0.14306827675520933,0.35573567349037355
LTEA_HepaRG_CYP2C9,13,154,False,indeterminate,0.2437562437562437,0.11943239383779994,0.16415475779078173,0.4081666784822486
LTEA_HepaRG_CYP2E1,43,124,True,no_advantage,0.1065266316579145,0.07552508945343175,0.10380603090977611,0.2581110862279758
LTEA_HepaRG_CYP3A4,34,133,True,no_advantage,-0.0645731977001326,0.06810434340989718,0.09360653033660934,0.23275028446289256
LTEA_HepaRG_CYP3A5,7,160,False,indeterminate,-0.1321428571428571,0.12282076005464547,0.1688119233868104,0.4197466036580729
LTEA_HepaRG_CYP3A7,34,133,True,no_advantage,0.0944272445820433,0.07445747952758426,0.10233864636559173,0.25446247144813927
LTEA_HepaRG_CYP4A11,32,135,True,no_advantage,0.0541666666666666,0.07181511768119411,0.09870683212364613,0.2454320566374471
LTEA_HepaRG_CYP4A22,32,135,True,no_advantage,0.0280092592592592,0.0816222342038794,0.11218629766625049,0.27894840884243755
LTEA_HepaRG_CYP7A1,20,147,True,no_advantage,0.0397959183673468,0.10765210298901588,0.14796324785911805,0.36790689608323585
LTEA_HepaRG_DDIT3,14,153,False,indeterminate,0.1489262371615312,0.07150885563198199,0.0982858879317613,0.2443853894866417
LTEA_HepaRG_EGF,9,158,False,indeterminate,0.1976090014064697,0.161762121540486,0.2223351724596951,0.552830816931386
LTEA_HepaRG_EGR1,7,160,False,indeterminate,0.3205357142857142,0.11017637292460876,0.1514327497803351,0.3765337253888832
LTEA_HepaRG_EZR,9,158,False,indeterminate,0.219409282700422,0.15382447952176645,0.21142522030063152,0.5257034951583506
LTEA_HepaRG_FABP1,26,141,True,no_advantage,0.0807419530823785,0.10435255543747966,0.14342815974996412,0.35663051350956154
LTEA_HepaRG_FAS,8,159,False,indeterminate,0.1517295597484276,0.08779069029989567,0.12066457884145493,0.30002944184504055
LTEA_HepaRG_FASN,18,149,True,no_advantage,-0.0249813571961222,0.10163510272985168,0.1396931363053667,0.34734347161110085
LTEA_HepaRG_FMO3,11,156,False,indeterminate,0.0104895104895105,0.10453747098091047,0.14368231831840794,0.357262472400584
LTEA_HepaRG_FOXO1,7,160,False,indeterminate,0.5437500000000001,0.13214726300348706,0.18163080596469228,0.4516204329279903
LTEA_HepaRG_FOXO3,7,160,False,indeterminate,0.1258928571428572,0.11048197479832209,0.15185278658900822,0.3775781363541438
LTEA_HepaRG_GADD45A,12,155,False,indeterminate,0.1709677419354839,0.11854532619062538,0.16293552094818997,0.405135076724119
LTEA_HepaRG_GADD45B,9,158,False,indeterminate,0.0323488045007032,0.14122234351789587,0.1941041190743482,0.48263501240259904
LTEA_HepaRG_GADD45G,15,152,True,no_advantage,0.2605263157894736,0.12652689766353512,0.17390585227810285,0.43241252978757044
LTEA_HepaRG_GCLC,8,159,False,indeterminate,0.0668238993710692,0.18445863374240856,0.2535305654638914,0.6303973774004984
LTEA_HepaRG_GCLM,8,159,False,indeterminate,0.3199685534591194,0.12886314136798918,0.1771169201226085,0.440396769258372
LTEA_HepaRG_GSTA2,16,151,True,no_advantage,-0.1287251655629139,0.10986817470460677,0.1510091444038517,0.3754804412694742
LTEA_HepaRG_HGF,5,162,False,indeterminate,-0.3654320987654321,0.09488321321408429,0.1304129506499057,0.32426852327779815
LTEA_HepaRG_HIF1A,3,164,False,indeterminate,-0.190040650406504,0.23569681909508322,0.3239552771851551,0.8055066526550977
LTEA_HepaRG_HMGCS2,22,145,True,no_advantage,0.1670846394984326,0.08073694706080307,0.11096950805099459,0.27592289205355663
LTEA_HepaRG_HSPA1A,7,160,False,indeterminate,0.1419642857142857,0.14829552923114975,0.20382591272059536,0.5068080079031982
LTEA_HepaRG_ICAM1,7,160,False,indeterminate,-0.2142857142857142,0.08668450647608333,0.11914417611121572,0.29624899867842813
LTEA_HepaRG_IGF1,24,143,True,no_advantage,0.0722610722610722,0.0682526082954334,0.09381031413087149,0.23325698774430761
LTEA_HepaRG_IGFBP1,14,153,False,indeterminate,0.142390289449113,0.09813829595025143,0.13488692375698547,0.3353929449352141
LTEA_HepaRG_IL6,6,161,False,indeterminate,-0.2298136645962732,0.1349431604032723,0.1854736483102366,0.46117556381314484
LTEA_HepaRG_IL6R,8,159,False,indeterminate,0.2641509433962264,0.18380440775826093,0.2526313596076139,0.6281615246444281
LTEA_HepaRG_JUN,6,161,False,indeterminate,-0.3095238095238095,0.1368205276063887,0.1880540098738712,0.4675915679721856
LTEA_HepaRG_KCNK1,7,160,False,indeterminate,-0.3232142857142857,0.12164934814215428,0.16720186741632237,0.4157432399634172
LTEA_HepaRG_KRT19,18,149,True,no_advantage,0.0178970917225951,0.09243380132379997,0.12704633793572412,0.3158975253988638
LTEA_HepaRG_LIPC,11,156,False,indeterminate,0.1917249417249417,0.10111813080698613,0.13898258033260538,0.3455766920478344
LTEA_HepaRG_LPL,17,150,True,no_advantage,0.243921568627451,0.11290676562166392,0.15518555869135398,0.38586499040248345
LTEA_HepaRG_MIR122,9,158,False,indeterminate,0.3410689170182841,0.10648479942381948,0.14635883863766874,0.36391757288810866
LTEA_HepaRG_MMP10,6,161,False,indeterminate,-0.0693581780538302,0.1493059724796931,0.20521472409241823,0.5102612524652462
LTEA_HepaRG_MMP3,10,157,False,indeterminate,-0.0165605095541401,0.13776564383933373,0.18935303203459194,0.47082155391808184
LTEA_HepaRG_MYC,11,156,False,indeterminate,0.2115384615384615,0.09820347408892556,0.13497650834307218,0.3356156947564092
LTEA_HepaRG_NFE2L2,14,153,False,indeterminate,0.046218487394958,0.12697450978685773,0.17452107614934192,0.4339422684770009
LTEA_HepaRG_NFKB1,8,159,False,indeterminate,-0.3443396226415094,0.15239420695467465,0.20945937134390194,0.5208154611478544
LTEA_HepaRG_NQO1,5,162,False,indeterminate,0.0901234567901234,0.10287552572713213,0.14139804508374404,0.3515826844280235
LTEA_HepaRG_PDK4,24,143,True,no_advantage,0.0096153846153845,0.08078802844643629,0.1110397172481545,0.2760974654572724
LTEA_HepaRG_PEG10,27,140,True,no_advantage,0.06005291005291,0.0894065895422374,0.12288556378714026,0.30555186507809023
LTEA_HepaRG_PPP2R4,6,161,False,indeterminate,0.196687370600414,0.2051932562413179,0.2820294243146507,0.7012590734865444
LTEA_HepaRG_PTEN,8,159,False,indeterminate,-0.1139937106918239,0.17721752944655011,0.2435779748506718,0.6056505110436369
LTEA_HepaRG_SDHB,4,163,False,indeterminate,0.0306748466257668,0.3532432876637398,0.48551791071366857,1.207228079323861
LTEA_HepaRG_SLC22A1,18,149,True,no_advantage,0.2013422818791946,0.08389823151575095,0.11531455940041742,0.28672675300158407
LTEA_HepaRG_SLCO1B1,14,153,False,indeterminate,-0.3132586367880485,0.08367164177639219,0.11500312141791472,0.28595237028747866
LTEA_HepaRG_STAT3,5,162,False,indeterminate,-0.1061728395061728,0.20097820250188705,0.27623601179533797,0.686853898900626
LTEA_HepaRG_SULT2A1,9,158,False,indeterminate,-0.230661040787623,0.1913472656912523,0.2629986977916082,0.6539396504094847
LTEA_HepaRG_TGFA,13,154,False,indeterminate,0.1158841158841158,0.11085412684388535,0.15236429378515257,0.37884998613833404
LTEA_HepaRG_TGFB1,13,154,False,indeterminate,0.1963036963036962,0.08579885660958315,0.11792688794800416,0.2932222422625887
LTEA_HepaRG_THRSP,24,143,True,no_advantage,0.1518065268065268,0.09419818458134789,0.12947140786010522,0.3219274008008512
LTEA_HepaRG_TNFRSF1A,6,161,False,indeterminate,0.1563146997929606,0.07876416885644585,0.10825800811446147,0.2691808156270536
LTEA_HepaRG_TP53,10,157,False,indeterminate,0.1968152866242038,0.10848726416154074,0.14911114145470544,0.37076110465122086
LTEA_HepaRG_UGT1A1,42,125,True,no_advantage,0.0047619047619048,0.06830204431882635,0.09387826184744516,0.23342593803339812
LTEA_HepaRG_UGT1A6,10,157,False,indeterminate,0.2312101910828025,0.10447530802735297,0.14359687797632914,0.35705002713793044
LTEA_HepaRG_XBP1,4,163,False,indeterminate,-0.1717791411042944,0.13155852531663162,0.18082161099436195,0.44960838997700114
TOX21_ARE_BLA_Agonist_ratio,85,502,True,no_advantage,0.1145066791656901,0.03440830354224731,0.04729275326792991,0.11759224208569027
TOX21_HSE_BLA_Agonist_ratio,12,575,False,indeterminate,-0.0382608695652173,0.08759013828529548,0.12038892860684723,0.2993440444663909
TOX21_p53_BLA_p1_ratio,37,615,True,no_advantage,0.1066139310041748,0.05109044100529056,0.07022164338460511,0.17460435094052923
TOX21_FXR_BLA_Antagonist_ratio,30,557,True,no_advantage,0.1665469778575703,0.07075817639210914,0.09725411116801955,0.24181990250192464
TOX21_PPARd_BLA_Antagonist_ratio,7,580,False,indeterminate,0.1701970443349754,0.13085930935660683,0.17986056832517458,0.44721878154017547
TOX21_PPARg_BLA_Antagonist_ratio,32,555,True,no_advantage,0.1104166666666667,0.06294657182711531,0.08651739214130871,0.2151233205574943
TOX21_VDR_BLA_Antagonist_ratio,3,584,False,indeterminate,0.0316780821917808,0.1179809351496344,0.1621597894095675,0.4032062397548183
LTEA_HepaRG_LDH_cytotoxicity,4,163,False,indeterminate,0.2415644171779141,0.28266778476049786,0.388514876505226,0.9660324733699813
TOX21_p53_BLA_p2_ratio,47,605,True,no_advantage,0.1139089150694566,0.054401509929130586,0.07477256713113659,0.18592010842844323
TOX21_p53_BLA_p3_ratio,32,620,True,no_advantage,0.1114415322580645,0.06548775665300903,0.09001014286154227,0.22380795741743348
TOX21_p53_BLA_p4_ratio,37,615,True,no_advantage,0.1327180839375961,0.05333838953050569,0.07331135325162816,0.18228683685119623
TOX21_p53_BLA_p5_ratio,33,619,True,no_advantage,0.1331081411856856,0.062073234321368805,0.08531702679553727,0.21213864230178892
TOX21_ESRE_BLA_ratio,5,582,False,indeterminate,0.181615120274914,0.1357045742959555,0.1865201793987928,0.46377773705559705
CLD_CYP1A1_48hr,19,26,True,no_advantage,0.2753036437246963,0.10583690191967718,0.14546833100863993,0.36170334805542337
CLD_CYP1A2_48hr,26,19,True,no_advantage,0.291497975708502,0.11771695176764521,0.16179695545188866,0.4023040622405053
CLD_CYP2B6_48hr,25,20,True,no_advantage,0.004,0.07193717235500316,0.09887459109399355,0.24584918509984344
CLD_CYP3A4_48hr,23,22,True,no_advantage,0.0810276679841897,0.0806664179046489,0.11087256871842624,0.2756818548401294
CLD_HMGCS2_48hr,3,42,False,indeterminate,-0.2103174603174603,0.25178766204965297,0.34607145808867235,0.8604979804825029
CLD_SULT2A_48hr,5,40,False,indeterminate,0.0899999999999999,0.11200149678310144,0.1539413050834795,0.3827711850863868
CLD_UGT1A1_48hr,6,39,False,indeterminate,-0.0982905982905983,0.1676926388759509,0.23048641690430874,0.5730986813249068
TOX21_AR_LUC_MDAKB2_Antagonist_0.5nM_R1881,90,505,True,no_advantage,0.0997579757975798,0.03273547501544518,0.04499352143627417,0.11187525993776085
TOX21_RXR_BLA_Agonist_ratio,11,584,False,indeterminate,0.2573163138231631,0.07640832176185636,0.10501999624199024,0.26112958050807433
TOX21_AR_LUC_MDAKB2_Agonist_3uM_Nilutamide,19,576,True,no_advantage,0.3519736842105264,0.10171159772165629,0.139798275425905,0.34760489739117706
TOX21_AP1_BLA_Agonist_ratio,38,557,True,no_advantage,0.1495322687328734,0.05567668605763486,0.0765252426137991,0.19027809195474102
ACEA_AR_agonist_80hr,13,189,False,indeterminate,0.4192104192104192,0.09417311938879835,0.1294369568164668,0.32184173914692543
ACEA_AR_antagonist_80hr,10,192,False,indeterminate,0.0770833333333333,0.09857227369026522,0.13548340774687603,0.3368760873807823
CPHEA_Stoker_NIS_Inhibition_RAIU,8,69,False,indeterminate,-0.3260869565217391,0.08504279540133287,0.11688771389708558,0.29063836210927035
TOX21_TSHR_HTRF_Agonist_ratio,15,580,True,no_advantage,0.013103448275862,0.09801223006697293,0.13471365154941867,0.33496210794707165
TOX21_TSHR_HTRF_Antagonist_ratio,3,592,False,indeterminate,-0.1548423423423423,0.12563634381912744,0.17268182380533414,0.429369013761465
TOX21_TSHR_wt_Agonist_HTRF_ratio,3,592,False,indeterminate,0.0518018018018018,0.40756950067529246,0.5601869854264568,1.3928908564558262
TOX21_CAR_Agonist,37,558,True,no_advantage,0.1146953405017921,0.07012074691395956,0.09637799139655741,0.23964145271537565
TOX21_CAR_Antagonist,20,575,True,no_advantage,0.2019999999999999,0.063371718139078,0.08710173770806225,0.21657628111908583
TOX21_ERa_LUC_VM7_Antagonist_0.1nM_E2,55,540,True,no_advantage,0.1525252525252525,0.043844504175498074,0.06026241065853852,0.14984096913705292
TOX21_ERR_Agonist,16,579,True,no_advantage,0.2582037996545768,0.11401538583494983,0.15670931013554812,0.38965376006215996
TOX21_ERR_Antagonist,99,496,True,no_advantage,0.1054496578690127,0.0337470154410591,0.0463838408314271,0.1153322541619081
TOX21_HDAC_Inhibition,25,570,True,no_advantage,0.0189473684210527,0.08856372711158192,0.12172708513901816,0.30267133704308036
TOX21_PGC_ERR_Agonist,22,573,True,no_advantage,0.2053783912422656,0.06131261423348467,0.08427158675799608,0.20953918193025708
TOX21_PGC_ERR_Antagonist,42,553,True,no_advantage,0.0762938086627056,0.04294220462396638,0.05902223820970046,0.1467573115203021
TOX21_ERb_BLA_Agonist_ratio,11,584,False,indeterminate,0.3614570361145703,0.1330404682401924,0.18285847866367502,0.454673010230963
TOX21_ERb_BLA_Antagonist_ratio,59,536,True,no_advantage,0.1195927143941311,0.04279972892829652,0.058826411411273205,0.14627039310899576
TOX21_PR_BLA_Agonist_ratio,23,572,True,no_advantage,0.0859683794466403,0.11364344636654237,0.15619809511768473,0.38838263677192014
TOX21_PR_BLA_Antagonist_ratio,145,450,True,morphology_advantage,0.1837088122605363,0.0327900852058584,0.04506858082587634,0.11206189322305295
TOX21_PXR_agonist,124,471,True,morphology_advantage,0.159886309156907,0.03206554225672559,0.044072727284788955,0.10958572842837498
TOX21_SBE_BLA_Antagonist_ratio,20,575,True,no_advantage,0.1568695652173912,0.08408683561451008,0.11557378773165393,0.28737131773033936
CCTE_Simmons_MITO_basal_resp_rate,20,25,True,no_advantage,-0.1559999999999999,0.11536079380301592,0.158558516301738,0.3942517647063178
CCTE_Simmons_MITO_max_resp_rate,17,28,True,no_advantage,0.1386554621848739,0.12469897755181364,0.17139345364354103,0.4261655137431167
CCTE_Deisenroth_AIME_96WELL_LUC_Active,5,8,False,indeterminate,0.1374999999999999,0.25475241155223033,0.35014638048507746,0.8706301725797521
CCTE_Deisenroth_AIME_96WELL_LUC_Inactive,7,6,False,indeterminate,0.3928571428571428,0.21772903554788314,0.29925932107601516,0.7441007786331076
UKN4_HCS_LUHMES_neurite_outgrowth,6,9,False,indeterminate,-0.074074074074074,0.1746422325926592,0.240038338595336,0.5968492944793437
IUF_NPC1b_proliferation_BrdU_72hr,3,24,False,indeterminate,-0.1944444444444444,0.16408922529136982,0.22553367782582845,0.5607838201155289
BSK_BT_Bcell_Proliferation,7,29,False,indeterminate,0.2512315270935961,0.21307533081146965,0.2928630013733953,0.7281964904926665
BSK_BT_sIgG,17,19,True,no_advantage,-0.0371517027863776,0.06733957569365909,0.0925553895598803,0.2301366493466837
BSK_BT_xIL17A,7,29,False,indeterminate,-0.0935960591133004,0.0912385467158114,0.12540351119192505,0.3118126780002103
BSK_BT_xIL17F,9,27,False,indeterminate,0.1069958847736626,0.08150275557663737,0.11202207936260729,0.2785400841587908
BSK_BT_xIL2,6,30,False,indeterminate,-0.0444444444444444,0.19675722386042535,0.27043445574957853,0.6724284756409219
BSK_BT_xIL6,5,31,False,indeterminate,0.6451612903225807,0.1007220460893148,0.13843817869411634,0.34422305105970313
BSK_BT_xTNFa,5,31,False,indeterminate,-0.0129032258064515,0.1994825085325727,0.2741802438970961,0.6817422837025745
BSK_MyoF_VCAM1,4,32,False,indeterminate,-0.3359375,0.12390898141860916,0.17030763747813824,0.4234656591446917
BSK_MyoF_CollagenI,5,31,False,indeterminate,0.0838709677419354,0.21212202259014995,0.2915527196722412,0.7249385079825418
BSK_MyoF_CollagenIII,7,29,False,indeterminate,-0.0443349753694581,0.18696648075039426,0.25697749476794035,0.638968080461021
BSK_MyoF_PAI1,4,32,False,indeterminate,0.5546875,0.22595167199864022,0.3105609859895462,0.772202084322673
BSK_MyoF_TIMP1,3,33,False,indeterminate,-0.2828282828282829,0.08756267903936721,0.12035118703841988,0.2992502010052995
IUF_NPC5_oligodendrocyte_differentiation_120hr,6,21,False,indeterminate,-0.1150793650793651,0.16861237791327185,0.23175055918640342,0.5762419393294612
CCTE_Deisenroth_5AR_NBTE_ratio,5,21,False,indeterminate,0.0857142857142856,0.18458802102242516,0.25370840279034723,0.6308395654419937
CCTE_Deisenroth_DEVTOX_RUES2-GLR_Endo_Bra,4,26,False,indeterminate,-0.2692307692307693,0.332682719604112,0.45725828230453863,1.1369612237167985
TOX21_AR_BLA_Agonist_ratio,25,627,True,no_advantage,0.2667942583732058,0.089456357815775,0.12295396816744034,0.30572195085005616
TOX21_AR_BLA_Antagonist_ratio,72,580,True,no_advantage,0.1190373563218391,0.04135007899327273,0.05683392908450654,0.14131613589345132
TOX21_AR_LUC_MDAKB2_Agonist,31,621,True,no_advantage,0.142953612799335,0.05660036817373406,0.07779480449036891,0.193434825644712
TOX21_AR_LUC_MDAKB2_Antagonist_10nM_R1881,49,603,True,no_advantage,0.0856601347006463,0.03554267369372706,0.0488518969095967,0.12146901355464121
TOX21_Aromatase_Inhibition,47,605,True,no_advantage,0.0785651485844909,0.04850440358819532,0.06666724468086907,0.16576642791940913
TOX21_ELG1_LUC_Agonist,9,643,False,indeterminate,0.0231553481942284,0.09784871778759817,0.13448891085927528,0.33440329587089324
TOX21_ERa_BLA_Agonist_ratio,20,632,True,no_advantage,0.2153481012658228,0.11665225837418088,0.16033357955771588,0.3986654148681473
TOX21_ERa_BLA_Antagonist_ratio,37,615,True,no_advantage,0.0395078004834102,0.06319340022123533,0.08685664729605079,0.2159668699710638
TOX21_ERa_LUC_VM7_Agonist,61,591,True,no_advantage,-0.0152839033591301,0.053597107453500444,0.07366695005933359,0.18317101937403849
TOX21_ERa_LUC_VM7_Antagonist_0.5nM_E2,42,610,True,no_advantage,0.0001561280249804,0.0492181017939068,0.06764819258226837,0.16820553021572263
TOX21_GR_BLA_Agonist_ratio,17,635,True,no_advantage,0.2817044928207504,0.09571099757653548,0.13155070513304634,0.3270975211975762
TOX21_GR_BLA_Antagonist_ratio,53,599,True,morphology_advantage,0.214665952688443,0.055423311903520324,0.07617699058968241,0.18941217205164812
TOX21_PPARg_BLA_Agonist_ratio,11,641,False,indeterminate,-0.0575804850375833,0.10737401040280913,0.14758102139889837,0.36695649959887244
TOX21_MMP_ratio,84,568,True,no_advantage,0.0122610663983904,0.039142171286987285,0.053799253624162734,0.13377049165145616
CCTE_Deisenroth_H295R-HTRF_384WELL_TESTOSTERONE,5,5,False,indeterminate,0.2599999999999999,0.2870140484115791,0.39448863148084057,0.9808860649397795
NVS_ADME_hCYP19A1,12,30,False,indeterminate,0.1055555555555556,0.14100513689098393,0.19380557778177643,0.4818926969837908
NVS_ADME_hCYP1A1,12,22,False,indeterminate,0.0946969696969696,0.13368048013709868,0.18373814786014575,0.4568602855735651
NVS_ADME_hCYP1A2,23,11,False,indeterminate,0.1067193675889328,0.13488481874438712,0.18539346017554664,0.46097617803212587
NVS_ADME_hCYP2A6,4,16,False,indeterminate,0.46875,0.3116090407451282,0.42829340487308304,1.064940784145314
NVS_ADME_hCYP2B6,19,9,False,indeterminate,0.1754385964912281,0.1405210990130437,0.19314028825636714,0.4802384713038904
NVS_ADME_hCYP2C19,63,13,False,indeterminate,-0.1147741147741147,0.12267364492926436,0.1686097198890969,0.41924382974429825
NVS_ADME_hCYP2C9,34,14,False,indeterminate,0.1029411764705882,0.15968787234164078,0.21948420494667192,0.545741957882082
NVS_ADME_hCYP2D6,13,11,False,indeterminate,0.3286713286713286,0.1302324050662796,0.1789989149777885,0.4450763021534133
NVS_ADME_hCYP2J2,8,4,False,indeterminate,0.0,0.0,0.0,
NVS_ADME_hCYP3A4,19,22,True,no_advantage,0.2535885167464114,0.10542250129677293,0.1448987549355556,0.360287111468543
NVS_ENZ_hAChE,7,8,False,indeterminate,0.0357142857142857,0.17482065781167191,0.24028357648825285,0.5974590723349295
NVS_ENZ_hCASP5,8,6,False,indeterminate,0.1458333333333333,0.21429543495109127,0.29453998274405363,0.7323662625123762
NVS_ENZ_hDUSP3,15,11,False,indeterminate,0.0242424242424242,0.10582064761423111,0.1454459901554776,0.3616477980856726
NVS_ENZ_hElastase,5,7,False,indeterminate,0.2571428571428572,0.1618842623583335,0.2225030498313683,0.5532482397957023
NVS_ENZ_hES,12,15,False,indeterminate,0.0,0.08278404505906493,0.11378315739084659,0.2829189604034297
NVS_ENZ_hGSK3b,6,36,False,indeterminate,-0.1759259259259259,0.08234909345419425,0.11318533486503148,0.2814324897219352
NVS_ENZ_hMMP1,8,12,False,indeterminate,-0.03125,0.1679192281951758,0.2307978543093553,0.573873062603182
NVS_ENZ_hMMP13,4,8,False,indeterminate,0.125,0.18660584619959378,0.25648181787965796,0.6377355923393638
NVS_ENZ_hMMP3,5,13,False,indeterminate,-0.1692307692307692,0.16654571773313748,0.22891002245759476,0.5691790161628822
NVS_ENZ_hPDE10,7,19,False,indeterminate,0.2105263157894736,0.1267429677970301,0.17420283150869467,0.4331509611785349
NVS_ENZ_hPDE4A1,5,15,False,indeterminate,-0.3733333333333333,0.17947521832239224,0.24668107241634676,0.6133662851304421
NVS_ENZ_hPDE5,4,22,False,indeterminate,0.2727272727272727,0.2886957787660045,0.3968000984968582,0.9866334695660387
NVS_ENZ_hPI3Ka,6,23,False,indeterminate,-0.4492753623188406,0.11802786027848326,0.16222428600812808,0.40336660892572856
NVS_ENZ_hPTEN,3,25,False,indeterminate,-0.4133333333333334,0.26673552309737464,0.36661665885816747,0.9115831057002788
NVS_ENZ_hPTPN11,4,11,False,indeterminate,0.0113636363636363,0.14252445076748482,0.19589381024024902,0.48708503449471396
NVS_ENZ_hSIRT3,5,14,False,indeterminate,-0.3571428571428572,0.22331984854638331,0.30694365632319065,0.7632076850450509
NVS_ENZ_hTie2,3,17,False,indeterminate,-0.2549019607843137,0.28064507994647964,0.38573475456210937,0.9591197700492297
NVS_ENZ_hVEGFR2,4,21,False,indeterminate,-0.2857142857142857,0.2507011838130985,0.3445781398520073,0.8567848822282726
NVS_GPCR_h5HT5A,8,16,False,indeterminate,0.2265625,0.16116223850750422,0.2215106586840133,0.5507806841559971
NVS_GPCR_h5HT6,10,7,False,indeterminate,0.0571428571428571,0.1617042577361235,0.22225564111577115,0.5526330642440953
NVS_GPCR_hAdoRA1,11,8,False,indeterminate,-0.0681818181818181,0.16352995285261387,0.22476498158879477,0.558872476246765
NVS_GPCR_hAdoRA2a,10,7,False,indeterminate,-0.1285714285714285,0.19845177428428953,0.27276354340708187,0.6782196935492615
NVS_GPCR_hAdra2C,12,4,False,indeterminate,0.0,0.0,0.0,
NVS_GPCR_hDRD1,19,14,False,indeterminate,0.1541353383458646,0.07594948255885668,0.10438934122610218,0.2595614726654051
NVS_GPCR_hDRD2s,6,8,False,indeterminate,-0.1041666666666666,0.20408538116006214,0.2805066970228159,0.6974728503559627
NVS_GPCR_hM1,9,3,False,indeterminate,0.0,0.0,0.0,
NVS_GPCR_hM3,9,4,False,indeterminate,0.0,0.0,0.0,
NVS_GPCR_hM4,9,10,False,indeterminate,0.0555555555555554,0.16234064410459484,0.22313032717723985,0.5548079491467883
NVS_GPCR_hNK2,20,14,False,indeterminate,0.0142857142857143,0.14008741923774984,0.1925442138063414,0.47875634716890053
NVS_GPCR_hNPY1,6,4,False,indeterminate,0.0,0.0,0.0,
NVS_GPCR_hNPY2,4,5,False,indeterminate,0.125,0.15873307423560384,0.21817187546219008,0.542478883610193
NVS_GPCR_hOpiate_mu,22,17,True,no_advantage,0.1310160427807487,0.11596087241313913,0.15938329888990233,0.39630256587718665
NVS_GPCR_hTXA2,11,14,False,indeterminate,-0.1883116883116883,0.1841445058007099,0.25309880993653516,0.6293238281358347
NVS_IC_hKhERGCh,6,12,False,indeterminate,-0.0277777777777777,0.23466003134507243,0.32253025641386746,0.801963374331566
NVS_MP_hPBR,33,23,True,no_advantage,0.147562582345191,0.0846041777738384,0.1162848525787241,0.28913936259678197
NVS_NR_hAR,28,12,False,indeterminate,0.0327380952380952,0.16886362342208236,0.23209588547786855,0.5771005844718674
NVS_NR_hCAR_Antagonist,9,38,False,indeterminate,-0.1842105263157895,0.10193660916696486,0.14010754411020304,0.34837388619983156
NVS_NR_hER,20,111,True,no_advantage,0.231081081081081,0.10420962668338786,0.14323171024195924,0.3561420467465451
NVS_NR_hFXR_Antagonist,6,39,False,indeterminate,-0.1196581196581195,0.1639415188282335,0.225330661559461,0.5602790252729287
NVS_NR_hGR,32,22,True,no_advantage,-0.1633522727272727,0.10109714857878,0.138953741150216,0.34550498414582514
NVS_NR_hPPARa,4,51,False,indeterminate,-0.1813725490196078,0.16360972134792873,0.22487462000101255,0.5591450894024923
NVS_NR_hPPARg,17,85,True,no_advantage,0.0304498269896194,0.12114137216091206,0.1665036759836228,0.4140072045181763
NVS_NR_hPR,15,43,True,no_advantage,-0.1472868217054263,0.1461389578001465,0.20086179679241895,0.49943780816410777
NVS_NR_hPXR,8,45,False,indeterminate,-0.3222222222222222,0.13110982366303237,0.1802048896099866,0.44807492775880403
NVS_NR_hRARa_Agonist,5,16,False,indeterminate,-0.0749999999999999,0.18845256550510062,0.25902005520842436,0.6440468556473861
NVS_TR_hAdoT,6,7,False,indeterminate,0.0357142857142857,0.28098114705190136,0.3861966645391201,0.9602682975948922
NVS_TR_hDAT,44,14,False,indeterminate,0.021103896103896,0.1135619708537303,0.1560861104823461,0.38810418979138567
NVS_TR_hNET,30,21,True,no_advantage,-0.0158730158730159,0.07979898597717748,0.10968032033941907,0.27271735921822715
NVS_TR_hSERT,7,7,False,indeterminate,0.336734693877551,0.1891455850285852,0.2599725811385032,0.6464152874265248
CCTE_GLTED_hIYD,11,5,False,indeterminate,-0.0818181818181818,0.257164973902118,0.35346234506951696,0.87887523515735
NVS_ENZ_hAurA,4,15,False,indeterminate,0.1916666666666666,0.22690072976073122,0.3118654256148382,0.7754455406580335
NVS_ENZ_hBACE,13,23,False,indeterminate,0.1137123745819397,0.11047899732015869,0.1518486941716076,0.37756796066115833
NVS_ENZ_hSIRT2,6,13,False,indeterminate,0.2435897435897436,0.1974900270226102,0.27144166260302355,0.6749328701613607
NVS_ENZ_hTrkA,5,9,False,indeterminate,0.5,0.24985400808949101,0.3434137327657365,0.8538896132808438
NVS_GPCR_h5HT7,15,7,False,indeterminate,-0.2857142857142858,0.1613574608644701,0.22177898353034098,0.551447867140845
NVS_GPCR_hAdrb2,4,3,False,indeterminate,0.0,0.0,0.0,
NVS_GPCR_hH1,5,6,False,indeterminate,-0.6666666666666666,0.19841634279450485,0.2727148443277377,0.6780986045127415
NVS_GPCR_hOpiate_D1,5,9,False,indeterminate,-0.0888888888888888,0.13156114787637094,0.18082521559144793,0.44961735271703773
NVS_ENZ_hMMP9,6,14,False,indeterminate,-0.0119047619047619,0.18149306113348437,0.24945451174273714,0.6202623722927014
cell_type__umbilical_vein_endothelium_and_peripheral_blood_mononuclear_cells,51,151,True,no_advantage,0.0599922088040514,0.036082873116799544,0.049594378095845174,0.12331517435866035
cell_type__HepG2,150,517,True,morphology_advantage,0.0883172147001933,0.021883245273422267,0.030077592118043693,0.0747871766666221
cell_type__HEK293T,116,550,True,no_advantage,0.0681818181818182,0.021163221526644824,0.02908795002884315,0.07232645649090812
cell_type__HEK293,186,409,True,morphology_advantage,0.1095117911507216,0.019938523911155154,0.02740465512050626,0.06814098601847975
cell_type__HeLa,64,594,True,no_advantage,0.048058712121212,0.030267194671263122,0.041600974832802215,0.10343977809507043
cell_type__HCT116,77,589,True,no_advantage,0.0693228672855158,0.029248856329564654,0.040201311990427945,0.0999595516242967
cell_type__ME-180,101,494,True,morphology_advantage,0.1450274582114081,0.027059327185972672,0.03719189708470039,0.09247671711631776
cell_type__H295R,17,72,True,no_advantage,0.0661764705882352,0.10186918113761864,0.14001486714485084,0.3481434472553336
cell_type__MDA-kb2,103,563,True,no_advantage,0.0366621255755402,0.02008237624430997,0.027602374048745593,0.06863260916299667
cell_type__hNP1,7,8,False,indeterminate,0.0,0.18686314630398293,0.2568354659558483,0.6386149293902839
cell_type__22Rv1,91,111,True,no_advantage,0.1453321453321453,0.04148522180724735,0.05701967714817925,0.14177799378416459
cell_type__T47D,74,182,True,no_advantage,0.0816008316008315,0.03643739596489132,0.05008165470807518,0.12452677540509174
cell_type__VM7,95,571,True,no_advantage,0.0391372476725965,0.019700684751035088,0.027077755286482208,0.06732815779926933
cell_type__ERR-HEK293T,131,464,True,morphology_advantage,0.1161160831797841,0.025688462533364615,0.03530770178573957,0.08779171287313345
cell_type__PGC/ERR_HEK293T,133,462,True,no_advantage,0.0812583406568369,0.023208962466686044,0.03189973414975112,0.07931788702076745
cell_type__PR-UAS-bla-HEK293T,89,506,True,no_advantage,0.0204956255273792,0.021417753824510652,0.029437793872405735,0.0731963344130357
cell_type__MCF7,110,542,True,no_advantage,0.0556356927205635,0.023312106619304055,0.03204150141109849,0.07967038775215307
cell_type__VM7Luc4E2,5,8,False,indeterminate,0.5625,0.18094217624157963,0.2486973438329652,0.6183796933198578
cell_type__LUHMES,3,12,False,indeterminate,-0.3888888888888889,0.15354719254892932,0.21104410112180608,0.5247558519013374
cell_type__B_and_peripheral_blood_mononuclear_cells,13,23,False,indeterminate,-0.0066889632107023,0.05561363448549124,0.07643858090317794,0.19006260978991146
cell_type__RUES2-GLR,16,14,False,indeterminate,0.3749999999999999,0.10189200253818188,0.14004623419160864,0.34822144062854576
cell_type__hNC,4,11,False,indeterminate,0.0113636363636363,0.2609046065966703,0.35860231153484984,0.8916556325573386
cell_type__NA,5,24,False,indeterminate,-0.0541666666666666,0.07171332347430297,0.09856692030542188,0.24508416941874228
tissue__vascular,52,150,True,no_advantage,0.0555128205128205,0.03474259474045377,0.047752222335825316,0.11873470037220078
tissue__liver,150,517,True,morphology_advantage,0.0883172147001933,0.021883245273422267,0.030077592118043693,0.0747871766666221
tissue__kidney,130,536,True,morphology_advantage,0.1046641791044775,0.019138996936948077,0.026305739218540805,0.06540855925441215
tissue__cervix,79,587,True,no_advantage,0.0545576089534858,0.027901980329306457,0.03835008807627891,0.09535652990056356
tissue__intestinal,100,552,True,morphology_advantage,0.109981884057971,0.024805163769506023,0.03409364511335113,0.08477299147798771
tissue__breast,118,549,True,no_advantage,0.0630422030811027,0.022728859931845556,0.03123985358645509,0.0776771105891832
tissue__prostate,91,111,True,no_advantage,0.1453321453321453,0.04148522180724735,0.05701967714817925,0.14177799378416459
tissue__colon,13,582,False,indeterminate,0.0400475812846946,0.03484339690647425,0.047890770635965314,0.11907919723746728
tissue__adrenal_gland,17,72,True,no_advantage,0.0661764705882352,0.10186918113761864,0.14001486714485084,0.3481434472553336
tissue__heart,5,24,False,indeterminate,-0.0541666666666666,0.07171332347430297,0.09856692030542188,0.24508416941874228
tissue__H9-derived_neuroprogenitor_stem_cells,7,8,False,indeterminate,0.0,0.18686314630398293,0.2568354659558483,0.6386149293902839
tissue__H9-derived_embryonic_neural_crest_stem_cells,4,11,False,indeterminate,0.0113636363636363,0.2609046065966703,0.35860231153484984,0.8916556325573386
tissue__mammary_gland/breast,5,8,False,indeterminate,0.5625,0.18094217624157963,0.2486973438329652,0.6183796933198578
tissue__pluripotent_cell_line,16,14,False,indeterminate,0.3749999999999999,0.10189200253818188,0.14004623419160864,0.34822144062854576
tissue__central_nervous_system,3,12,False,indeterminate,-0.3888888888888889,0.15354719254892932,0.21104410112180608,0.5247558519013374
MT,377,589,True,morphology_advantage,0.0423232291389893,0.010116181369622631,0.013904262061039268,0.034572598068917146
LDH,130,836,True,no_advantage,0.0112624217887375,0.00816314558028446,0.011219897236275395,0.027897992415665818
