baseline,by,group,n_in_group,n_adv_in_group,n_adv_out,n_out,frac_adv_in,frac_adv_out,odds_ratio,p,p_cluster,q,q_cluster
vs_strong_cc,assay_design_type,cytotoxicity burst,24,7,8,157,0.2916666666666667,0.050955414012738856,7.669117647058823,0.0009614190763433027,0.11617676464707058,0.003845676305373211,0.34853029394121177
vs_strong_cc,assay_design_type,viability reporter,7,2,13,174,0.2857142857142857,0.07471264367816093,4.953846153846154,0.10574340210097799,,0.21148680420195598,
vs_strong_cc,assay_design_type,binding reporter,40,2,13,141,0.05,0.09219858156028368,0.5182186234817814,0.8865814724929634,0.4849030193961208,0.9995894032883842,0.7273545290941812
vs_strong_cc,assay_design_type,inducible reporter,103,3,12,78,0.02912621359223301,0.15384615384615385,0.165,0.9995894032883842,0.9726054789042191,0.9995894032883842,0.9726054789042191
vs_strong_cc,assay_mode,antagonist-mode,15,2,13,166,0.13333333333333333,0.0783132530120482,1.8106508875739644,0.3590581400549873,0.7946410717856429,0.778464895277315,0.7946410717856429
vs_strong_cc,assay_mode,agonist-mode,15,1,14,166,0.06666666666666667,0.08433734939759036,0.7755102040816326,0.7415831227807906,0.16436712657468505,0.778464895277315,0.49310137972405516
vs_strong_cc,assay_mode,other,151,12,3,30,0.07947019867549669,0.1,0.7769784172661871,0.778464895277315,0.6210757848430314,0.778464895277315,0.7946410717856429
vs_strong_cc,assay_target_family,cytotoxicity,24,7,8,157,0.2916666666666667,0.050955414012738856,7.669117647058823,0.0009614190763433027,0.11617676464707058,0.008652771687089725,0.8670265946810638
vs_strong_cc,assay_target_family,cell adhesion molecules,6,2,13,175,0.3333333333333333,0.07428571428571429,6.230769230769231,0.07933385532135145,,0.35700234894608157,
vs_strong_cc,assay_target_family,nuclear receptor,47,3,12,134,0.06382978723404255,0.08955223880597014,0.6931818181818182,0.8007424532309952,0.6546690661867627,1.0,0.9872025594881024
vs_strong_cc,assay_target_family,cell morphology,5,0,15,176,0.0,0.08522727272727272,0.0,1.0,0.7718456308738252,1.0,0.9872025594881024
vs_strong_cc,assay_target_family,cyp,17,0,15,164,0.0,0.09146341463414634,0.0,1.0,0.6606678664267147,1.0,0.9872025594881024
vs_strong_cc,assay_target_family,cytokine,16,0,15,165,0.0,0.09090909090909091,0.0,1.0,0.21675664867026595,1.0,0.8670265946810638
vs_strong_cc,assay_target_family,dna binding,21,0,15,160,0.0,0.09375,0.0,1.0,0.9112177564487103,1.0,0.9872025594881024
vs_strong_cc,assay_target_family,steroid hormone,10,0,15,171,0.0,0.08771929824561403,0.0,1.0,0.9872025594881024,1.0,0.9872025594881024
vs_strong_cc,assay_target_family,transporter,8,0,15,173,0.0,0.08670520231213873,0.0,1.0,0.6516696660667867,1.0,0.9872025594881024
vs_strong_cc,category,cytotox,24,7,8,157,0.2916666666666667,0.050955414012738856,7.669117647058823,0.0009614190763433027,0.11617676464707058,0.002884257229029908,0.34853029394121177
vs_strong_cc,category,cellbased,147,7,8,34,0.047619047619047616,0.23529411764705882,0.1625,0.9997608572766782,0.989002199560088,1.0,0.989002199560088
vs_strong_cc,category,cellfree,8,0,15,173,0.0,0.08670520231213873,0.0,1.0,0.7576484703059388,1.0,0.989002199560088
vs_strong_cc,cell_short_name,umbilical vein endothelium and peripheral blood mononuclear cells,15,2,13,166,0.13333333333333333,0.0783132530120482,1.8106508875739644,0.3590581400549873,0.16596680663867228,1.0,0.7138572285542891
vs_strong_cc,cell_short_name,umbilical vein endothelium,14,1,14,167,0.07142857142857142,0.08383233532934131,0.8406593406593407,0.7160814572657372,0.20395920815836832,1.0,0.7138572285542891
vs_strong_cc,cell_short_name,HepG2,28,1,14,153,0.03571428571428571,0.0915032679738562,0.36772486772486773,0.9281860457785986,0.6962607478504299,1.0,1.0
vs_strong_cc,cell_short_name,H295R,10,0,15,171,0.0,0.08771929824561403,0.0,1.0,0.9846030793841232,1.0,1.0
vs_strong_cc,cell_short_name,HCT116,6,0,15,175,0.0,0.08571428571428572,0.0,1.0,0.8592281543691261,1.0,1.0
vs_strong_cc,cell_short_name,HEK293T,15,0,15,166,0.0,0.09036144578313253,0.0,1.0,0.7696460707858428,1.0,1.0
vs_strong_cc,cell_short_name,HepaRG,30,0,15,151,0.0,0.09933774834437085,0.0,1.0,1.0,1.0,1.0
vs_strong_cc,tissue,vascular,33,4,11,148,0.12121212121212122,0.07432432432432433,1.7178683385579938,0.2816969278138334,0.18156368726254749,1.0,0.6354729054189162
vs_strong_cc,tissue,cervix,5,1,14,176,0.2,0.07954545454545454,2.892857142857143,0.3544333009424615,0.16756648670265947,1.0,0.6354729054189162
vs_strong_cc,tissue,kidney,22,1,14,159,0.045454545454545456,0.0880503144654088,0.4931972789115646,0.8685408260334665,0.47570485902819437,1.0,0.9830033993201359
vs_strong_cc,tissue,liver,64,2,13,117,0.03125,0.1111111111111111,0.25806451612903225,0.9894482355363378,0.7904419116176765,1.0,0.9830033993201359
vs_strong_cc,tissue,adrenal gland,10,0,15,171,0.0,0.08771929824561403,0.0,1.0,0.9830033993201359,1.0,0.9830033993201359
vs_strong_cc,tissue,breast,9,0,15,172,0.0,0.0872093023255814,0.0,1.0,0.9112177564487103,1.0,0.9830033993201359
vs_strong_cc,tissue,intestinal,6,0,15,175,0.0,0.08571428571428572,0.0,1.0,0.8450309938012398,1.0,0.9830033993201359
vs_scalar_cc,assay_design_type,cytotoxicity burst,24,18,33,157,0.75,0.21019108280254778,11.272727272727273,3.62614498574333e-07,0.02579484103179364,1.450457994297332e-06,0.07738452309538092
vs_scalar_cc,assay_design_type,viability reporter,7,4,47,174,0.5714285714285714,0.27011494252873564,3.602836879432624,0.09935358388740746,,0.19870716777481492,
vs_scalar_cc,assay_design_type,binding reporter,40,10,41,141,0.25,0.2907801418439716,0.8130081300813008,0.7567983353028894,0.4301139772045591,0.9999857645705446,0.6451709658068386
vs_scalar_cc,assay_design_type,inducible reporter,103,17,34,78,0.1650485436893204,0.4358974358974359,0.2558139534883721,0.9999857645705446,0.9692061587682463,0.9999857645705446,0.9692061587682463
vs_scalar_cc,assay_mode,agonist-mode,15,7,44,166,0.4666666666666667,0.26506024096385544,2.4261363636363638,0.08992031994344198,0.08338332333533294,0.26976095983032594,0.2501499700059988
vs_scalar_cc,assay_mode,other,151,41,10,30,0.271523178807947,0.3333333333333333,0.7454545454545455,0.8195154598941922,0.6734653069386123,0.850427591254831,0.8194361127774445
vs_scalar_cc,assay_mode,antagonist-mode,15,3,48,166,0.2,0.2891566265060241,0.6145833333333334,0.850427591254831,0.8194361127774445,0.850427591254831,0.8194361127774445
vs_scalar_cc,assay_target_family,cytotoxicity,24,18,33,157,0.75,0.21019108280254778,11.272727272727273,3.62614498574333e-07,0.02579484103179364,3.2635304871689974e-06,0.20635872825434912
vs_scalar_cc,assay_target_family,cell morphology,5,2,49,176,0.4,0.2784090909090909,1.727891156462585,0.43470603468076285,0.8936212757448511,1.0,1.0
vs_scalar_cc,assay_target_family,cytokine,16,4,47,165,0.25,0.28484848484848485,0.8368794326241135,0.7122875093863279,0.3123375324935013,1.0,0.7614477104579084
vs_scalar_cc,assay_target_family,transporter,8,2,49,173,0.25,0.2832369942196532,0.8435374149659864,0.7128914187075766,0.3111377724455109,1.0,0.7614477104579084
vs_scalar_cc,assay_target_family,cell adhesion molecules,6,1,50,175,0.16666666666666666,0.2857142857142857,0.5,0.8672247083962958,,1.0,
vs_scalar_cc,assay_target_family,dna binding,21,4,47,160,0.19047619047619047,0.29375,0.5657071339173968,0.8977243094519393,0.7128574285142971,1.0,0.9875358261680997
vs_scalar_cc,assay_target_family,cyp,17,3,48,164,0.17647058823529413,0.2926829268292683,0.5178571428571429,0.9081400610224715,0.3807238552289542,1.0,0.7614477104579084
vs_scalar_cc,assay_target_family,nuclear receptor,47,10,41,134,0.2127659574468085,0.30597014925373134,0.6130520764667106,0.9231841890621014,0.7406518696260748,1.0,0.9875358261680997
vs_scalar_cc,assay_target_family,steroid hormone,10,0,51,171,0.0,0.2982456140350877,0.0,1.0,1.0,1.0,1.0
vs_scalar_cc,category,cytotox,24,18,33,157,0.75,0.21019108280254778,11.272727272727273,3.62614498574333e-07,0.02579484103179364,1.087843495722999e-06,0.07738452309538092
vs_scalar_cc,category,cellfree,8,2,49,173,0.25,0.2832369942196532,0.8435374149659864,0.7128914187075766,0.5062987402519497,0.999999910391472,0.7594481103779245
vs_scalar_cc,category,cellbased,147,29,22,34,0.19727891156462585,0.6470588235294118,0.13405238828967642,0.999999910391472,0.998000399920016,0.999999910391472,0.998000399920016
vs_scalar_cc,cell_short_name,umbilical vein endothelium and peripheral blood mononuclear cells,15,7,44,166,0.4666666666666667,0.26506024096385544,2.4261363636363638,0.08992031994344198,0.28374325134973005,0.6294422396040938,0.9218556288742251
vs_scalar_cc,cell_short_name,HEK293T,15,3,48,166,0.2,0.2891566265060241,0.6145833333333334,0.850427591254831,0.5926814637072585,1.0,0.9218556288742251
vs_scalar_cc,cell_short_name,umbilical vein endothelium,14,2,49,167,0.14285714285714285,0.2934131736526946,0.4013605442176871,0.9440245446841026,0.5238952209558089,1.0,0.9218556288742251
vs_scalar_cc,cell_short_name,HepG2,28,5,46,153,0.17857142857142858,0.3006535947712418,0.505671077504726,0.9443762887811388,0.6584683063387322,1.0,0.9218556288742251
vs_scalar_cc,cell_short_name,HepaRG,30,3,48,151,0.1,0.31788079470198677,0.23842592592592593,0.9979643321836595,0.3619276144771046,1.0,0.9218556288742251
vs_scalar_cc,cell_short_name,H295R,10,0,51,171,0.0,0.2982456140350877,0.0,1.0,1.0,1.0,1.0
vs_scalar_cc,cell_short_name,HCT116,6,0,51,175,0.0,0.2914285714285714,0.0,1.0,0.976004799040192,1.0,1.0
vs_scalar_cc,tissue,vascular,33,11,40,148,0.3333333333333333,0.2702702702702703,1.35,0.29867683482078655,0.1931613677264547,1.0,0.8034393121375725
vs_scalar_cc,tissue,kidney,22,6,45,159,0.2727272727272727,0.2830188679245283,0.95,0.6280978948259828,0.3059388122375525,1.0,0.8034393121375725
vs_scalar_cc,tissue,breast,9,2,49,172,0.2222222222222222,0.28488372093023256,0.717201166180758,0.776649570067378,0.4819036192761448,1.0,0.8034393121375725
vs_scalar_cc,tissue,cervix,5,1,50,176,0.2,0.2840909090909091,0.63,0.8130523894219847,0.5738852229554089,1.0,0.8034393121375725
vs_scalar_cc,tissue,intestinal,6,1,50,175,0.16666666666666666,0.2857142857142857,0.5,0.8672247083962958,0.5248950209958009,1.0,0.8034393121375725
vs_scalar_cc,tissue,liver,64,11,40,117,0.171875,0.3418803418803419,0.39952830188679245,0.9961916927288793,0.7666466706658668,1.0,0.8944211157768446
vs_scalar_cc,tissue,adrenal gland,10,0,51,171,0.0,0.2982456140350877,0.0,1.0,1.0,1.0,1.0
