,morphology_advantage,no_advantage,share_of_features
AGP,0.106,0.1007,0.1087
AGP+Brightfield,0.0075,0.009,0.0091
AGP+DNA,0.0124,0.0101,0.0091
AGP+ER,0.0099,0.007,0.0102
AGP+Mito,0.0064,0.006,0.0081
AGP+RNA,0.0051,0.0064,0.0071
Brightfield,0.1373,0.1253,0.1108
Brightfield+AGP,0.0022,0.0024,0.003
Brightfield+DNA,0.0103,0.0095,0.0081
Brightfield+ER,0.0038,0.0048,0.0051
Brightfield+Mito,0.0065,0.0059,0.0071
Brightfield+RNA,0.0023,0.0018,0.003
DNA,0.1026,0.1212,0.1128
DNA+AGP,0.0034,0.0035,0.0041
DNA+Brightfield,0.006,0.0062,0.0051
DNA+ER,0.0079,0.0097,0.0102
DNA+Mito,0.0054,0.0071,0.0071
DNA+RNA,0.004,0.0051,0.0051
ER,0.0771,0.0823,0.0965
ER+AGP,0.0032,0.0033,0.0041
ER+Brightfield,0.0018,0.0031,0.003
ER+DNA,0.0014,0.0009,0.002
ER+Mito,0.0022,0.0066,0.0051
ER+RNA,0.0028,0.0032,0.0051
Mito,0.1291,0.104,0.1087
Mito+AGP,0.0023,0.003,0.0041
Mito+Brightfield,0.0021,0.0032,0.0041
Mito+DNA,0.0032,0.0022,0.0041
Mito+ER,0.0037,0.0044,0.0051
Mito+RNA,0.0049,0.005,0.0061
RNA,0.0898,0.0811,0.0904
RNA+AGP,0.0014,0.0012,0.002
RNA+Brightfield,0.0036,0.0023,0.0041
RNA+DNA,0.0015,0.0013,0.001
RNA+ER,0.0023,0.0026,0.003
RNA+Mito,0.0015,0.0018,0.002
none,0.2266,0.2469,0.2154
