endpoint_id,n_compounds,n_active,n_inactive,cv_folds,nested_AUROC,nested_PRAUC,strong_cc_AUROC,delta_nested,delta_nested_ci_lo,delta_nested_ci_hi,bootstrap_p_nested,logreg_AUROC
ACEA_ER_80hr,256,20,236,5,0.7934322033898306,0.29232601459899205,0.7264830508474577,0.06694915254237288,-0.049491297265314066,0.1906476422882673,0.12087912087912088,0.7697033898305085
ATG_Ahr_CIS,298,29,269,5,0.5885142930393539,0.15982396836269305,0.45083963594410975,0.13767465709524412,-0.011350101713368888,0.28164949779008763,0.03796203796203796,0.5928727086270991
ATG_AP_1_CIS,298,25,273,5,0.6001465201465201,0.11186778263974592,0.5071062271062271,0.09304029304029304,-0.01546056262934172,0.20857963803692398,0.053946053946053944,0.4084981684981685
ATG_BRE_CIS,298,20,278,5,0.6649280575539568,0.16027967438035934,0.587589928057554,0.07733812949640284,-0.08049870264753989,0.23061031291342457,0.19080919080919082,0.5980215827338129
ATG_DR4_LXR_CIS,298,26,272,5,0.7092760180995475,0.28631981741878093,0.5721153846153846,0.13716063348416296,-0.034609456503449446,0.3146788780440243,0.057942057942057944,0.7054581447963801
ATG_DR5_RAR_CIS,298,18,280,5,0.6607142857142857,0.13048525746036355,0.5976190476190476,0.0630952380952381,-0.12569648279352233,0.24386081560283684,0.24375624375624375,0.5428571428571428
ATG_EGR_CIS,298,19,279,5,0.7172231654404829,0.12869912376782408,0.6842105263157895,0.03301263912469343,-0.09082981068455931,0.1589906545508273,0.33166833166833165,0.7309941520467836
ATG_ERE_CIS,298,62,236,5,0.527063969382176,0.24537301164734757,0.4673318753417168,0.05973209404045926,-0.04413204477147134,0.16568928650259349,0.15284715284715283,0.5252870420995079
ATG_HIF1a_CIS,298,23,275,5,0.6186561264822135,0.1068788187608015,0.5996837944664032,0.018972332015810278,-0.16108237242973023,0.18427206851119882,0.4195804195804196,0.4958102766798419
ATG_MRE_CIS,298,29,269,5,0.72426611972824,0.20795923752500006,0.6453018843737982,0.07896423535444175,-0.023845564586415076,0.18532458540521557,0.07192807192807193,0.6318420715292912
ATG_NRF2_ARE_CIS,298,69,229,5,0.6969812037212835,0.40754886267790913,0.6073666223656731,0.0896145813556104,0.015543428032461042,0.16980436590118445,0.00999000999000999,0.6317321688500728
ATG_Oct_MLP_CIS,298,30,268,5,0.6330845771144279,0.1458086805838744,0.5746268656716418,0.05845771144278611,-0.06716833221146383,0.1776266296687808,0.16783216783216784,0.6426616915422886
ATG_p53_CIS,298,17,281,5,0.8473937617751727,0.2678656907480851,0.6160770357965251,0.2313167259786476,0.07742512365861838,0.4045046542553191,0.002997002997002997,0.6849487125811179
ATG_Pax6_CIS,298,16,282,5,0.7484485815602837,0.18014880405272196,0.6139184397163121,0.1345301418439716,0.00042433443749225575,0.2616023808166136,0.025974025974025976,0.775709219858156
ATG_PBREM_CIS,298,22,276,5,0.5602766798418972,0.17091054593621433,0.4662384716732543,0.09403820816864294,-0.10040023119758032,0.2811445490626153,0.15484515484515485,0.6035902503293807
ATG_PPRE_CIS,298,47,251,5,0.4198525048741205,0.1387108818973076,0.5669237941849623,-0.1470712893108418,-0.26457287310682237,-0.039876989749836424,0.995004995004995,0.39298126642366704
ATG_PXRE_CIS,298,142,156,5,0.5506049115204045,0.5320378976659323,0.5619808595160708,-0.011375947995666325,-0.10373768066400356,0.07611640711439098,0.6133866133866134,0.4891206211628747
ATG_RORE_CIS,298,19,279,5,0.77645727221279,0.2045851827061503,0.6951518581399736,0.08130541407281644,-0.03644504370466804,0.22525086342020184,0.0999000999000999,0.7743821920392379
ATG_SREBP_CIS,298,21,277,5,0.7478081485301702,0.14603267633891218,0.6634003782018223,0.0844077703283479,-0.034498665144286164,0.20390144722087464,0.07192807192807193,0.688155406566959
ATG_TCF_b_cat_CIS,298,21,277,5,0.7328519855595668,0.20376379891234545,0.653085783049682,0.07976620250988475,-0.02973008358019467,0.19113401894087606,0.08591408591408592,0.718239642427368
ATG_VDRE_CIS,298,62,236,5,0.643726079825041,0.3032641377320468,0.5799617277200656,0.06376435210497544,-0.016614291058735558,0.15102840818340119,0.053946053946053944,0.6143384363039912
BSK_3C_Eselectin,202,17,185,5,0.687758346581876,0.1389902594178672,0.48839427662957074,0.1993640699523052,0.05045216563541177,0.34912579744816585,0.000999000999000999,0.5084260731319555
BSK_3C_HLADR,202,39,163,5,0.7113418279062451,0.46180854797487086,0.4714487966021708,0.2398930313040743,0.1269282299490633,0.3643427977985049,0.000999000999000999,0.5513607047349378
BSK_3C_IL8,202,15,187,5,0.6310160427807486,0.11386807555217954,0.3746880570409982,0.2563279857397504,0.03380357575836293,0.4750622338278539,0.00999000999000999,0.4028520499108734
BSK_3C_MCP1,202,17,185,5,0.6066772655007949,0.15733304623378508,0.41049284578696343,0.1961844197138315,-0.009578317281968932,0.395247881551073,0.03596403596403597,0.5790143084260732
BSK_3C_Proliferation,202,55,147,5,0.629560915275201,0.3429076197564801,0.49783549783549785,0.13172541743970312,0.02369465531537709,0.2339729127952551,0.012987012987012988,0.5959183673469388
BSK_3C_SRB,202,33,169,5,0.6637977407208177,0.2281840341610454,0.5183790568405953,0.1454186838802224,0.0001486092172586132,0.28531601974137494,0.025974025974025976,0.5574681728527883
BSK_3C_TissueFactor,202,19,183,5,0.5340811044003452,0.09856612654730626,0.5280414150129422,0.006039689387402958,-0.11878329513623638,0.1357733207803433,0.46253746253746253,0.5021570319240725
BSK_3C_uPAR,202,25,177,5,0.6847457627118644,0.2281282507561232,0.5407909604519774,0.143954802259887,-0.02201963949421579,0.3060905999514209,0.04295704295704296,0.560225988700565
BSK_4H_Eotaxin3,202,26,176,5,0.5334353146853147,0.13157126306511463,0.4138986013986014,0.11953671328671328,-0.0105731444034339,0.24264926500433565,0.03396603396603397,0.5002185314685315
BSK_4H_MCP1,202,31,171,5,0.6113940765893228,0.19916972398024052,0.42331635540464063,0.18807772118468213,0.049308561495002096,0.3273820005898886,0.004995004995004995,0.5342388228636107
BSK_4H_Pselectin,202,20,182,5,0.5697802197802198,0.14070913196404916,0.48021978021978023,0.08956043956043952,-0.04991310160427809,0.24276621552604688,0.12287712287712288,0.6678571428571428
BSK_4H_SRB,202,22,180,5,0.6111111111111112,0.14221566003011132,0.5131313131313131,0.09797979797979806,-0.07741100317859632,0.2738158853534126,0.12087912087912088,0.6113636363636363
BSK_4H_uPAR,202,26,176,5,0.6687062937062938,0.21803984584106342,0.48011363636363635,0.1885926573426574,0.024297276816974103,0.3698671364280573,0.013986013986013986,0.652972027972028
BSK_4H_VCAM1,202,23,179,5,0.5846490162739859,0.14113334575927042,0.5416565460286616,0.042992470245324266,-0.08843211076026229,0.18188018325307648,0.24475524475524477,0.5450570803983483
BSK_CASM3C_LDLR,202,15,187,5,0.6709447415329768,0.13943334464156695,0.6556149732620321,0.015329768270944677,-0.15924025839825645,0.18369119986767038,0.4275724275724276,0.7415329768270945
BSK_CASM3C_Proliferation,202,34,168,5,0.6169467787114846,0.22213617227673577,0.3322829131652661,0.28466386554621853,0.1569056994948336,0.40993829671313853,0.000999000999000999,0.5954131652661064
BSK_CASM3C_Thrombomodulin,202,22,180,5,0.6651515151515152,0.22975020460259984,0.5686868686868687,0.09646464646464648,-0.09644194756554303,0.2715222274413451,0.16983016983016982,0.6262626262626263
BSK_LPS_CD40,202,26,176,5,0.666958041958042,0.2521347507171936,0.534527972027972,0.13243006993007,-0.032824499938264,0.29093654302643734,0.059940059940059943,0.5515734265734266
BSK_LPS_MCP1,202,18,184,5,0.4867149758454106,0.09424991923521597,0.5504227053140096,-0.06370772946859898,-0.2489217032967033,0.12059591189637268,0.7552447552447552,0.5543478260869565
BSK_LPS_MCSF,202,23,179,5,0.6373572990041292,0.1582715049759335,0.516881224192373,0.12047607481175615,-0.05992727627342456,0.28198051021847265,0.08491508491508491,0.5853777022103474
BSK_LPS_PGE2,202,40,162,5,0.7179012345679012,0.43639179483829266,0.5280864197530865,0.18981481481481477,0.0668229414650334,0.30460904407149586,0.001998001998001998,0.5936728395061729
BSK_LPS_SRB,202,22,180,5,0.7358585858585859,0.2481822508543386,0.5169191919191919,0.218939393939394,0.08159636453143701,0.37132480212721797,0.001998001998001998,0.5891414141414142
BSK_LPS_TNFa,202,23,179,5,0.4945348554772893,0.11813458735812656,0.5596307991255769,-0.06509594364828758,-0.24039453358580823,0.12991323711508307,0.7492507492507493,0.45251396648044695
BSK_LPS_VCAM1,202,29,173,5,0.7207494518636636,0.31088160928550745,0.5838150289017341,0.13693442296192948,-0.009890518160866928,0.2753954506958414,0.03496503496503497,0.6577636037472593
BSK_SAg_CD38,202,24,178,5,0.6116573033707865,0.1850919142144026,0.6144662921348315,-0.002808988764045006,-0.17151817595303356,0.15866690848015977,0.5434565434565435,0.5716292134831461
BSK_SAg_CD40,202,29,173,5,0.5882001195933825,0.1819483626547084,0.5066772971895556,0.08152282240382691,-0.05125394196818044,0.21160809724345628,0.11588411588411589,0.5491329479768786
BSK_SAg_CD69,202,23,179,5,0.5729900412922031,0.17304992222169033,0.4517852805440855,0.12120476074811759,-0.033248761628609395,0.27665512974852857,0.06593406593406594,0.6222977896526597
BSK_SAg_Eselectin,202,30,172,5,0.7424418604651163,0.3492731858159524,0.5001937984496124,0.24224806201550386,0.13650416684049424,0.3538635766806723,0.000999000999000999,0.7213178294573643
BSK_SAg_IL8,202,21,181,5,0.6169429097605893,0.1523722765739836,0.47382267824256774,0.14312023151802156,-0.0008755831097288966,0.2955977794186635,0.029970029970029972,0.6400947119179163
BSK_SAg_MCP1,202,17,185,5,0.6874403815580287,0.16663154361369553,0.5332273449920508,0.15421303656597785,-0.04634643996894949,0.3437281399046105,0.06593406593406594,0.6263910969793323
BSK_SAg_Proliferation,202,56,146,5,0.788160469667319,0.5980225668477244,0.5825587084148728,0.20560176125244622,0.11655764944985178,0.3014930134459726,0.000999000999000999,0.7573385518590998
BSK_SAg_SRB,202,24,178,5,0.5833333333333334,0.16441434311117,0.526685393258427,0.05664794007490637,-0.1075789762563018,0.23059219275693515,0.22577422577422576,0.598314606741573
OT_AR_ARSRC1_0960,202,20,182,5,0.6266483516483516,0.13182694996472233,0.6010989010989011,0.02554945054945057,-0.14436468689312373,0.19454135971013,0.3836163836163836,0.625
OT_ER_ERaERb_0480,202,15,187,5,0.46345811051693403,0.07080489732132528,0.47629233511586455,-0.012834224598930521,-0.1707989125519986,0.1625427292259754,0.5464535464535465,0.6114081996434938
OT_ER_ERaERb_1440,202,21,181,5,0.611681136543015,0.19098826931440455,0.4419889502762431,0.16969218626677196,-0.0007461194118383214,0.349281968031968,0.026973026973026972,0.6558800315706393
OT_ER_ERbERb_0480,202,19,183,5,0.5035950532067874,0.10705335034288241,0.5591026747195859,-0.05550762151279842,-0.24094378743544537,0.15729597998619718,0.7132867132867133,0.5769341386252517
OT_ER_ERbERb_1440,202,23,179,5,0.4945348554772893,0.13672873376759537,0.5185814913772164,-0.024046635899927116,-0.20449121898377723,0.18164021689756982,0.5534465534465535,0.5712897741073597
OT_ERa_GFPERaERE_0120,202,19,183,5,0.5999424791486914,0.16302850570341587,0.4472246189243601,0.15271786022433126,0.019779005524861813,0.30948076397664015,0.011988011988011988,0.641357492090883
OT_ERa_GFPERaERE_0480,202,22,180,5,0.7578282828282829,0.3033572019706864,0.5441919191919192,0.21363636363636362,0.0694477447144369,0.3648569480168885,0.001998001998001998,0.6391414141414141
OT_FXR_FXRSRC1_0480,202,24,178,5,0.39302434456928836,0.09753999277700348,0.34176029962546817,0.0512640449438202,-0.08333994708994713,0.19687792192613368,0.22677322677322678,0.48267790262172283
OT_FXR_FXRSRC1_1440,202,17,185,5,0.6753577106518283,0.20512556575382093,0.45532591414944357,0.2200317965023847,0.0531641034300609,0.3887872302088204,0.007992007992007992,0.5723370429252782
TOX21_AhR_LUC_Agonist,652,25,627,5,0.64,0.06429346663203961,0.46347687400318976,0.17652312599681025,-0.0019873914604501136,0.33325807828353754,0.028971028971028972,0.6487400318979266
CEETOX_H295R_11DCORT,79,25,54,5,0.3488888888888889,0.24617199095462386,0.4777777777777778,-0.1288888888888889,-0.28135984902435557,0.023188374840262645,0.938061938061938,0.4822222222222222
CEETOX_H295R_OHPREG,79,25,54,5,0.5637037037037037,0.41302506976321096,0.5614814814814815,0.0022222222222222365,-0.20389530812324924,0.20952001753360588,0.5024975024975025,0.5088888888888888
CEETOX_H295R_OHPROG,79,27,52,5,0.5149572649572649,0.3596125087245404,0.6032763532763533,-0.08831908831908841,-0.2227065826330532,0.04630428060552276,0.9040959040959041,0.6260683760683761
CEETOX_H295R_ANDR,79,21,58,5,0.4663382594417077,0.29236376518045804,0.409688013136289,0.056650246305418706,-0.11508373688458437,0.22250416154643934,0.25574425574425574,0.5623973727422004
CEETOX_H295R_CORTIC,79,18,61,5,0.41894353369763204,0.20209369762659296,0.4143897996357013,0.00455373406193077,-0.17133862342590997,0.20878700657894733,0.4875124875124875,0.4344262295081967
CEETOX_H295R_CORTISOL,79,18,61,5,0.517304189435337,0.29088673201102894,0.4435336976320583,0.07377049180327866,-0.13475585904990184,0.2906263241525424,0.23276723276723277,0.5828779599271403
CEETOX_H295R_DOC,79,21,58,5,0.5927750410509032,0.347632235374206,0.5279146141215106,0.06486042692939253,-0.07926834130781497,0.2149561403508771,0.1928071928071928,0.5336617405582923
CEETOX_H295R_ESTRONE,79,15,64,5,0.6104166666666667,0.3392026115854705,0.7270833333333333,-0.11666666666666659,-0.3184771825396825,0.07288078149920249,0.8911088911088911,0.3645833333333333
CEETOX_H295R_PROG,79,27,52,5,0.5690883190883191,0.45917946838971835,0.5434472934472935,0.02564102564102566,-0.1364480283638879,0.17621588556371168,0.3756243756243756,0.5270655270655271
CEETOX_H295R_TESTO,79,17,62,5,0.5958254269449715,0.31697077888205216,0.5986717267552182,-0.002846299810246644,-0.18959012681159415,0.18260927505330485,0.5354645354645354,0.4990512333965844
LTEA_HepaRG_ABCB1,167,31,136,5,0.6997153700189753,0.34215500119544706,0.45872865275142316,0.24098671726755216,0.09756082725060826,0.3697521153701191,0.000999000999000999,0.7345825426944972
LTEA_HepaRG_ABCB11,167,21,146,5,0.581539465101109,0.17801377191556111,0.4628180039138943,0.11872146118721466,-0.0625026569175505,0.29838301109917637,0.0899100899100899,0.48532289628180036
LTEA_HepaRG_ABCC2,167,16,151,5,0.5488410596026491,0.11764252596423924,0.2884933774834437,0.26034768211920534,0.07779228222109023,0.43293511351909175,0.00999000999000999,0.48799668874172186
LTEA_HepaRG_ABCG2,167,25,142,5,0.6239436619718309,0.27980977846720256,0.4535211267605634,0.17042253521126755,0.013217338217338243,0.33056371552888575,0.013986013986013986,0.5543661971830985
LTEA_HepaRG_AFP,167,18,149,5,0.6976137211036539,0.41652483249794303,0.4354958985831469,0.262117822520507,0.09535490371697262,0.4179150511466755,0.005994005994005994,0.6808351976137211
LTEA_HepaRG_ALPP,167,24,143,5,0.7447552447552448,0.3558156663388453,0.5614801864801865,0.1832750582750583,0.02211564672209347,0.3458333333333332,0.014985014985014986,0.7293123543123543
LTEA_HepaRG_CYP1A1,167,81,86,5,0.567757680160781,0.5230586830011643,0.5987654320987654,-0.03100775193798444,-0.13276019136794642,0.07491726950900422,0.7042957042957043,0.5671834625322998
LTEA_HepaRG_CYP1A2,167,57,110,5,0.5395534290271132,0.3492226169639585,0.47990430622009567,0.05964912280701756,-0.06444950602309486,0.18355173587474471,0.1878121878121878,0.5105263157894737
LTEA_HepaRG_CYP2B6,167,64,103,5,0.6213592233009708,0.4599875629960311,0.46344053398058255,0.15791868932038827,0.023168733044862503,0.27928625523697764,0.011988011988011988,0.5253337378640777
LTEA_HepaRG_CYP2C19,167,35,132,5,0.5586580086580086,0.22632985233011788,0.5190476190476191,0.03961038961038954,-0.09194027817029352,0.17467863604057632,0.26673326673326675,0.4564935064935065
LTEA_HepaRG_CYP2C8,167,27,140,5,0.5611111111111111,0.2542231932834026,0.36243386243386244,0.19867724867724867,-0.008340344551282021,0.38831461581827675,0.03296703296703297,0.5314814814814814
LTEA_HepaRG_CYP2E1,167,43,124,5,0.5480120030007501,0.419548484201125,0.44373593398349587,0.10427606901725428,-0.03606360104454484,0.24795090014279883,0.08591408591408592,0.5120030007501876
LTEA_HepaRG_CYP3A4,167,34,133,5,0.3695267580716497,0.16586883005856357,0.4504643962848297,-0.08093763821318001,-0.21194097598739753,0.05537112149095839,0.8841158841158842,0.4296771340114993
LTEA_HepaRG_CYP3A7,167,34,133,5,0.5336134453781513,0.20641017910726833,0.4420610349402919,0.09155241043785933,-0.04938376300316598,0.23148368008442632,0.10789210789210789,0.5362671384343211
LTEA_HepaRG_CYP4A11,167,32,135,5,0.48310185185185184,0.18229312467749154,0.45208333333333334,0.0310185185185185,-0.10530818668046926,0.16806881980362595,0.35864135864135865,0.4303240740740741
LTEA_HepaRG_CYP4A22,167,32,135,5,0.5150462962962963,0.21420510154935907,0.49583333333333335,0.01921296296296293,-0.142942654508612,0.1746068768008996,0.43656343656343655,0.5229166666666667
LTEA_HepaRG_CYP7A1,167,20,147,5,0.5217687074829932,0.13150528334112294,0.5098639455782313,0.011904761904761862,-0.2013220796898202,0.20864830716041938,0.4515484515484515,0.46496598639455783
LTEA_HepaRG_FABP1,167,26,141,5,0.5398254228041462,0.18360304576504366,0.4716312056737589,0.06819421713038737,-0.12697144665220203,0.26474167444755675,0.2547452547452547,0.5924713584288053
LTEA_HepaRG_FASN,167,18,149,5,0.5883668903803132,0.1355153745737344,0.6211782252050708,-0.03281133482475762,-0.21410389171744623,0.14905086570377676,0.6323676323676324,0.5096942580164057
LTEA_HepaRG_GADD45G,167,15,152,5,0.6552631578947369,0.18037277072989263,0.3907894736842105,0.26447368421052636,-0.014066863587540267,0.4824972035794184,0.029970029970029972,0.6013157894736842
LTEA_HepaRG_GSTA2,167,16,151,5,0.5562913907284768,0.12726600619981676,0.6916390728476821,-0.13534768211920534,-0.3426770765677997,0.05845387371249441,0.9120879120879121,0.43625827814569534
LTEA_HepaRG_HMGCS2,167,22,145,5,0.5536050156739812,0.17703610760751182,0.3996865203761755,0.1539184952978057,-0.007625251704199088,0.30509330053737954,0.03296703296703297,0.6363636363636364
LTEA_HepaRG_IGF1,167,24,143,5,0.4973776223776224,0.15813226668802008,0.38024475524475526,0.11713286713286714,-0.019628161047027536,0.24168928729246897,0.054945054945054944,0.43414918414918413
LTEA_HepaRG_KRT19,167,18,149,5,0.5589112602535421,0.17632201710571854,0.5510812826249067,0.007829977628635354,-0.17244232740943272,0.18533359652585862,0.5094905094905094,0.6491424310216256
LTEA_HepaRG_LPL,167,17,150,5,0.6745098039215687,0.18286425478918927,0.4231372549019608,0.25137254901960787,0.016070836785418423,0.4560370970191267,0.016983016983016984,0.6564705882352941
LTEA_HepaRG_PDK4,167,24,143,5,0.5032051282051282,0.19952966981273862,0.5055361305361306,-0.002331002331002363,-0.15833978873239435,0.1563053957090081,0.5124875124875125,0.48863636363636365
LTEA_HepaRG_PEG10,167,27,140,5,0.5592592592592592,0.19038819127084078,0.47354497354497355,0.08571428571428569,-0.08518065619967792,0.24496073961499495,0.15584415584415584,0.58994708994709
LTEA_HepaRG_SLC22A1,167,18,149,5,0.7173750932140194,0.2426622516053883,0.5055928411633109,0.21178225205070844,0.060760347170743835,0.37597265989729217,0.005994005994005994,0.715137956748695
LTEA_HepaRG_THRSP,167,24,143,5,0.6847319347319347,0.2910933033399069,0.5457459207459208,0.13898601398601396,-0.04258687417654801,0.3258966910505208,0.061938061938061936,0.6168414918414918
LTEA_HepaRG_UGT1A1,167,42,125,5,0.3605714285714286,0.22895944714808475,0.37447619047619046,-0.013904761904761864,-0.14305024536731856,0.1207744121410271,0.5954045954045954,0.4961904761904762
TOX21_ARE_BLA_Agonist_ratio,587,85,502,5,0.6822123271619405,0.28609386506631207,0.5608858682915397,0.12132645887040072,0.058372270538691255,0.1902062581798916,0.000999000999000999,0.5505741738926646
TOX21_p53_BLA_p1_ratio,652,37,615,5,0.7251153592617007,0.27123165606650773,0.6223247637881785,0.1027905954735222,-0.001624174126172214,0.19692056590360113,0.028971028971028972,0.7281916062403867
TOX21_FXR_BLA_Antagonist_ratio,587,30,557,5,0.68426092160383,0.10185006327767354,0.5248952722920407,0.15936564931178931,0.01996564945743947,0.2952800270670031,0.014985014985014986,0.6999401555954519
TOX21_PPARg_BLA_Antagonist_ratio,587,32,555,5,0.6310810810810811,0.10427578447175226,0.5261261261261261,0.104954954954955,-0.02315547104796036,0.2253659529367518,0.06293706293706294,0.535304054054054
TOX21_p53_BLA_p2_ratio,652,47,605,5,0.7076841920168806,0.16055735897330814,0.5841744329171795,0.12350975909970108,0.023921848078568404,0.23093402543570782,0.011988011988011988,0.7184807455600493
TOX21_p53_BLA_p3_ratio,652,32,620,5,0.6739919354838709,0.14158661102485526,0.5837197580645161,0.09027217741935478,-0.03185717340924983,0.21681534152220483,0.07292707292707293,0.7189012096774193
TOX21_p53_BLA_p4_ratio,652,37,615,5,0.7273126785321907,0.13994597642850162,0.6058009228740936,0.12151175565809713,0.022121261840945816,0.22714850877911583,0.007992007992007992,0.7253350911887497
TOX21_p53_BLA_p5_ratio,652,33,619,5,0.695256278454986,0.12942362616556885,0.5786459098252313,0.11661036862975471,-0.005599892042504567,0.22659521540690616,0.03496503496503497,0.6818916140402409
CLD_CYP1A1_48hr,45,19,26,5,0.7348178137651822,0.6884243132541941,0.4777327935222672,0.25708502024291496,0.04092724276230867,0.46219151692297467,0.007992007992007992,0.5809716599190283
CLD_CYP1A2_48hr,45,26,19,5,0.6477732793522267,0.6486264985160212,0.3562753036437247,0.29149797570850206,0.05862573099415205,0.5105392156862745,0.012987012987012988,0.44129554655870445
CLD_CYP2B6_48hr,45,25,20,5,0.704,0.7476855746460217,0.706,-0.0020000000000000018,-0.12202539682539681,0.14075922035480865,0.5104895104895105,0.67
CLD_CYP3A4_48hr,45,23,22,5,0.8023715415019763,0.8263673444955711,0.7154150197628458,0.08695652173913049,-0.054689473684210545,0.24701375351960142,0.13986013986013987,0.7490118577075099
TOX21_AR_LUC_MDAKB2_Antagonist_0.5nM_R1881,595,90,505,5,0.7183938393839384,0.33031927478199896,0.6262046204620462,0.09218921892189225,0.029685280373422687,0.16034540539604242,0.002997002997002997,0.6750715071507151
TOX21_AR_LUC_MDAKB2_Agonist_3uM_Nilutamide,595,19,576,5,0.7411366959064327,0.3997566822560563,0.3881578947368421,0.35297880116959063,0.15369162752534765,0.554732634797524,0.001998001998001998,0.7615131578947368
TOX21_AP1_BLA_Agonist_ratio,595,38,557,5,0.605546631389965,0.11432605252958608,0.47288103562316924,0.13266559576679576,0.015358702165185187,0.2411389231703472,0.012987012987012988,0.6649815742228101
TOX21_TSHR_HTRF_Agonist_ratio,595,15,580,5,0.6716091954022988,0.07430969035644557,0.6120689655172413,0.05954022988505747,-0.11932695860195387,0.21766826489631982,0.25574425574425574,0.6004597701149426
TOX21_CAR_Agonist,595,37,558,5,0.528383221931609,0.07602173693099341,0.42846071878329944,0.09992250314830958,-0.02821670657309503,0.23086491823868868,0.057942057942057944,0.5863605541024896
TOX21_CAR_Antagonist,595,20,575,5,0.8118260869565217,0.22504668006425244,0.6318260869565218,0.17999999999999994,0.06700614636935395,0.29974969475469593,0.001998001998001998,0.6
TOX21_ERa_LUC_VM7_Antagonist_0.1nM_E2,595,55,540,5,0.740976430976431,0.2495470589913954,0.5827272727272728,0.1582491582491582,0.07728682083222901,0.24682074328279677,0.000999000999000999,0.7462626262626263
TOX21_ERR_Agonist,595,16,579,5,0.5947754749568221,0.04139962200139882,0.3403497409326425,0.2544257340241797,0.02781310344440452,0.4704613903331407,0.01898101898101898,0.5564550949913645
TOX21_ERR_Antagonist,595,99,496,5,0.6653225806451613,0.2865685024607657,0.5730083088954057,0.0923142717497556,0.02514100450536917,0.15848363960539677,0.005994005994005994,0.6749551971326165
TOX21_HDAC_Inhibition,595,25,570,5,0.5550175438596491,0.04929918812857784,0.5402807017543859,0.01473684210526316,-0.15062559860161664,0.17211228069147322,0.4005994005994006,0.591859649122807
TOX21_PGC_ERR_Agonist,595,22,573,5,0.6749167063303189,0.06387848336942259,0.46311280342693956,0.2118039029033793,0.08403650674662659,0.3187040784917276,0.002997002997002997,0.5982072029192448
TOX21_PGC_ERR_Antagonist,595,42,553,5,0.7295272539395505,0.1762622997021246,0.646516834581934,0.08301041935761655,0.004362491824722107,0.166548041161842,0.01998001998001998,0.704383019030397
TOX21_ERb_BLA_Antagonist_ratio,595,59,536,5,0.6352453832532254,0.16204839882052124,0.5273526435618517,0.1078927396913737,0.021950320949664422,0.19061920749754266,0.011988011988011988,0.6921641791044776
TOX21_PR_BLA_Agonist_ratio,595,23,572,5,0.5893888719975676,0.2481589919298647,0.5117056856187291,0.07768318637883853,-0.15681809309880962,0.2926572720235674,0.24475524475524477,0.7109303739738523
TOX21_PR_BLA_Antagonist_ratio,595,145,450,5,0.7140689655172414,0.446360304527252,0.5342528735632184,0.17981609195402304,0.1174695951003975,0.24162205793795397,0.000999000999000999,0.6859463601532567
TOX21_PXR_agonist,595,124,471,5,0.6908259708239162,0.39909302554307935,0.5280117800150674,0.16281419080884874,0.09962362324709911,0.2275447053667422,0.000999000999000999,0.6328333675775631
TOX21_SBE_BLA_Antagonist_ratio,595,20,575,5,0.6764347826086956,0.13448197950642882,0.5126086956521739,0.16382608695652168,0.014716533197872564,0.33400512081597716,0.015984015984015984,0.7044347826086956
CCTE_Simmons_MITO_basal_resp_rate,45,20,25,5,0.424,0.4037777242050057,0.588,-0.16399999999999998,-0.38695436507936504,0.04150197628458496,0.942057942057942,0.55
CCTE_Simmons_MITO_max_resp_rate,45,17,28,5,0.5189075630252101,0.4201148929753172,0.38865546218487396,0.13025210084033617,-0.10729922867513612,0.38669007076514805,0.14385614385614387,0.5861344537815126
BSK_BT_sIgG,36,17,19,5,0.8204334365325078,0.8574349022624885,0.8575851393188855,-0.037151702786377694,-0.1795912882696938,0.0802900903444381,0.6973026973026973,0.8359133126934984
TOX21_AR_BLA_Agonist_ratio,652,25,627,5,0.7051355661881977,0.2287169382908293,0.4347687400318979,0.2703668261562998,0.0952906011122944,0.44824314310522967,0.003996003996003996,0.7682934609250399
TOX21_AR_BLA_Antagonist_ratio,652,72,580,5,0.6937021072796935,0.2283115968332416,0.5766283524904214,0.11707375478927207,0.039602712206112174,0.19925974248194944,0.003996003996003996,0.7275622605363985
TOX21_AR_LUC_MDAKB2_Agonist,652,31,621,5,0.6936782504804945,0.2987067181720838,0.5502571294997662,0.14342112098072823,0.03351185802020132,0.25420410692717554,0.01098901098901099,0.6687444808061919
TOX21_AR_LUC_MDAKB2_Antagonist_10nM_R1881,652,49,603,5,0.8175110840356042,0.3400914620774728,0.7280265339966833,0.08948455003892097,0.020094021695780468,0.1549893098384583,0.007992007992007992,0.8064101262395506
TOX21_Aromatase_Inhibition,652,47,605,5,0.8096711798839459,0.2530007072309169,0.7199929664146298,0.08967821346931604,0.009760139351081545,0.1819108229339012,0.01898101898101898,0.7825918762088975
TOX21_ERa_BLA_Agonist_ratio,652,20,632,5,0.6121835443037975,0.23469767961303373,0.40688291139240507,0.20530063291139244,-0.039506539482312635,0.42525842164809446,0.04595404595404595,0.5737341772151898
TOX21_ERa_BLA_Antagonist_ratio,652,37,615,5,0.5513952977367611,0.07510668840659718,0.5168534388046583,0.03454185893210282,-0.0912305469903015,0.1596299859482137,0.2897102897102897,0.6614370468029005
TOX21_ERa_LUC_VM7_Agonist,652,61,591,5,0.5435632853457601,0.11975779521280545,0.5476963191034923,-0.0041330337577321075,-0.1083375346702007,0.09332209446428956,0.5304695304695305,0.5668913483675904
TOX21_ERa_LUC_VM7_Antagonist_0.5nM_E2,652,42,610,5,0.733216237314598,0.30647260965044887,0.7268540202966433,0.006362217017954697,-0.07547540636916396,0.09169800212679756,0.42957042957042957,0.7444184231069477
TOX21_GR_BLA_Agonist_ratio,652,17,635,5,0.705511811023622,0.3533858005836052,0.44835572024085224,0.2571560907827698,0.07062734568609731,0.46967458593720535,0.006993006993006993,0.7404353867531265
TOX21_GR_BLA_Antagonist_ratio,652,53,599,5,0.7405109144171103,0.21338796157732273,0.5290893627744354,0.21142155164267484,0.10267292907951833,0.319101179423588,0.000999000999000999,0.7002551422181623
TOX21_MMP_ratio,652,84,568,5,0.6129066063044937,0.19213515006075416,0.6174756874580818,-0.004569081153588117,-0.07792557981822622,0.07200850735738096,0.5484515484515484,0.6030139168343394
NVS_ADME_hCYP3A4,41,19,22,5,0.5167464114832536,0.47725697211379814,0.2679425837320574,0.2488038277511962,0.04346785937174956,0.4619047619047618,0.008991008991008992,0.43301435406698563
NVS_GPCR_hOpiate_mu,39,22,17,5,0.6096256684491979,0.6796924114920886,0.4839572192513369,0.12566844919786097,-0.08890350877192985,0.3473798627002288,0.12987012987012986,0.6176470588235294
NVS_MP_hPBR,56,33,23,5,0.7206851119894598,0.8023267067079749,0.5783926218708827,0.14229249011857714,-0.0068242239424505515,0.2982056494472789,0.03396603396603397,0.619235836627141
NVS_NR_hER,131,20,111,5,0.7418918918918919,0.3172743708064203,0.5243243243243243,0.21756756756756757,0.023493618450514963,0.425584975369458,0.02097902097902098,0.572972972972973
NVS_NR_hGR,54,32,22,5,0.5767045454545454,0.6277996535183709,0.6321022727272727,-0.05539772727272729,-0.23089976780185759,0.12626521007043442,0.7192807192807192,0.3991477272727273
NVS_NR_hPPARg,102,17,85,5,0.5757785467128028,0.20914629638815424,0.5550173010380622,0.02076124567474058,-0.1815969739530133,0.22321703270894774,0.4355644355644356,0.6352941176470588
NVS_NR_hPR,58,15,43,5,0.413953488372093,0.2297814434156808,0.5286821705426357,-0.11472868217054266,-0.4062978316326531,0.1605968045112782,0.7982017982017982,0.3209302325581395
NVS_TR_hNET,51,30,21,5,0.6936507936507936,0.8013434937647471,0.7111111111111111,-0.01746031746031751,-0.17078200692041523,0.13819721336168694,0.6083916083916084,0.7444444444444445
cell_type__umbilical_vein_endothelium_and_peripheral_blood_mononuclear_cells,202,51,151,5,0.7897675626542008,0.5950458135170535,0.7235423970912869,0.06622516556291391,-0.0037939882697947177,0.13866309541221786,0.03396603396603397,0.7332813920270095
cell_type__HepG2,667,150,517,5,0.8654416505480336,0.7338721403619678,0.7743391360412637,0.09110251450676987,0.050709458343329857,0.1333135382012485,0.000999000999000999,0.8599613152804643
cell_type__HEK293T,666,116,550,5,0.862680250783699,0.6200602528111927,0.7934639498432602,0.06921630094043885,0.028124085678609828,0.11093249606851721,0.000999000999000999,0.8329310344827586
cell_type__HEK293,595,186,409,5,0.8177301048978626,0.6826468939290908,0.7109524936246286,0.10677761127323393,0.06789017280160974,0.1470746886818095,0.000999000999000999,0.8194389673212924
cell_type__HeLa,658,64,594,5,0.7848011363636364,0.49931854531850417,0.7400042087542088,0.04479692760942755,-0.012433193261541447,0.11226484176217359,0.06693306693306693,0.8047664141414141
cell_type__HCT116,666,77,589,5,0.7848653892796508,0.33747214508671136,0.7273168257888122,0.05754856349083859,0.007345410358723172,0.11422687425978752,0.01898101898101898,0.7773245430291271
cell_type__ME-180,595,101,494,5,0.8233655349340602,0.5333683209506686,0.6844309937066582,0.138934541227402,0.08508000734989425,0.19059320981023997,0.000999000999000999,0.7949051990219265
cell_type__H295R,89,17,72,5,0.5163398692810458,0.27962115644566654,0.44281045751633985,0.07352941176470595,-0.11353969162035517,0.28020551843532526,0.23376623376623376,0.5277777777777778
cell_type__MDA-kb2,666,103,563,5,0.8466433289072065,0.5979310866249048,0.8116194450671679,0.03502388384003863,-0.0030648711990522797,0.07435229295085233,0.03796203796203796,0.8369001017434341
cell_type__22Rv1,202,91,111,5,0.7625977625977626,0.7764485193453569,0.6190476190476191,0.1435501435501435,0.06611498487427034,0.2272903270646686,0.000999000999000999,0.7477477477477478
cell_type__T47D,256,74,182,5,0.6948321948321948,0.5054715166885925,0.6140481140481141,0.08078408078408073,0.011875801394426339,0.15460327394194512,0.011988011988011988,0.6954261954261954
cell_type__VM7,666,95,571,5,0.8178818324269518,0.5191449631466764,0.7840538298460688,0.03382800258088303,-0.005043072397687268,0.07102824331627103,0.04495504495504495,0.8044981104249239
cell_type__ERR-HEK293T,595,131,464,5,0.8321762305869965,0.6132233349286459,0.718560805475125,0.1136154251118715,0.06298468090959462,0.16487172628853264,0.000999000999000999,0.8388720715977889
cell_type__PGC/ERR_HEK293T,595,133,462,5,0.8403476223025095,0.6706298293000683,0.7548416495784916,0.08550597272401783,0.042856909530485016,0.13423626593496224,0.000999000999000999,0.8377925332812551
cell_type__PR-UAS-bla-HEK293T,595,89,506,5,0.7725274237242972,0.4317088950383708,0.7532753031043212,0.019252120619975943,-0.022617719077431285,0.0613735399911771,0.18981018981018982,0.7794777279388906
cell_type__MCF7,652,110,542,5,0.8399027172089902,0.47389518756156157,0.7786481046628648,0.06125461254612541,0.01834334084088268,0.10563173523196,0.003996003996003996,0.8112713854411271
tissue__vascular,202,52,150,5,0.7830769230769231,0.5989223303789188,0.7219230769230769,0.061153846153846225,-0.0015582662403782809,0.12982718279373207,0.029970029970029972,0.7824358974358975
tissue__liver,667,150,517,5,0.8654416505480336,0.7338721403619678,0.7743391360412637,0.09110251450676987,0.050709458343329857,0.1333135382012485,0.000999000999000999,0.8599613152804643
tissue__kidney,666,130,536,5,0.8742393800229621,0.6728747749361661,0.7705223880597015,0.10371699196326056,0.06773421809812617,0.1427196681123791,0.000999000999000999,0.8485074626865672
tissue__cervix,666,79,587,5,0.8030103724149829,0.48008081963002625,0.7518167899424234,0.05119358247255945,-0.0016534899909685483,0.10858120927833707,0.028971028971028972,0.7883897957863412
tissue__intestinal,652,100,552,5,0.8082608695652174,0.4496053851023734,0.7051811594202898,0.10307971014492756,0.05981754267215306,0.15443929193864742,0.000999000999000999,0.7510144927536232
tissue__breast,667,118,549,5,0.837732703528758,0.5506374866778543,0.7723441696767621,0.06538853385199583,0.023393757475984912,0.11067972871020121,0.001998001998001998,0.8132197215275848
tissue__prostate,202,91,111,5,0.7625977625977626,0.7764485193453569,0.6190476190476191,0.1435501435501435,0.06611498487427034,0.2272903270646686,0.000999000999000999,0.7477477477477478
tissue__adrenal_gland,89,17,72,5,0.5163398692810458,0.27962115644566654,0.44281045751633985,0.07352941176470595,-0.11353969162035517,0.28020551843532526,0.23376623376623376,0.5277777777777778
MT,966,377,589,5,0.9151598942594786,0.9055035506861673,0.8734221109374789,0.04173778332199973,0.02220517134077097,0.06084941450324612,0.000999000999000999,0.8987313839488771
LDH,966,130,836,5,0.9729849098270151,0.8675458577272309,0.9572414427677586,0.015743467059256555,0.001992133683084374,0.033961507827385204,0.01098901098901099,0.971117040853883
