endpoint_id,tech_AUROC,tech_plus_strong_cc_AUROC,strong_cc_AUROC,full_AUROC,verdict
ACEA_ER_80hr,0.5555084745762712,0.701906779661017,0.7264830508474577,0.7841101694915255,no_advantage
ATG_Ahr_CIS,0.42597102935521086,0.4960902448404051,0.4508396359441097,0.5944109729521856,no_advantage
ATG_AP_1_CIS,0.37846153846153846,0.4358974358974359,0.5071062271062271,0.6026373626373627,no_advantage
ATG_BRE_CIS,0.45593525179856115,0.564568345323741,0.587589928057554,0.6776978417266187,no_advantage
ATG_DR4_LXR_CIS,0.6224547511312217,0.6382918552036199,0.5721153846153846,0.7071549773755657,no_advantage
ATG_DR5_RAR_CIS,0.6708333333333333,0.5954365079365079,0.5976190476190476,0.6492063492063492,no_advantage
ATG_EGR_CIS,0.4808526693076778,0.660064138841728,0.6842105263157895,0.7194868892661762,no_advantage
ATG_ERE_CIS,0.4809322033898305,0.4568069983597594,0.4673318753417168,0.5302761071623838,no_advantage
ATG_HIF1a_CIS,0.5358102766798419,0.5949407114624506,0.5996837944664032,0.6213438735177865,no_advantage
ATG_MRE_CIS,0.5580053839251378,0.6278682220228176,0.6453018843737982,0.7222151006281246,no_advantage
ATG_NRF2_ARE_CIS,0.5249034871210683,0.6342636541991014,0.6073666223656731,0.6924245300930321,no_advantage
ATG_Oct_MLP_CIS,0.4715174129353234,0.6027363184079602,0.5746268656716418,0.6383084577114427,no_advantage
ATG_p53_CIS,0.5960854092526691,0.6114716349173122,0.6160770357965251,0.843207033703161,no_advantage
ATG_Pax6_CIS,0.575354609929078,0.6438386524822695,0.6139184397163121,0.7506648936170213,no_advantage
ATG_PBREM_CIS,0.5503952569169961,0.5373847167325428,0.4662384716732543,0.5696640316205533,no_advantage
ATG_PPRE_CIS,0.5050436551665678,0.602102229380351,0.5669237941849623,0.4219716877172162,no_advantage
ATG_PXRE_CIS,0.43594257854821233,0.5587757313109426,0.5619808595160708,0.5438335139039364,no_advantage
ATG_RORE_CIS,0.5810224485946048,0.6668553103188077,0.6951518581399736,0.7734389737785323,no_advantage
ATG_SREBP_CIS,0.31923671995874164,0.6704486848891181,0.6634003782018223,0.7503867973182052,no_advantage
ATG_TCF_b_cat_CIS,0.467938800068764,0.6769812618188069,0.653085783049682,0.7340553549939831,no_advantage
ATG_VDRE_CIS,0.4155276107162384,0.5871377802077639,0.5799617277200656,0.639898851831602,no_advantage
BSK_3C_Eselectin,0.5634340222575517,0.4944356120826709,0.4883942766295707,0.6972972972972973,no_advantage
BSK_3C_HLADR,0.4001887682869278,0.4532011955324839,0.4714487966021708,0.7171621834198522,morphology_advantage
BSK_3C_IL8,0.6538324420677362,0.38467023172905523,0.3746880570409982,0.6260249554367201,no_advantage
BSK_3C_MCP1,0.5217806041335453,0.41621621621621624,0.4104928457869634,0.6101748807631161,no_advantage
BSK_3C_Proliferation,0.5777365491651206,0.5355596784168213,0.4978354978354978,0.6421768707482993,no_advantage
BSK_3C_SRB,0.4956069571454187,0.45436614667383896,0.5183790568405953,0.6512461897077282,no_advantage
BSK_3C_TissueFactor,0.5651423641069888,0.543859649122807,0.5280414150129422,0.543284440609721,no_advantage
BSK_3C_uPAR,0.4969491525423729,0.5376271186440678,0.5407909604519774,0.6781920903954802,no_advantage
BSK_4H_Eotaxin3,0.5063374125874126,0.38920454545454547,0.4138986013986014,0.5299388111888111,no_advantage
BSK_4H_MCP1,0.4634974533106961,0.4123750235804565,0.4233163554046406,0.6355404640633843,no_advantage
BSK_4H_Pselectin,0.6258241758241758,0.4857142857142857,0.4802197802197802,0.5758241758241758,no_advantage
BSK_4H_SRB,0.509090909090909,0.48383838383838385,0.5131313131313131,0.6111111111111112,no_advantage
BSK_4H_uPAR,0.6020541958041958,0.5004370629370629,0.4801136363636363,0.6822552447552448,no_advantage
BSK_4H_VCAM1,0.5059509351469517,0.5372844304104931,0.5416565460286616,0.588778236580034,no_advantage
BSK_CASM3C_LDLR,0.6028520499108735,0.6388591800356507,0.6556149732620321,0.6930481283422459,no_advantage
BSK_CASM3C_Proliferation,0.5770308123249299,0.32492997198879553,0.3322829131652661,0.6227240896358543,morphology_advantage
BSK_CASM3C_Thrombomodulin,0.4684343434343434,0.5722222222222222,0.5686868686868687,0.6712121212121213,no_advantage
BSK_LPS_CD40,0.5762674825174825,0.5113636363636364,0.534527972027972,0.6724213286713286,no_advantage
BSK_LPS_MCP1,0.658816425120773,0.6020531400966184,0.5504227053140096,0.4918478260869565,no_advantage
BSK_LPS_MCSF,0.48627641486519313,0.4729171726985669,0.516881224192373,0.6504736458586349,no_advantage
BSK_LPS_PGE2,0.7308641975308642,0.7399691358024691,0.5280864197530865,0.7155864197530865,no_advantage
BSK_LPS_SRB,0.4452020202020202,0.634090909090909,0.5169191919191919,0.7300505050505051,no_advantage
BSK_LPS_TNFa,0.4527568617925674,0.548457614768035,0.5596307991255769,0.5006072382803012,no_advantage
BSK_LPS_VCAM1,0.5531193940601954,0.6236794897349013,0.5838150289017341,0.7259318317719753,no_advantage
BSK_SAg_CD38,0.45131086142322097,0.5191947565543071,0.6144662921348315,0.6079119850187266,no_advantage
BSK_SAg_CD40,0.5409607335060793,0.41578632648993424,0.5066772971895556,0.576639425951764,no_advantage
BSK_SAg_CD69,0.4495992227350012,0.4095214962351227,0.4517852805440855,0.5715326694194802,no_advantage
BSK_SAg_Eselectin,0.5422480620155039,0.5112403100775194,0.5001937984496124,0.7412790697674418,morphology_advantage
BSK_SAg_IL8,0.6337805840568271,0.4764535648513549,0.4738226782425677,0.6248355695869509,no_advantage
BSK_SAg_MCP1,0.5294117647058824,0.4486486486486487,0.5332273449920508,0.6883942766295708,no_advantage
BSK_SAg_Proliferation,0.5154109589041096,0.6334393346379648,0.5825587084148728,0.7865704500978473,morphology_advantage
BSK_SAg_SRB,0.4309456928838951,0.5650749063670412,0.526685393258427,0.5809925093632958,no_advantage
OT_AR_ARSRC1_0960,0.48406593406593407,0.5574175824175824,0.6010989010989011,0.621978021978022,no_advantage
OT_ER_ERaERb_0480,0.5065953654188948,0.5105169340463458,0.4762923351158645,0.4901960784313725,no_advantage
OT_ER_ERaERb_1440,0.4964483030781373,0.43593791107603264,0.4419889502762431,0.6177321757432255,no_advantage
OT_ER_ERbERb_0480,0.6922634454989934,0.6980155306298533,0.5591026747195859,0.5148116192119644,no_advantage
OT_ER_ERbERb_1440,0.7046393004615011,0.6628613067767792,0.5185814913772164,0.4925916929803254,no_advantage
OT_ERa_GFPERaERE_0120,0.5184066724187518,0.4270923209663503,0.4472246189243601,0.6100086281276963,no_advantage
OT_ERa_GFPERaERE_0480,0.5527777777777778,0.5335858585858586,0.5441919191919192,0.747979797979798,no_advantage
OT_FXR_FXRSRC1_0480,0.3937265917602996,0.34012172284644193,0.3417602996254681,0.3890449438202247,no_advantage
OT_FXR_FXRSRC1_1440,0.6441971383147854,0.47090620031796504,0.4553259141494435,0.67758346581876,no_advantage
TOX21_AhR_LUC_Agonist,0.550622009569378,0.4864433811802233,0.4634768740031897,0.6262200956937799,no_advantage
CEETOX_H295R_11DCORT,0.5837037037037037,0.534074074074074,0.4777777777777778,0.3496296296296296,no_advantage
CEETOX_H295R_OHPREG,0.5274074074074074,0.5711111111111111,0.5614814814814815,0.5703703703703704,no_advantage
CEETOX_H295R_OHPROG,0.49572649572649574,0.5990028490028491,0.6032763532763533,0.5477207977207977,no_advantage
CEETOX_H295R_ANDR,0.5443349753694581,0.43842364532019706,0.409688013136289,0.4926108374384236,no_advantage
CEETOX_H295R_CORTIC,0.6183970856102003,0.5318761384335154,0.4143897996357013,0.4271402550091074,no_advantage
CEETOX_H295R_CORTISOL,0.5245901639344263,0.3907103825136612,0.4435336976320583,0.5327868852459017,no_advantage
CEETOX_H295R_DOC,0.46551724137931033,0.4909688013136289,0.5279146141215106,0.5960591133004927,no_advantage
CEETOX_H295R_ESTRONE,0.48125,0.64375,0.7270833333333333,0.6072916666666667,no_advantage
CEETOX_H295R_PROG,0.3660968660968661,0.4757834757834758,0.5434472934472935,0.5833333333333334,no_advantage
CEETOX_H295R_TESTO,0.611954459203036,0.5929791271347249,0.5986717267552182,0.5464895635673624,no_advantage
LTEA_HepaRG_ABCB1,0.36717267552182165,0.45588235294117646,0.4587286527514231,0.6992409867172675,no_advantage
LTEA_HepaRG_ABCB11,0.42661448140900193,0.43966079582517936,0.4628180039138943,0.5730593607305936,no_advantage
LTEA_HepaRG_ABCC2,0.38576158940397354,0.22806291390728478,0.2884933774834437,0.5550496688741722,no_advantage
LTEA_HepaRG_ABCG2,0.49971830985915494,0.4580281690140845,0.4535211267605634,0.6270422535211267,no_advantage
LTEA_HepaRG_AFP,0.4817300521998509,0.4313944817300522,0.4354958985831469,0.692020879940343,no_advantage
LTEA_HepaRG_ALPP,0.4810606060606061,0.5606060606060606,0.5614801864801865,0.7601981351981352,no_advantage
LTEA_HepaRG_CYP1A1,0.48320413436692505,0.5598621877691645,0.5987654320987654,0.5666092449038186,no_advantage
LTEA_HepaRG_CYP1A2,0.47145135566188195,0.5196172248803828,0.4799043062200956,0.5475279106858054,no_advantage
LTEA_HepaRG_CYP2B6,0.4640473300970874,0.46495752427184467,0.4634405339805825,0.625,no_advantage
LTEA_HepaRG_CYP2C19,0.5238095238095238,0.4658008658008658,0.5190476190476191,0.5508658008658008,no_advantage
LTEA_HepaRG_CYP2C8,0.49126984126984125,0.36164021164021165,0.3624338624338624,0.56005291005291,no_advantage
LTEA_HepaRG_CYP2E1,0.49474868717179293,0.4566766691672918,0.4437359339834958,0.5502625656414104,no_advantage
LTEA_HepaRG_CYP3A4,0.37815126050420167,0.5128261831048209,0.4504643962848297,0.385891198584697,no_advantage
LTEA_HepaRG_CYP3A7,0.5077399380804953,0.5541795665634675,0.4420610349402919,0.5364882795223352,no_advantage
LTEA_HepaRG_CYP4A11,0.5756944444444444,0.4136574074074074,0.4520833333333333,0.50625,no_advantage
LTEA_HepaRG_CYP4A22,0.5513888888888889,0.5060185185185185,0.4958333333333333,0.5238425925925926,no_advantage
LTEA_HepaRG_CYP7A1,0.5489795918367347,0.4887755102040816,0.5098639455782313,0.5496598639455782,no_advantage
LTEA_HepaRG_FABP1,0.6219312602291326,0.4672667757774141,0.4716312056737589,0.5523731587561375,no_advantage
LTEA_HepaRG_FASN,0.5865026099925429,0.6002982848620433,0.6211782252050708,0.5961968680089486,no_advantage
LTEA_HepaRG_GADD45G,0.6307017543859649,0.49298245614035086,0.3907894736842105,0.6513157894736842,no_advantage
LTEA_HepaRG_GSTA2,0.5790562913907285,0.6009933774834437,0.6916390728476821,0.5629139072847682,no_advantage
LTEA_HepaRG_HMGCS2,0.7294670846394984,0.5912225705329154,0.3996865203761755,0.5667711598746081,no_advantage
LTEA_HepaRG_IGF1,0.36713286713286714,0.34324009324009325,0.3802447552447552,0.4525058275058275,no_advantage
LTEA_HepaRG_KRT19,0.4034302759134974,0.5234899328859061,0.5510812826249067,0.5689783743475019,no_advantage
LTEA_HepaRG_LPL,0.6007843137254902,0.4788235294117647,0.4231372549019608,0.6670588235294118,no_advantage
LTEA_HepaRG_PDK4,0.736013986013986,0.6646270396270396,0.5055361305361306,0.5151515151515151,no_advantage
LTEA_HepaRG_PEG10,0.503968253968254,0.49206349206349204,0.4735449735449735,0.5335978835978836,no_advantage
LTEA_HepaRG_SLC22A1,0.4317673378076063,0.48284862043251303,0.5055928411633109,0.7069351230425056,no_advantage
LTEA_HepaRG_THRSP,0.5372960372960373,0.6104312354312355,0.5457459207459208,0.6975524475524476,no_advantage
LTEA_HepaRG_UGT1A1,0.46514285714285714,0.45295238095238094,0.3744761904761904,0.3792380952380952,no_advantage
TOX21_ARE_BLA_Agonist_ratio,0.535036325287087,0.5754862901335833,0.5608858682915397,0.6753925474572299,no_advantage
TOX21_p53_BLA_p1_ratio,0.539793451988574,0.7107448912326961,0.6223247637881785,0.7289386947923533,no_advantage
TOX21_FXR_BLA_Antagonist_ratio,0.5113704368641532,0.5301615798922801,0.5248952722920407,0.691442250149611,no_advantage
TOX21_PPARg_BLA_Antagonist_ratio,0.5826576576576576,0.4782657657657658,0.5261261261261261,0.6365427927927928,no_advantage
TOX21_p53_BLA_p2_ratio,0.5023034992087216,0.5713029716898189,0.5841744329171795,0.6980833479866362,no_advantage
TOX21_p53_BLA_p3_ratio,0.459375,0.6196068548387097,0.5837197580645161,0.6951612903225807,no_advantage
TOX21_p53_BLA_p4_ratio,0.5459898923313558,0.6350252691716106,0.6058009228740936,0.7385190068116897,no_advantage
TOX21_p53_BLA_p5_ratio,0.5508395750722084,0.6116414549370931,0.5786459098252313,0.7117540510109169,no_advantage
CLD_CYP1A1_48hr,0.645748987854251,0.42105263157894735,0.4777327935222672,0.7530364372469636,no_advantage
CLD_CYP1A2_48hr,0.5475708502024291,0.3097165991902834,0.3562753036437247,0.6477732793522267,no_advantage
CLD_CYP2B6_48hr,0.53,0.728,0.706,0.71,no_advantage
CLD_CYP3A4_48hr,0.5612648221343873,0.7509881422924901,0.7154150197628458,0.7964426877470355,no_advantage
TOX21_AR_LUC_MDAKB2_Antagonist_0.5nM_R1881,0.4648844884488449,0.5974037403740374,0.6262046204620462,0.725962596259626,no_advantage
TOX21_AR_LUC_MDAKB2_Agonist_3uM_Nilutamide,0.47404970760233917,0.4085343567251462,0.3881578947368421,0.7401315789473685,no_advantage
TOX21_AP1_BLA_Agonist_ratio,0.4516205234810545,0.5068978550505527,0.4728810356231692,0.6224133043560427,no_advantage
TOX21_TSHR_HTRF_Agonist_ratio,0.5619540229885057,0.6982758620689655,0.6120689655172413,0.6251724137931034,no_advantage
TOX21_CAR_Agonist,0.6135813232587426,0.5008234040492106,0.4284607187832994,0.5431560592850916,no_advantage
TOX21_CAR_Antagonist,0.38156521739130433,0.624,0.6318260869565218,0.8338260869565217,no_advantage
TOX21_ERa_LUC_VM7_Antagonist_0.1nM_E2,0.3942760942760943,0.6127609427609427,0.5827272727272728,0.7352525252525253,no_advantage
TOX21_ERR_Agonist,0.49244386873920554,0.42562607944732295,0.3403497409326425,0.5985535405872193,no_advantage
TOX21_ERR_Antagonist,0.48222140762463345,0.5728657543173672,0.5730083088954057,0.6784579667644184,no_advantage
TOX21_HDAC_Inhibition,0.4825263157894737,0.5484210526315789,0.5402807017543859,0.5592280701754386,no_advantage
TOX21_PGC_ERR_Agonist,0.4014754878629224,0.4322544819927019,0.4631128034269395,0.6684911946692051,no_advantage
TOX21_PGC_ERR_Antagonist,0.46813915439593556,0.6005338844398519,0.646516834581934,0.7228106432446396,no_advantage
TOX21_ERb_BLA_Antagonist_ratio,0.4969959524411839,0.5319061472299519,0.5273526435618517,0.6469453579559828,no_advantage
TOX21_PR_BLA_Agonist_ratio,0.4918668288233506,0.5612648221343873,0.5117056856187291,0.5976740650653695,no_advantage
TOX21_PR_BLA_Antagonist_ratio,0.4578390804597701,0.5536704980842911,0.5342528735632184,0.7179616858237547,morphology_advantage
TOX21_PXR_agonist,0.45151017053626463,0.5086809122662831,0.5280117800150674,0.6878980891719745,morphology_advantage
TOX21_SBE_BLA_Antagonist_ratio,0.5352608695652173,0.40869565217391307,0.5126086956521739,0.6694782608695652,no_advantage
CCTE_Simmons_MITO_basal_resp_rate,0.448,0.552,0.588,0.432,no_advantage
CCTE_Simmons_MITO_max_resp_rate,0.3004201680672269,0.3067226890756303,0.3886554621848739,0.5273109243697479,no_advantage
BSK_BT_sIgG,0.5294117647058824,0.8544891640866873,0.8575851393188855,0.8204334365325078,no_advantage
TOX21_AR_BLA_Agonist_ratio,0.5071132376395534,0.46137161084529504,0.4347687400318979,0.7015629984051037,no_advantage
TOX21_AR_BLA_Antagonist_ratio,0.5065134099616858,0.5980603448275862,0.5766283524904214,0.6956657088122605,no_advantage
TOX21_AR_LUC_MDAKB2_Agonist,0.5524907796997559,0.5449067580904888,0.5502571294997662,0.6932107422991013,no_advantage
TOX21_AR_LUC_MDAKB2_Antagonist_10nM_R1881,0.5635428300673503,0.7233560090702947,0.7280265339966833,0.8136866686973296,no_advantage
TOX21_Aromatase_Inhibition,0.46333743625813256,0.7451732020397398,0.7199929664146298,0.7985581149991208,no_advantage
TOX21_ERa_BLA_Agonist_ratio,0.428876582278481,0.4923259493670886,0.406882911392405,0.6222310126582279,no_advantage
TOX21_ERa_BLA_Antagonist_ratio,0.5407602724675895,0.4889035376840255,0.5168534388046583,0.5563612392880686,no_advantage
TOX21_ERa_LUC_VM7_Agonist,0.44681146154059526,0.5410113450389725,0.5476963191034923,0.5324124157443622,no_advantage
TOX21_ERa_LUC_VM7_Antagonist_0.5nM_E2,0.49875097580015615,0.7477751756440281,0.7268540202966433,0.7270101483216237,no_advantage
TOX21_GR_BLA_Agonist_ratio,0.4237146827234831,0.39119962945808245,0.4483557202408522,0.7300602130616026,no_advantage
TOX21_GR_BLA_Antagonist_ratio,0.4265914889595867,0.48234478848395124,0.5290893627744354,0.7437553154628784,morphology_advantage
TOX21_MMP_ratio,0.41431924882629106,0.6077297116029511,0.6174756874580818,0.6297367538564722,no_advantage
NVS_ADME_hCYP3A4,0.18899521531100477,0.291866028708134,0.2679425837320574,0.5215311004784688,no_advantage
NVS_GPCR_hOpiate_mu,0.44385026737967914,0.45989304812834225,0.4839572192513369,0.6149732620320856,no_advantage
NVS_MP_hPBR,0.5546772068511199,0.5876152832674572,0.5783926218708827,0.7259552042160737,no_advantage
NVS_NR_hER,0.37117117117117115,0.4563063063063063,0.5243243243243243,0.7554054054054054,no_advantage
NVS_NR_hGR,0.5553977272727273,0.5994318181818182,0.6321022727272727,0.46875,no_advantage
NVS_NR_hPPARg,0.532871972318339,0.5896193771626298,0.5550173010380622,0.5854671280276816,no_advantage
NVS_NR_hPR,0.4821705426356589,0.4945736434108527,0.5286821705426357,0.3813953488372093,no_advantage
NVS_TR_hNET,0.5015873015873016,0.7,0.7111111111111111,0.6952380952380952,no_advantage
cell_type__umbilical_vein_endothelium_and_peripheral_blood_mononuclear_cells,0.5485001947798988,0.7117257499026101,0.7235423970912869,0.7835346058953383,no_advantage
cell_type__HepG2,0.5492456479690522,0.7848613797549968,0.7743391360412637,0.8626563507414571,morphology_advantage
cell_type__HEK293T,0.5682288401253919,0.7833855799373041,0.7934639498432602,0.8616457680250784,no_advantage
cell_type__HEK293,0.5281830848910272,0.7289086941662066,0.7109524936246286,0.8204642847753503,morphology_advantage
cell_type__HeLa,0.5277777777777778,0.7496843434343434,0.7400042087542088,0.7880629208754208,no_advantage
cell_type__HCT116,0.5319163010164708,0.7335126672987454,0.7273168257888122,0.796639693074328,no_advantage
cell_type__ME-180,0.5007014871527639,0.6985609492123301,0.6844309937066582,0.8294584519180663,morphology_advantage
cell_type__H295R,0.5130718954248366,0.5359477124183006,0.4428104575163398,0.5089869281045751,no_advantage
cell_type__MDA-kb2,0.5071134180620462,0.8091534601389919,0.8116194450671679,0.8482815706427081,no_advantage
cell_type__22Rv1,0.5556875556875557,0.6424116424116424,0.6190476190476191,0.7643797643797644,no_advantage
cell_type__T47D,0.4837392337392337,0.6055836055836056,0.6140481140481141,0.6956489456489456,no_advantage
cell_type__VM7,0.45642916397824684,0.775665959996313,0.7840538298460688,0.8231910775186653,no_advantage
cell_type__ERR-HEK293T,0.4989635430376415,0.7371676757041327,0.718560805475125,0.8346768886549092,morphology_advantage
cell_type__PGC/ERR_HEK293T,0.5010741138560687,0.7820362594798685,0.7548416495784916,0.8360999902353285,no_advantage
cell_type__PR-UAS-bla-HEK293T,0.5134787049784607,0.7518097437491673,0.7532753031043212,0.7737709286317005,no_advantage
cell_type__MCF7,0.49384434753438444,0.7831767863133177,0.7786481046628648,0.8342837973834284,no_advantage
tissue__vascular,0.576025641025641,0.7116666666666667,0.7219230769230769,0.7774358974358975,no_advantage
tissue__liver,0.5492456479690522,0.7848613797549968,0.7743391360412637,0.8626563507414571,morphology_advantage
tissue__kidney,0.5575918484500574,0.7818168771526981,0.7705223880597015,0.8751865671641791,morphology_advantage
tissue__cervix,0.5105341470252086,0.7600759062385439,0.7518167899424234,0.8063743988959092,no_advantage
tissue__intestinal,0.5343478260869565,0.6932065217391304,0.7051811594202898,0.8151630434782609,morphology_advantage
tissue__breast,0.4801488067673119,0.7883053934734957,0.7723441696767621,0.8353863727578649,no_advantage
tissue__prostate,0.5556875556875557,0.6424116424116424,0.6190476190476191,0.7643797643797644,no_advantage
tissue__adrenal_gland,0.5130718954248366,0.5359477124183006,0.4428104575163398,0.5089869281045751,no_advantage
MT,0.5098557551575524,0.8768627309696334,0.8734221109374789,0.9157453400764682,morphology_advantage
LDH,0.5173168936326831,0.9632775119617225,0.9572414427677586,0.9685038645564962,no_advantage
