kind,effect,n_endpoints,credited_raw,credited_calibrated,act_bin
adds,0.5,120,0.8,0.725,
adds,1.0,120,1.0,0.9833333333333333,
adds,1.5,120,1.0,1.0,
morph_only,0.5,48,0.8541666666666666,0.7708333333333334,
morph_only,1.0,36,1.0,1.0,
morph_only,1.5,36,1.0,1.0,
null,0.0,299,0.0802675585284281,0.03678929765886288,
shortcut,0.0,180,0.05555555555555555,0.022222222222222223,
adds,0.5,12,0.5833333333333334,0.25,15-29
adds,0.5,28,0.5,0.39285714285714285,30-59
adds,0.5,80,0.9375,0.9125,60+
adds,1.0,13,1.0,0.9230769230769231,15-29
adds,1.0,27,1.0,0.9629629629629629,30-59
adds,1.0,80,1.0,1.0,60+
adds,1.5,13,1.0,1.0,15-29
adds,1.5,27,1.0,1.0,30-59
adds,1.5,80,1.0,1.0,60+
morph_only,0.5,8,0.5,0.5,15-29
morph_only,0.5,9,0.6666666666666666,0.2222222222222222,30-59
morph_only,0.5,31,1.0,1.0,60+
morph_only,1.0,4,1.0,1.0,15-29
morph_only,1.0,10,1.0,1.0,30-59
morph_only,1.0,22,1.0,1.0,60+
morph_only,1.5,4,1.0,1.0,15-29
morph_only,1.5,10,1.0,1.0,30-59
morph_only,1.5,22,1.0,1.0,60+
