endpoint_id,n_compounds,n_active,n_inactive,cv_folds,scalar_cc_AUROC,scalar_cc_PRAUC,strong_cc_AUROC,strong_cc_PRAUC,full_AUROC,full_PRAUC,full_AUROC_repeat_sd,delta_AUROC,delta_ci_lo,delta_ci_hi,bootstrap_p,delta_AUROC_scalar,delta_ci_lo_scalar,delta_ci_hi_scalar,bootstrap_p_scalar,calibration_brier,brier_skill,ece,calib_slope,brier_recalibrated,fdr_q,verdict,fdr_q_scalar,verdict_scalar,powered
tissue__prostate__perm0,202,93,109,5,0.5255006412153497,0.48909520822068586,0.45802505672289634,0.43353084359432825,0.6077735030087797,0.5345313618231584,0.006171645386057854,0.1497484462858834,0.0534437573903093,0.248360643300647,0.001998001998001998,0.08227286179343007,-0.026497187983865664,0.19438296881106024,0.07392607392607392,0.26225557497685786,-0.055645307423863866,0.14921616375901225,0.24128097781179436,0.25256442255432765,0.0879120879120879,no_advantage,0.38583638583638585,no_advantage,True
tissue__prostate__perm1,202,89,113,5,0.5210301282688674,0.49126533417595614,0.4275628915183454,0.38673494281753895,0.5334592820920752,0.4968830269188192,0.03583776807261879,0.10589639057372974,-0.010139275589753919,0.21818459971844906,0.03996003996003996,0.01242915382320775,-0.10437225923045189,0.1264670904834082,0.4045954045954046,0.2847560576897005,-0.15533321845187853,0.18093126333432374,0.07995160956564318,0.252013218164698,0.31062271062271063,no_advantage,0.7404902789518174,no_advantage,True
tissue__kidney__perm0,666,113,553,5,0.4620093136392005,0.15746427345371655,0.4707388500376066,0.16536039707074543,0.514618572868825,0.17074708251097995,0.035710241882571186,0.043879722831218326,-0.030409077054769786,0.12238585156378724,0.13786213786213786,0.05260925922962445,-0.027677356404821954,0.13390679297311903,0.0979020979020979,0.15439409356200604,-0.09591170548399153,0.11067782270207485,0.03444066802642284,0.1410627256775148,0.5173288250211326,no_advantage,0.4307692307692308,no_advantage,True
tissue__kidney__perm1,666,118,548,5,0.4831359025114438,0.1713462478816941,0.43613138686131386,0.1581265404966523,0.48725720648274157,0.1661722031151009,0.025274494119447332,0.051125819621427704,-0.037078491375651654,0.13124552038957735,0.10789210789210789,0.004121303971297785,-0.07235886268918267,0.08319491826195786,0.47052947052947053,0.1667229928889407,-0.14361907450586076,0.12324828943911213,-0.07832536910466036,0.14577141707261673,0.49230769230769234,no_advantage,0.7502841985600607,no_advantage,True
CEETOX_H295R_DOC__perm0,79,21,58,5,0.479064039408867,0.32349453532341677,0.7208538587848933,0.41815342170872993,0.5656814449917899,0.2881157643191642,0.05668527087063657,-0.15517241379310343,-0.34921375266524524,0.018131670771756894,0.955044955044955,0.08661740558292286,-0.10095354108659955,0.2641424490809736,0.18081918081918083,0.24930592248467653,-0.2774369969021888,0.19038920197635892,0.08487424961960656,0.20071292674265312,0.999000999000999,no_advantage,0.5682888540031398,no_advantage,True
CEETOX_H295R_DOC__perm1,79,19,60,5,0.4728070175438597,0.23578031017257634,0.5368421052631579,0.37468680130042487,0.4850877192982456,0.2949951578687001,0.04232399326952569,-0.051754385964912275,-0.2609134692696105,0.13761273448773437,0.6903096903096904,0.012280701754385948,-0.20078789744738018,0.22917824074074075,0.45054945054945056,0.2095386804999442,-0.14713237280715075,0.1591647483039066,-0.02340674161081846,0.1893413531156817,0.9345731191885038,no_advantage,0.7480821065726726,no_advantage,True
TOX21_p53_BLA_p4_ratio__perm0,652,34,618,5,0.5316485817628022,0.057144712300001746,0.5449267085474967,0.06163946878699966,0.555206548638873,0.06394884887917283,0.03885435532300908,0.01027984009137628,-0.11498851349221353,0.13249440267371784,0.46853146853146854,0.023557966876070813,-0.11109414329831091,0.1485870298257166,0.39760239760239763,0.05234412387886903,-0.0589994497145796,0.04247117606155929,0.1420991747515234,0.04960827703859298,0.7488226059654631,no_advantage,0.7404902789518174,no_advantage,True
TOX21_p53_BLA_p4_ratio__perm1,652,37,615,5,0.4307844429795649,0.046976468147796505,0.3989892331355746,0.050433061441303995,0.5034058448692595,0.06565105423429965,0.028266056371898135,0.10441661173368494,-0.014996761842703333,0.2312439776071724,0.03796203796203796,0.07262140188969463,-0.025511394129394346,0.1702906063292914,0.07392607392607392,0.05771015208582519,-0.07812860875819094,0.04459898444754405,0.0133145894310586,0.0537364208928631,0.31062271062271063,no_advantage,0.38583638583638585,no_advantage,True
LDH__perm0,966,130,836,5,0.5074438719175561,0.14168618578163278,0.4720371733529628,0.12491689652475563,0.4907986750092013,0.13370603436540862,0.003767737542523027,0.01876150165623852,-0.0548998465274753,0.09510333330520822,0.30569430569430567,-0.01664519690835481,-0.08650162029858838,0.06203581386844627,0.7042957042957043,0.12487791109003539,-0.07223566434608997,0.07855322334646735,-0.032335724692037326,0.11662814754547104,0.67971053336907,no_advantage,0.8982322025800288,no_advantage,True
LDH__perm1,966,130,836,5,0.4958548030916452,0.1399651770094848,0.5401545822598455,0.15976098752738832,0.48309716599190283,0.13028452664452717,0.008822320524481899,-0.05705741626794264,-0.1348957194902183,0.019710547311848195,0.9250749250749251,-0.01275763709974237,-0.09506503573337156,0.06188060731617609,0.6423576423576424,0.12635772180038293,-0.0849417210559269,0.08707471588892274,-0.06986857098185675,0.11666975932258078,0.999000999000999,no_advantage,0.8696534234995773,no_advantage,True
ATG_RORE_CIS__perm0,298,16,282,5,0.507313829787234,0.06198934312907293,0.4640957446808511,0.04914719588996308,0.5664893617021277,0.08644200136998932,0.014598527477460507,0.10239361702127664,-0.08695233989299049,0.296128262351993,0.13386613386613386,0.059175531914893664,-0.1360884054325956,0.2426331331784673,0.25274725274725274,0.0537385263733565,-0.057667574481283346,0.0387800468089709,0.19816219260405987,0.05067629660180341,0.5173288250211326,no_advantage,0.6694843617920541,no_advantage,True
ATG_RORE_CIS__perm1,298,17,281,5,0.583211220431233,0.0852174226094071,0.42516223571279044,0.048974235789073506,0.5122461796106343,0.06029032231079941,0.052419533459225745,0.08708394389784391,-0.06186041695969495,0.262795680607454,0.13386613386613386,-0.07096504082059862,-0.29421571401622343,0.12043608322383946,0.7622377622377622,0.05991963462923937,-0.11390061411240815,0.05462089869984419,-0.033971593208820955,0.054025978304603005,0.5173288250211326,no_advantage,0.9123849123849124,no_advantage,True
TOX21_FXR_BLA_Antagonist_ratio__perm0,587,34,553,5,0.4501648760770131,0.06058544603074337,0.4645782363578343,0.06005443962345099,0.4712264652696522,0.058776134258776966,0.02393271793641308,0.006648228911817877,-0.11707154384554447,0.14017984942160575,0.46153846153846156,0.021061589192639063,-0.11434072018447013,0.16280729243538414,0.36563436563436563,0.05812093513407534,-0.0651352248810344,0.044235494425364286,-0.0937098705324233,0.05458376596035345,0.7488226059654631,no_advantage,0.7312687312687313,no_advantage,True
TOX21_FXR_BLA_Antagonist_ratio__perm1,587,29,558,5,0.46230379433938945,0.05707159444729423,0.5637745643307378,0.06000410772349969,0.44024224446916327,0.04278330528833203,0.02893793484606115,-0.12353231986157454,-0.26685914889959833,0.011505075416293196,0.9600399600399601,-0.022061549870226183,-0.1709962490934211,0.11651041310014558,0.6173826173826173,0.050094083783224046,-0.0666708908108844,0.039711327813415014,-0.21154807103804177,0.04689992108395348,0.999000999000999,no_advantage,0.8489010989010989,no_advantage,True
BSK_3C_MCP1__perm0,202,14,188,5,0.5947948328267477,0.11685738964682539,0.3495440729483283,0.08804098594690603,0.4737841945288754,0.06747538404342729,0.032667899028171944,0.12424012158054709,-0.06443413961742309,0.29482928240740736,0.0899100899100899,-0.12101063829787234,-0.28689117912835055,0.0583678698752228,0.926073926073926,0.07857911321498641,-0.21821509712169695,0.0748755812219255,-0.16395432033958587,0.06465203677676902,,indeterminate,,indeterminate,False
BSK_3C_MCP1__perm1,202,18,184,5,0.40066425120772947,0.08073572063135817,0.3789251207729469,0.07055896956997192,0.4121376811594203,0.08238592441257532,0.0028573006373949924,0.03321256038647341,-0.18180338310882668,0.24096146757526027,0.36863136863136864,0.011473429951690817,-0.20409199401251593,0.2137014223373693,0.46053946053946054,0.0923748066428337,-0.13806208039075663,0.0945633310657886,-0.24872519736888718,0.08173510386298077,0.7051671732522797,no_advantage,0.7502841985600607,no_advantage,True
LTEA_HepaRG_GSTA2__perm0,167,14,153,5,0.45331465919701214,0.08779015635247478,0.35340802987861814,0.06449676040230454,0.4211017740429505,0.0806385195776819,0.027653594419201028,0.06769374416433238,-0.09492278210200396,0.25921115487763996,0.21678321678321677,-0.03221288515406162,-0.2996659634317862,0.2063517665130568,0.5934065934065934,0.08777796065394532,-0.14287560442478053,0.07610038033651259,-0.22356878877825245,0.07671724873975996,,indeterminate,,indeterminate,False
LTEA_HepaRG_GSTA2__perm1,167,15,152,5,0.5197368421052632,0.1208015571045643,0.6223684210526316,0.12288057826085214,0.5412280701754386,0.12345181835868207,0.008121604919491907,-0.08114035087719296,-0.335510752688172,0.15046573527184606,0.7392607392607392,0.02149122807017545,-0.14038446646015815,0.20899032014750246,0.42357642357642356,0.0927970008602102,-0.1350945425396497,0.05799390670068249,0.0862783397476778,0.08286803463835261,0.9428252906513775,no_advantage,0.7404902789518174,no_advantage,True
TOX21_AP1_BLA_Agonist_ratio__perm0,595,43,552,5,0.49898887765419614,0.07135208539739393,0.4755224132119987,0.07094070842837366,0.6311931243680485,0.15112341836565962,0.012667692099524902,0.15567071115604986,0.04282447545935724,0.2629527284957577,0.000999000999000999,0.1322042467138524,0.006133896435620506,0.26019695458682013,0.023976023976023976,0.06734778442664148,-0.004499468387333616,0.03771068215381917,0.4133256026287343,0.06565579996456741,0.0879120879120879,no_advantage,0.3223443223443223,no_advantage,True
TOX21_AP1_BLA_Agonist_ratio__perm1,595,40,555,5,0.4663963963963964,0.06279033134014392,0.4697297297297297,0.07730709396069099,0.5331081081081082,0.07259473220461791,0.04221421737112229,0.06337837837837845,-0.05773252896521418,0.18092206307439923,0.14185814185814186,0.06671171171171175,-0.06263120545188482,0.21119423130386433,0.17282717282717283,0.06630911375235295,-0.05743621604399762,0.05795750850413768,0.06540084926330919,0.0627722241259866,0.5173288250211326,no_advantage,0.5682888540031398,no_advantage,True
BSK_SAg_MCP1__perm0,202,15,187,5,0.49019607843137253,0.0798321224238092,0.4577540106951872,0.07078683884732216,0.3600713012477718,0.057924015388932784,0.05269328909611682,-0.09768270944741536,-0.32267871133057335,0.1355263157894736,0.8101898101898102,-0.13012477718360071,-0.3292106589558574,0.0737152152429507,0.906093906093906,0.08172660565830157,-0.18886717193630553,0.08478982199948563,-0.6784633740184944,0.06763607501410637,0.995115995115995,no_advantage,0.9930809930809932,no_advantage,True
BSK_SAg_MCP1__perm1,202,17,185,5,0.5041335453100159,0.11200376597953844,0.441335453100159,0.07764321287715889,0.5936406995230524,0.13280050186351572,0.0021772801891016573,0.15230524642289345,-0.03711857760512331,0.3305557179227392,0.04695304695304695,0.08950715421303657,-0.11926778083028089,0.2932301845059775,0.2047952047952048,0.08247304841816425,-0.07002552230676429,0.05917049959231254,0.25936813574692236,0.07707890596294659,0.31062271062271063,no_advantage,0.6183150183150183,no_advantage,True
CEETOX_H295R_CORTIC__perm0,79,15,64,5,0.375,0.1883871558517361,0.5239583333333333,0.21517003534040183,0.6354166666666666,0.3569827510398716,0.06567366655208967,0.11145833333333333,-0.14447916666666671,0.36573536706349197,0.20279720279720279,0.26041666666666663,0.04202505889912192,0.516117901706137,0.013986013986013986,0.158995992147904,-0.033639569786530155,0.12435098552785595,0.40730340984201696,0.148076878955905,0.6373626373626373,no_advantage,0.3223443223443223,no_advantage,True
CEETOX_H295R_CORTIC__perm1,79,16,63,5,0.5178571428571429,0.24971177143951145,0.4126984126984127,0.24897490254940394,0.5734126984126984,0.2996136386057971,0.044109343916754126,0.1607142857142857,-0.031926508760545064,0.36773124467178164,0.056943056943056944,0.05555555555555547,-0.1965067495589067,0.30322544642857135,0.3356643356643357,0.1786126956140087,-0.10587483464982927,0.1140632864288231,0.1771922609438638,0.1764102118631466,0.3131868131868132,no_advantage,0.6869409660107335,no_advantage,True
TOX21_p53_BLA_p3_ratio__perm0,652,28,624,5,0.4525526556776557,0.03762772220323798,0.43149038461538464,0.05886400192063325,0.5140796703296703,0.04311075632356986,0.005565654124744138,0.08258928571428564,-0.04855613419693636,0.21268196158742458,0.11188811188811189,0.0615270146520146,-0.07021605233825647,0.1926981868212802,0.17882117882117882,0.04408864117006111,-0.07270247916424277,0.03722591317826092,-0.045687488401086856,0.04120781677715732,0.49230769230769234,no_advantage,0.5682888540031398,no_advantage,True
TOX21_p53_BLA_p3_ratio__perm1,652,29,623,5,0.48516632534455084,0.060404772242630515,0.5762439807383628,0.05691013054680059,0.4330547406874412,0.039664781241189676,0.004958238989942087,-0.1431892400509216,-0.26573952481824265,-0.01669046875000003,0.989010989010989,-0.05211158465710963,-0.1952064982318613,0.10137105581585949,0.7672327672327672,0.04628868656352003,-0.08914074350465606,0.03741453169651734,-0.2605067179478016,0.04252670432542846,0.999000999000999,no_advantage,0.9123849123849124,no_advantage,True
cell_type__ERR-HEK293T__perm0,595,115,480,5,0.49120471014492756,0.21148937265180828,0.4990760869565217,0.20671785454306,0.5111594202898551,0.20258456678608133,0.016493853066094164,0.012083333333333335,-0.06918568377108215,0.0930636921574781,0.37662337662337664,0.0199547101449275,-0.05544462920969274,0.09703462541488854,0.3146853146853147,0.1718261662389925,-0.10200649461520483,0.11414650200999207,0.011660876032120425,0.156146448281616,0.7051671732522797,no_advantage,0.675422138836773,no_advantage,True
cell_type__ERR-HEK293T__perm1,595,114,481,5,0.4920396104606631,0.18164365181025677,0.4741401320348689,0.1864835601975894,0.49263230842178213,0.20692344560423365,0.01709845035041075,0.01849217638691325,-0.06535795632698767,0.10138246703840194,0.33666333666333664,0.0005926979611190486,-0.08220765344773069,0.07784467429961943,0.4885114885114885,0.17117971554007302,-0.10518836477503646,0.09802845434510052,-0.004280571893054422,0.1554735788824294,0.6889854331714796,no_advantage,0.7502841985600607,no_advantage,True
ACEA_ER_80hr__perm0,256,27,229,5,0.5080866893093967,0.1195890723274259,0.4711305191654537,0.09970083186936585,0.5587902312793143,0.13101297792987868,0.01677203536882864,0.08765971211386059,-0.08244256451069619,0.2545388933083207,0.14885114885114886,0.050703541969917554,-0.1270203106332139,0.22343783020450003,0.30569430569430567,0.10221714199022565,-0.08343888362791985,0.0671888563523074,0.14255187158532673,0.0946886808159778,0.5173288250211326,no_advantage,0.6725274725274725,no_advantage,True
ACEA_ER_80hr__perm1,256,22,234,5,0.5665306915306916,0.10160448389545809,0.46561771561771564,0.08079421016335746,0.4677544677544678,0.07776979370318045,0.02776003753804374,0.002136752136752129,-0.15061222893710574,0.15589834515366421,0.4935064935064935,-0.0987762237762238,-0.23145888885548618,0.017463354848209184,0.9530469530469531,0.09571220378385183,-0.218452794712221,0.09066242858474045,-0.1521179161151286,0.07861105305686722,0.761904761904762,no_advantage,0.999000999000999,no_advantage,True
TOX21_p53_BLA_p2_ratio__perm0,652,42,610,5,0.46155347384855583,0.05789691547144267,0.5491022638563622,0.07217855431894993,0.5270101483216237,0.08191873628744337,0.028738555812525872,-0.022092115534738443,-0.1576995852864285,0.11670876442713096,0.6233766233766234,0.06545667447306791,-0.06356478894136226,0.19604149972746004,0.15984015984015984,0.06373079802532006,-0.05746358952988495,0.04398326231330987,0.11818916955261433,0.06024102101791787,0.8707482993197279,no_advantage,0.5626373626373626,no_advantage,True
TOX21_p53_BLA_p2_ratio__perm1,652,37,615,5,0.47418149857174247,0.05321638483833711,0.5335970116457921,0.07957302426358305,0.4117776312898264,0.04618537298738481,0.02103131349075701,-0.12181938035596568,-0.2526771269769986,-0.001969605247309851,0.9760239760239761,-0.06240386728191605,-0.18617126831011077,0.07180510461760455,0.8181818181818182,0.05674835455030885,-0.060160514733222925,0.039815414437437566,-0.3481450142162208,0.05361168394917503,0.999000999000999,no_advantage,0.9230769230769231,no_advantage,True
OT_ER_ERbERb_0480__perm0,202,18,184,5,0.5643115942028986,0.14330563149705178,0.4682971014492754,0.10001611433183227,0.4628623188405797,0.09582142044500389,0.057151152821851646,-0.005434782608695676,-0.25835297488538966,0.23988144398868655,0.5164835164835165,-0.10144927536231885,-0.33171370995941196,0.1474762355479563,0.8011988011988012,0.09100750831854845,-0.12121689898250332,0.07079573540000103,-0.10806576953208509,0.08263190355551371,0.7703482957720247,no_advantage,0.9156557727986299,no_advantage,True
OT_ER_ERbERb_0480__perm1,202,16,186,5,0.4806787634408602,0.09605657789220778,0.5299059139784946,0.09711621740121495,0.5719086021505376,0.09543860371666135,0.09028208564301428,0.042002688172043,-0.09733399654469241,0.19181257241935212,0.27372627372627373,0.09122983870967744,-0.1356764171079248,0.31585159479896313,0.21078921078921078,0.08319739822516924,-0.14072131625665518,0.07555175688280649,0.09743845122578816,0.07317487826902845,0.6691086691086691,no_advantage,0.6183150183150183,no_advantage,True
CEETOX_H295R_OHPROG__perm0,79,24,55,5,0.5356060606060606,0.3656894554733096,0.39090909090909093,0.25839044907445297,0.5757575757575758,0.35483445875879005,0.06806668168642002,0.18484848484848487,0.023098694347579267,0.32672033898305086,0.00999000999000999,0.04015151515151516,-0.11755582137161087,0.19112962962962962,0.2967032967032967,0.25259310379004574,-0.19426784905581518,0.18663697025663992,0.14941351777861145,0.2120296833103176,0.12558869701726844,no_advantage,0.6694843617920541,no_advantage,True
CEETOX_H295R_OHPROG__perm1,79,28,51,5,0.5126050420168067,0.42721316088184763,0.6050420168067226,0.538288411403939,0.6092436974789915,0.45220710171543665,0.04112419428462054,0.004201680672268893,-0.1553036214485794,0.17508103241296522,0.47652347652347654,0.09663865546218486,-0.05515323916097944,0.24595013802622492,0.11988011988011989,0.24372972720520897,-0.06520814249839568,0.13228897221056346,0.3020839986759208,0.23169092193271543,0.7488226059654631,no_advantage,0.5023547880690737,no_advantage,True
BSK_3C_IL8__perm0,202,13,189,5,0.37098087098087096,0.07045936237449504,0.47212047212047215,0.10799704495747156,0.4078144078144078,0.05449978863505639,0.03396604740104839,-0.06430606430606434,-0.28237592472886597,0.13658988070752776,0.7472527472527473,0.03683353683353685,-0.15263119775835865,0.23829716060377087,0.3826173826173826,0.07011061362945811,-0.16434411010842864,0.07339818140556388,-0.3517476897131785,0.06054494898090517,,indeterminate,,indeterminate,False
BSK_3C_IL8__perm1,202,12,190,5,0.4570175438596491,0.05889812281089183,0.2442982456140351,0.04026458688692588,0.3960526315789474,0.06347800679542459,0.03829181536172164,0.15175438596491228,-0.04771062271062273,0.3448463157425035,0.06693306693306693,-0.06096491228070172,-0.2554105556019834,0.1290126386140267,0.7532467532467533,0.061334806999126634,-0.097677835435247,0.04132874495589571,-0.2636325725833386,0.05624198591352492,,indeterminate,,indeterminate,False
cell_type__VM7__perm0,666,86,580,5,0.508700882117081,0.13029403148471372,0.47802726543704893,0.12675782649483963,0.5073977546110665,0.1308386729168564,0.021835164141552548,0.029370489174017578,-0.05963297364723229,0.11984996581518736,0.26373626373626374,-0.0013031275060144676,-0.0830130460263024,0.0840104236042421,0.4945054945054945,0.12189393779190451,-0.08393719870140348,0.08317421638581378,0.01779170458319532,0.11267900124455245,0.6631083202511775,no_advantage,0.7502841985600607,no_advantage,True
cell_type__VM7__perm1,666,93,573,5,0.5301844658372272,0.17412347904984599,0.5217399463303871,0.171537521465697,0.5506389686426842,0.19099261345583618,0.012602474754884551,0.02889902231229713,-0.05304396054056773,0.10663819630256928,0.23076923076923078,0.02045450280545702,-0.0688945164746861,0.11243660244476494,0.3306693306693307,0.12786800606678778,-0.06432136649139841,0.08238565293385425,0.20177997292128277,0.11995298910733128,0.6446886446886447,no_advantage,0.6869409660107335,no_advantage,True
TOX21_AR_BLA_Agonist_ratio__perm0,652,23,629,5,0.4841017488076312,0.04367132400842268,0.45835349415912074,0.034204054370167894,0.5695030068431602,0.044967371688701234,0.019018788301479503,0.1111495126840395,-0.06141899954387742,0.271755752600387,0.08691308691308691,0.08540125803552906,-0.07347432326578,0.24851190476190468,0.15284715284715283,0.03537187149452382,-0.03938094005723736,0.02422747847661976,0.17202270132434916,0.034172283207891105,0.4249084249084249,no_advantage,0.5626373626373626,no_advantage,True
TOX21_AR_BLA_Agonist_ratio__perm1,652,23,629,5,0.5126494781226238,0.0489777910961761,0.4553812124144605,0.03555149978393404,0.5139282505011405,0.036147187345455425,0.015383311594018713,0.05854703808668005,-0.09020908441326449,0.21583562255487906,0.2217782217782218,0.0012787723785167016,-0.13032637160666674,0.1284285180931353,0.4805194805194805,0.03751758584873736,-0.10243145190030045,0.03196389047268984,-0.05416409832233546,0.0340760451210721,0.6446886446886447,no_advantage,0.7502841985600607,no_advantage,True
NVS_ADME_hCYP3A4__perm0,41,19,22,5,0.6339712918660287,0.6937894081423235,0.47368421052631576,0.5143568042973816,0.5813397129186603,0.5511147121089017,0.09353628480851948,0.1076555023923445,-0.12326345755693581,0.3261904761904762,0.19880119880119881,-0.052631578947368474,-0.28575741890959283,0.1819751082251081,0.6763236763236763,0.26867376342290294,-0.08047989548779855,0.19422083399523563,0.2619101981604051,0.24677022727215692,0.6373626373626373,no_advantage,0.8752424046541694,no_advantage,True
NVS_ADME_hCYP3A4__perm1,41,20,21,5,0.35,0.4044766860846193,0.5071428571428571,0.5840064168694831,0.5642857142857143,0.49989538379147513,0.06172133998483675,0.05714285714285716,-0.1770451555023924,0.3188457556935818,0.3356643356643357,0.2142857142857143,-0.00476247436773751,0.4082400895140665,0.029970029970029972,0.29728799857581467,-0.1898598228712962,0.35054440728229713,0.13148875281832936,0.2572115543465898,0.6889854331714796,no_advantage,0.3223443223443223,no_advantage,True
LTEA_HepaRG_UGT1A1__perm0,167,46,121,5,0.42840459935321595,0.23479069377445125,0.5357527847646425,0.30652913777244395,0.4762845849802372,0.2598696164186099,0.04191699583780393,-0.05946819978440532,-0.18522499517048205,0.06635385155063378,0.8141858141858141,0.047879985627021227,-0.07720632423642529,0.17094621729340106,0.22977022977022976,0.24294243389354286,-0.21728737672601817,0.19596173185966687,-0.11404972265689892,0.2000175637486774,0.995115995115995,no_advantage,0.6346153846153846,no_advantage,True
LTEA_HepaRG_UGT1A1__perm1,167,47,120,5,0.43395390070921985,0.24820479139329932,0.44893617021276594,0.282233065686065,0.5592198581560284,0.30094480132742774,0.042162393181609616,0.11028368794326243,-0.02558387482083132,0.2418001110018475,0.052947052947052944,0.12526595744680852,-0.009474688112176496,0.26498963883425,0.03896103896103896,0.23256451876436499,-0.14999855741478307,0.18011212012472147,0.14648486377712105,0.20466629582385915,0.31062271062271063,no_advantage,0.34285714285714286,no_advantage,True
LTEA_HepaRG_CYP1A2__perm0,167,53,114,5,0.4974346242965905,0.3570340016948644,0.5135716650115856,0.30279887711193965,0.4945382323733863,0.3310824614767252,0.02267816792612453,-0.019033432638199288,-0.14335828720734353,0.10167226232443627,0.6513486513486514,-0.0028963919232042334,-0.14563764964106063,0.13880936050754916,0.5324675324675324,0.2649338877629142,-0.22289658984109773,0.16956762335971443,-0.054529040950350584,0.2205731246042413,0.8956043956043956,no_advantage,0.7681498829039811,no_advantage,True
LTEA_HepaRG_CYP1A2__perm1,167,45,122,5,0.5258652094717668,0.267300819498945,0.6557377049180327,0.3818180952088327,0.5717668488160291,0.35778953123168333,0.025287656034988455,-0.08397085610200361,-0.2274539502164502,0.059508156333426175,0.8911088911088911,0.04590163934426228,-0.09989658792383091,0.18988871787336592,0.2857142857142857,0.20820660945143948,-0.057681991073077477,0.1563196435957374,0.2010888907703378,0.1955349845294482,0.999000999000999,no_advantage,0.6694843617920541,no_advantage,True
cell_type__ME-180__perm0,595,97,498,5,0.5186933300211154,0.16433113035919178,0.45530575911895005,0.1547485931592551,0.444354738541796,0.14391242485852582,0.026596883296245426,-0.010951020577154025,-0.09786364923085301,0.070418228759716,0.6013986013986014,-0.07433859147931937,-0.16770006548781666,0.012148300028239195,0.9600399600399601,0.15369640437289583,-0.12641016764199997,0.1043039890120969,-0.2352795255851926,0.1355892299390543,0.867591424968474,no_advantage,0.999000999000999,no_advantage,True
cell_type__ME-180__perm1,595,97,498,5,0.4614851157206144,0.14967665697571092,0.6376847596571854,0.25615707368921015,0.537096840972136,0.18100983864672526,0.018140129585461417,-0.10058791868504946,-0.1854244712250588,-0.011466424899267054,0.985014985014985,0.07561172525152154,-0.014957283548696694,0.1726007149470323,0.054945054945054944,0.1486220820543826,-0.08922147557866089,0.0873013529040869,0.11579847671187937,0.13700003424787358,0.999000999000999,no_advantage,0.38583638583638585,no_advantage,True
LTEA_HepaRG_CYP7A1__perm0,167,20,147,5,0.5994897959183674,0.15559865605642248,0.4574829931972789,0.12254768464391988,0.6125850340136054,0.20026206973406543,0.012791206146186371,0.1551020408163265,-0.02350217292641674,0.32802978941045635,0.04795204795204795,0.013095238095238049,-0.1481683445190156,0.16995076840967252,0.43356643356643354,0.11481324719777392,-0.08912471125806709,0.09318049349952229,0.24290991769744613,0.10757521900757422,0.31062271062271063,no_advantage,0.7404902789518174,no_advantage,True
LTEA_HepaRG_CYP7A1__perm1,167,24,143,5,0.502913752913753,0.17889592249465183,0.5198135198135199,0.1540389782626288,0.5253496503496503,0.15634125076685446,0.03285987638506681,0.005536130536130446,-0.15992617046818733,0.18094583908442594,0.46353646353646355,0.022435897435897356,-0.16507071167883208,0.21798561151079135,0.43756243756243757,0.13774013900973245,-0.11929916574662802,0.10848096815986324,0.04147331109623683,0.1262094211259937,0.7488226059654631,no_advantage,0.7404902789518174,no_advantage,True
BSK_SAg_SRB__perm0,202,18,184,5,0.5341183574879227,0.10033587470739344,0.4939613526570048,0.09227489226071736,0.24064009661835747,0.058854623577491376,0.06853458303252521,-0.2533212560386473,-0.4369313746096565,-0.0706591945288754,0.998001998001998,-0.2934782608695652,-0.4867386358882102,-0.08967890466729005,0.997002997002997,0.09594717142708346,-0.18207378711072275,0.0889511808115995,-0.9964872628742439,0.07671342810317534,0.999000999000999,no_advantage,0.999000999000999,no_advantage,True
BSK_SAg_SRB__perm1,202,22,180,5,0.2648989898989899,0.09456815858218015,0.3712121212121212,0.08531171731515248,0.4116161616161616,0.0928395225641363,0.01645229959891028,0.04040404040404039,-0.08883006587214065,0.16914111254276604,0.25374625374625376,0.1467171717171717,0.008249148555677077,0.2990129414309749,0.022977022977022976,0.11904499743003823,-0.22664446341799982,0.1099479560572777,-0.24894899746127858,0.09708890098381602,0.6567550096961862,no_advantage,0.3223443223443223,no_advantage,True
TOX21_PR_BLA_Agonist_ratio__perm0,595,24,571,5,0.5612594862813777,0.05495193177734797,0.5179509632224168,0.04254698742725978,0.36938120256859314,0.038293004217897275,0.050557832694149596,-0.1485697606538237,-0.3025842716547466,0.00651309394265002,0.973026973026973,-0.19187828371278454,-0.33798335625479814,-0.04547588099364539,0.9920079920079921,0.04085159237951551,-0.055347708125946804,0.02823200574912997,-0.4182060796342907,0.0384488015987118,0.999000999000999,no_advantage,0.999000999000999,no_advantage,True
TOX21_PR_BLA_Agonist_ratio__perm1,595,16,579,5,0.573564335060449,0.03731780030808997,0.7002374784110535,0.07945971706470675,0.44905008635578586,0.025295395008997232,0.01979974370199388,-0.2511873920552677,-0.39590924288286145,-0.11821899197553391,0.998001998001998,-0.12451424870466316,-0.2934800095619434,0.023749127925061536,0.9460539460539461,0.028609221027240284,-0.09330521094222188,0.023282639839991674,-0.21273828131914418,0.026200020584656526,0.999000999000999,no_advantage,0.999000999000999,no_advantage,True
cell_type__umbilical_vein_endothelium_and_peripheral_blood_mononuclear_cells__perm0,202,48,154,5,0.4609036796536797,0.2343835439571944,0.44101731601731603,0.22550197060865473,0.4771374458874459,0.25454556235240944,0.0026784347772217704,0.03612012987012986,-0.10382333934615241,0.15607693060363276,0.2907092907092907,0.01623376623376621,-0.11964758122013623,0.16307316053511697,0.41858141858141856,0.22026084912336674,-0.21584465471183156,0.15787547672699162,-0.05751722120990834,0.18625979999218578,0.67971053336907,no_advantage,0.7404902789518174,no_advantage,True
cell_type__umbilical_vein_endothelium_and_peripheral_blood_mononuclear_cells__perm1,202,48,154,5,0.460836038961039,0.3010789988453786,0.5493777056277056,0.2942296897372545,0.5641233766233766,0.274284807953346,0.011600767709863945,0.014745670995671034,-0.11035479023426976,0.1425861616389317,0.4155844155844156,0.10328733766233766,-0.03738775069866842,0.252371932229522,0.07892107892107893,0.20543881914203616,-0.1340267283917269,0.13458959116499022,0.15256737007070514,0.18264764504411973,0.7488226059654631,no_advantage,0.38583638583638585,no_advantage,True
ATG_DR4_LXR_CIS__perm0,298,25,273,5,0.4572893772893773,0.07717565383545613,0.4958241758241758,0.09858002283447814,0.5728937728937729,0.10253902505511123,0.0038282623574633534,0.07706959706959704,-0.06468764247025115,0.23552829127072675,0.15284715284715283,0.11560439560439556,-0.028620535471379327,0.2568106954320189,0.07492507492507493,0.08681605413632433,-0.12961360754903217,0.05841946623796468,0.13795195229237373,0.07779113642523813,0.5173288250211326,no_advantage,0.38583638583638585,no_advantage,True
ATG_DR4_LXR_CIS__perm1,298,22,276,5,0.5788043478260869,0.15776919165226336,0.48089591567852435,0.07392442227434513,0.49094202898550726,0.0800409655218843,0.012062563379684433,0.010046113306982907,-0.13472708760085778,0.15216139839738904,0.4255744255744256,-0.08786231884057966,-0.28022249110696773,0.1162966073781291,0.7942057942057942,0.07673373202527257,-0.12224346817725729,0.05147246180479342,-0.02383337912356994,0.06895666927686712,0.7488226059654631,no_advantage,0.9156557727986299,no_advantage,True
TOX21_CAR_Agonist__perm0,595,31,564,5,0.44743765728666207,0.04607801354302411,0.45624571036376116,0.048833727152336415,0.483584991992679,0.07038677400178647,0.01793718281566491,0.027339281628917855,-0.1265509163544473,0.16276287083810026,0.31368631368631367,0.03614733470601694,-0.1054530333712905,0.17721289709154395,0.2947052947052947,0.05081303427311288,-0.028888381293685095,0.03269594664827605,0.02744938964290332,0.04956218576919866,0.67971053336907,no_advantage,0.6694843617920541,no_advantage,True
TOX21_CAR_Agonist__perm1,595,33,562,5,0.43135986196484416,0.055574358434728084,0.4128653078831015,0.07828443048700252,0.5789927747223121,0.07222665953771573,0.026875456092801533,0.16612746683921065,0.03941255104024887,0.2892300326549869,0.007992007992007992,0.14763291275746798,0.015307219294658565,0.2776436135781797,0.011988011988011988,0.0547402393407557,-0.04493762712234606,0.03872771496109727,0.19724234509194422,0.05253878688978587,0.12558869701726844,no_advantage,0.3223443223443223,no_advantage,True
TOX21_TSHR_HTRF_Agonist_ratio__perm0,595,18,577,5,0.6304640862699789,0.07075868916219928,0.4646639707298286,0.027552423707974238,0.626420181012902,0.06277925273179699,0.02284906529459399,0.16175621028307335,0.01856354210243236,0.313659043803906,0.013986013986013986,-0.004043905257076874,-0.1543272267348776,0.14531696412871928,0.5234765234765235,0.029788635677449826,-0.01539781876652957,0.018820825818253038,0.3753894761189642,0.029386121631531995,0.15384615384615385,no_advantage,0.7677655677655679,no_advantage,True
TOX21_TSHR_HTRF_Agonist_ratio__perm1,595,19,576,5,0.5465551900584795,0.04176605635453448,0.35599415204678364,0.023925570544348046,0.5577485380116959,0.03784164747989546,0.03182510390772157,0.20175438596491224,0.04151357797277146,0.3471361612111663,0.003996003996003996,0.01119334795321636,-0.1458366430772193,0.15170041489960803,0.43656343656343655,0.03380303547129849,-0.09348680854591063,0.0271682468765997,0.07756915599713554,0.03101641433709929,0.10989010989010989,no_advantage,0.7404902789518174,no_advantage,True
TOX21_ERR_Agonist__perm0,595,13,582,5,0.4068860692572033,0.021511320463910483,0.5535289452815226,0.03425334376278871,0.6508062384351044,0.033461579549097946,0.052357831798850944,0.0972772931535818,-0.1942302405498281,0.33513935757102997,0.21978021978021978,0.24392016917790116,0.03415612194804294,0.4563866838622782,0.01098901098901099,0.023025140663268853,-0.07738242444009513,0.01902100422004817,0.21009706951579604,0.02137548046313281,,indeterminate,,indeterminate,False
TOX21_ERR_Agonist__perm1,595,10,585,5,0.4376923076923077,0.016123913712597783,0.527008547008547,0.028363220151510805,0.31384615384615383,0.012916591301677337,0.011546864795538205,-0.21316239316239322,-0.4746333037813072,0.05156516183986364,0.942057942057942,-0.12384615384615388,-0.33953197731877255,0.09303580388450332,0.8751248751248751,0.0173446256529233,-0.04964634132926049,0.011492258465212327,-0.9565946080381377,0.016432119374271543,,indeterminate,,indeterminate,False
NVS_GPCR_hOpiate_mu__perm0,39,18,21,5,0.37037037037037035,0.38784141233048236,0.5158730158730159,0.4840017268191198,0.6984126984126984,0.6521830488643559,0.0337640030318812,0.18253968253968245,-0.02676396316102198,0.3984901767030922,0.04595404595404595,0.328042328042328,0.1428183229813665,0.5250243506493505,0.001998001998001998,0.23988606243201177,0.03474417735690505,0.1699668060446906,0.49357950902363623,0.231687960478881,0.31062271062271063,no_advantage,0.1758241758241758,no_advantage,True
NVS_GPCR_hOpiate_mu__perm1,39,21,18,5,0.656084656084656,0.6295961896971214,0.5079365079365079,0.5382000458216816,0.7936507936507936,0.8172195334060042,0.015576297824211346,0.2857142857142857,0.07124007936507945,0.4973930481283422,0.004995004995004995,0.13756613756613756,-0.04622961956521732,0.3138988095238095,0.07192807192807193,0.19296326503666816,0.22355257640007342,0.20110987263739621,0.76483366575896,0.20660323732694016,0.10989010989010989,no_advantage,0.38583638583638585,no_advantage,True
NVS_TR_hNET__perm0,51,30,21,5,0.40714285714285714,0.5841568381865837,0.31746031746031744,0.5001051438920857,0.5317460317460317,0.6403992524007294,0.006523189421131217,0.2142857142857143,-0.04333930704898443,0.4532258064516129,0.05194805194805195,0.1246031746031746,-0.10637187493915376,0.3585894660894661,0.13586413586413587,0.30361906629854224,-0.25351300228969564,0.23323698346716126,0.0642276440582577,0.2729772881667112,0.31062271062271063,no_advantage,0.5434565434565435,no_advantage,True
NVS_TR_hNET__perm1,51,29,22,5,0.49059561128526646,0.5586029485160356,0.6238244514106583,0.6706891868553165,0.5846394984326019,0.6878113193964633,0.016103484856240812,-0.039184952978056464,-0.26780304548186734,0.18615384615384611,0.6153846153846154,0.09404388714733541,-0.14620639534883725,0.3572660098522167,0.23076923076923078,0.2757780243505407,-0.12429254127861511,0.2181505323113764,0.19376324502853537,0.25627660219379694,0.8707482993197279,no_advantage,0.6346153846153846,no_advantage,True
OT_ERa_GFPERaERE_0480__perm0,202,13,189,5,0.5115995115995116,0.07663579644016716,0.4110704110704111,0.05452823818217832,0.42450142450142453,0.0737321712531917,0.01351639030736338,0.013431013431013439,-0.19989726648876133,0.23491410027245382,0.4205794205794206,-0.08709808709808703,-0.28223327498759576,0.11902728482697418,0.7762237762237763,0.06565393972580762,-0.09033103645578122,0.059076614007845564,-0.20818568601713958,0.06063741216765588,,indeterminate,,indeterminate,False
OT_ERa_GFPERaERE_0480__perm1,202,19,183,5,0.5224331320103538,0.10778580787153466,0.4026459591601956,0.07829534151212333,0.5182628702904803,0.11157065989745148,0.012716170677381821,0.11561691113028477,-0.05349048153995629,0.280722445094713,0.08391608391608392,-0.004170261719873447,-0.1473713444732286,0.1451948924731183,0.5114885114885115,0.09699908062070703,-0.13832340685859346,0.07367239137281581,0.04376447623599575,0.08587315689956682,0.4249084249084249,no_advantage,0.7628981188303222,no_advantage,True
BSK_4H_Pselectin__perm0,202,18,184,5,0.46346618357487923,0.08580948702523293,0.4368961352657005,0.08422202311780189,0.4399154589371981,0.08186057881609607,0.047246600464670135,0.003019323671497598,-0.2087861480624639,0.21973821271929828,0.5034965034965035,-0.023550724637681153,-0.2135868456234168,0.16625,0.6093906093906094,0.09236378069867417,-0.13792624022605704,0.08850672995370411,-0.16706648972855964,0.08265302973226579,0.7639257294429709,no_advantage,0.8489010989010989,no_advantage,True
BSK_4H_Pselectin__perm1,202,16,186,5,0.4904233870967742,0.08565806746777582,0.7550403225806451,0.17481961260994577,0.5611559139784946,0.09374226853716083,0.039976674932702835,-0.1938844086021505,-0.3765796973908676,-0.010941988408881076,0.9820179820179821,0.07073252688172044,-0.1546067440623892,0.27925073099415204,0.2627372627372627,0.08344041448314775,-0.14405331739595484,0.08746265207199078,0.10084592638191753,0.07394859751514787,0.999000999000999,no_advantage,0.6694843617920541,no_advantage,True
ATG_Pax6_CIS__perm0,298,18,280,5,0.5197420634920635,0.06886125545724983,0.4446428571428571,0.055725901126603944,0.4017857142857143,0.058292652479852936,0.03917309673840556,-0.042857142857142816,-0.20863419151271262,0.12177896746695706,0.7022977022977023,-0.11795634920634923,-0.2994583214034646,0.051697458751330166,0.9140859140859141,0.06197186664827777,-0.09193445353842478,0.0460900159488105,-0.2523651567973576,0.057493894351300895,0.9363969363969363,no_advantage,0.9930809930809932,no_advantage,True
ATG_Pax6_CIS__perm1,298,14,284,5,0.36431086519114686,0.036791283160760774,0.4607645875251509,0.06901335860847274,0.2932595573440644,0.032892673965888485,0.024759984535262302,-0.16750503018108653,-0.30031174811104394,-0.038567991058450754,0.996003996003996,-0.07105130784708247,-0.23907342657342656,0.08502850732190548,0.8001998001998002,0.04983947677279456,-0.11316521512355293,0.04060850536083007,-0.9117067253844205,0.04427154045727201,,indeterminate,,indeterminate,False
BSK_LPS_CD40__perm0,202,23,179,5,0.646951663832888,0.2174079464535092,0.6728200145737188,0.1738144052939008,0.4000485790624241,0.09822848091863046,0.025320469035162087,-0.2727714355112947,-0.43333738158853535,-0.10063462949453258,0.999000999000999,-0.24690308477046397,-0.37937456470073555,-0.0799110001685205,0.999000999000999,0.11850796417465231,-0.1745443211519342,0.10890479717540429,-0.27491021630978907,0.10100082575284501,0.999000999000999,no_advantage,0.999000999000999,no_advantage,True
BSK_LPS_CD40__perm1,202,23,179,5,0.34236094243381104,0.09187292777810212,0.46077240709254313,0.1154940774253364,0.45129948991984453,0.10517087479236555,0.04293563512376729,-0.009472917172698603,-0.16616715797763892,0.1265898581429623,0.5694305694305695,0.10893854748603349,-0.03882207402725468,0.2505663296014361,0.08491508491508491,0.11792061800834105,-0.16872307437754408,0.09479472002401798,-0.1719987115337859,0.10172097404487135,0.8351648351648353,no_advantage,0.3932909196067091,no_advantage,True
cell_type__MCF7__perm0,652,114,538,5,0.4543386812756799,0.1552400832274851,0.5184732276788626,0.20085670449317355,0.5343377029935433,0.1949780421201705,0.02675125619559391,0.015864475314680715,-0.05854958838577784,0.09375398150876567,0.3166833166833167,0.07999902171786344,-0.0017684261204481632,0.15624761660532335,0.027972027972027972,0.15547985804900227,-0.0776610835463225,0.08589612838613624,0.1291598685020894,0.14523348467609418,0.67971053336907,no_advantage,0.3223443223443223,no_advantage,True
cell_type__MCF7__perm1,652,109,543,5,0.5618210079916198,0.2180816878902564,0.5679456637437275,0.20918160814117887,0.5365367394867117,0.2134434439469074,0.013444547293091804,-0.0314089242570158,-0.11825890827428912,0.055052730858269686,0.7712287712287712,-0.02528426850490817,-0.11268096997419028,0.062057098428264644,0.7392607392607392,0.14786487974772192,-0.06202294152897725,0.0846786100339051,0.1311388339977407,0.1388445342538628,0.9695447409733124,no_advantage,0.9123849123849124,no_advantage,True
ATG_ERE_CIS__perm0,298,59,239,5,0.5381178639812779,0.2620254196197547,0.5293950783632366,0.23928256425460467,0.5691085738600099,0.22771136036781175,0.0135067792689084,0.03971349549677328,-0.07265185791297658,0.1451983779781936,0.22977022977022976,0.03099070987873198,-0.07499748878083094,0.14248629583141606,0.27172827172827174,0.17397949713049188,-0.09567231140885046,0.11584190937473755,0.1859781586360372,0.1580227310132882,0.6446886446886447,no_advantage,0.6694843617920541,no_advantage,True
ATG_ERE_CIS__perm1,298,64,234,5,0.535423344017094,0.23306642750263953,0.492321047008547,0.2156234189789947,0.5116185897435898,0.2180735179462195,0.02416598219411509,0.01929754273504275,-0.0790687499712843,0.11931361320944273,0.3626373626373626,-0.02380475427350426,-0.1318395468555315,0.08710897922998992,0.6523476523476524,0.19163698927330458,-0.13636025610487068,0.13866054453580773,0.0045820953993666305,0.17076026207419986,0.7051671732522797,no_advantage,0.8697968697968698,no_advantage,True
BSK_SAg_CD69__perm0,202,18,184,5,0.4622584541062802,0.0986349612289937,0.5929951690821256,0.13774841927243056,0.606280193236715,0.14966647855744114,0.06829473139183093,0.013285024154589431,-0.20538106422752453,0.2254864049314133,0.45754245754245754,0.1440217391304348,0.007089234295116659,0.2874259118541034,0.02197802197802198,0.08711690091156483,-0.07328442777641642,0.058044138925438984,0.28303804378575176,0.0810810957376127,0.7488226059654631,no_advantage,0.3223443223443223,no_advantage,True
BSK_SAg_CD69__perm1,202,18,184,5,0.4008152173913043,0.0958659427043531,0.47252415458937197,0.08509976740883715,0.5057367149758454,0.10372052312353068,0.014164028910167685,0.03321256038647341,-0.15977493104203647,0.242653929161216,0.35864135864135865,0.10492149758454106,-0.09392969207597686,0.30961715536564544,0.15784215784215785,0.0897766866887217,-0.10605311704305564,0.061806854308988565,0.04557159369106475,0.08179976625892048,0.7051671732522797,no_advantage,0.5626373626373626,no_advantage,True
ATG_Oct_MLP_CIS__perm0,298,25,273,5,0.3962637362637363,0.07496738509223656,0.509010989010989,0.09275475829579538,0.5183882783882784,0.11781080772688293,0.05219792643988386,0.009377289377289433,-0.16151338697534354,0.1947010869565217,0.43156843156843155,0.1221245421245421,-0.030956401137470644,0.2818185134795336,0.061938061938061936,0.08464192422164314,-0.10132475290531806,0.054558708718707015,0.11196539933048949,0.07740709442953396,0.7488226059654631,no_advantage,0.38583638583638585,no_advantage,True
ATG_Oct_MLP_CIS__perm1,298,25,273,5,0.5476190476190477,0.10184672919140854,0.6394139194139195,0.15521082901605676,0.4430769230769231,0.07950452658568731,0.012365891430220035,-0.19633699633699636,-0.3786384407396611,-0.015727870657427256,0.981018981018981,-0.10454212454212458,-0.2855103852686878,0.06787385206050309,0.8891108891108891,0.08562018445715043,-0.11405345941872325,0.07647973330539362,-0.16016421413020773,0.07671345565365809,0.999000999000999,no_advantage,0.990402003060231,no_advantage,True
CEETOX_H295R_CORTISOL__perm0,79,20,59,5,0.376271186440678,0.21725336092562733,0.5516949152542373,0.3828707596330056,0.3923728813559322,0.2247289412014087,0.04548636657145842,-0.15932203389830513,-0.349773588480485,0.032575757575757536,0.9430569430569431,0.016101694915254205,-0.12969017024762222,0.16504515599343184,0.4165834165834166,0.2579676583378935,-0.3643865726159268,0.21699476977299406,-0.34457968826835755,0.19274250821247146,0.999000999000999,no_advantage,0.7404902789518174,no_advantage,True
CEETOX_H295R_CORTISOL__perm1,79,15,64,5,0.496875,0.1907923734114739,0.5697916666666667,0.394403476726809,0.42083333333333334,0.16264250062175964,0.041669560084722786,-0.14895833333333336,-0.379059265010352,0.07606848569651739,0.9010989010989011,-0.07604166666666667,-0.28737711213517664,0.14221256684491973,0.7512487512487512,0.1952581141496093,-0.26938113584136647,0.22430691851169374,-0.16840784510230586,0.1540178313263441,0.999000999000999,no_advantage,0.9123849123849124,no_advantage,True
OT_AR_ARSRC1_0960__perm0,202,19,183,5,0.5116479723899914,0.10060238467847568,0.5898763301696865,0.14691822464088525,0.6612021857923497,0.17738391384842825,0.03048816142429222,0.07132585562266314,-0.1407449011056781,0.26114739542225723,0.23476523476523475,0.1495542134023583,-0.025992534036012302,0.32106218914064655,0.04895104895104895,0.10278867507126477,-0.20626663721825933,0.08099141245071619,0.27366292215124777,0.08463843995617563,0.6446886446886447,no_advantage,0.38583638583638585,no_advantage,True
OT_AR_ARSRC1_0960__perm1,202,20,182,5,0.3732142857142857,0.07682073947776281,0.579945054945055,0.15215431675056626,0.23873626373626375,0.06431457684460534,0.006185217872076294,-0.3412087912087912,-0.5130701297406999,-0.15968448067632857,0.999000999000999,-0.13447802197802197,-0.2600943646996279,0.0008394383394383494,0.974025974025974,0.10701843621186483,-0.19966490966728867,0.12451683210205938,-1.0942123721347414,0.08346750037064528,0.999000999000999,no_advantage,0.999000999000999,no_advantage,True
ATG_DR5_RAR_CIS__perm0,298,13,285,5,0.38866396761133604,0.03753083958127451,0.6337381916329284,0.08376595738119219,0.708502024291498,0.12815909003271403,0.020150134756623393,0.07476383265856956,-0.09694351232270448,0.2400962836179818,0.21578421578421578,0.31983805668016196,0.12763348112011128,0.4830554486321238,0.003996003996003996,0.04701412119515834,-0.1268669415964483,0.03716637465479874,0.38602824423351645,0.04211550282053048,,indeterminate,,indeterminate,False
ATG_DR5_RAR_CIS__perm1,298,14,284,5,0.4113430583501006,0.05804554719270296,0.4522132796780684,0.056072469178291395,0.4200201207243461,0.04276207574581757,0.028577253226545547,-0.03219315895372232,-0.2791810841983853,0.2171233651161125,0.5944055944055944,0.008677062374245481,-0.2630128426078985,0.307148395871894,0.46253746253746253,0.04885683360114162,-0.09121786999893855,0.0439502021138425,-0.2879572192656544,0.04491617005652714,,indeterminate,,indeterminate,False
TOX21_AR_BLA_Antagonist_ratio__perm0,652,74,578,5,0.43762274385111755,0.09700759879151839,0.5018236229308893,0.14344648919174907,0.5407275787898626,0.14154012755903217,0.015354380427032088,0.038903955858973216,-0.06846443724095243,0.14971705010719724,0.24175824175824176,0.103104834938745,-0.005509101346311277,0.19520818841516815,0.03296703296703297,0.10694973402408552,-0.06295613327819272,0.07249022804667023,0.157826977994474,0.10101449051522945,0.6446886446886447,no_advantage,0.3223443223443223,no_advantage,True
TOX21_AR_BLA_Antagonist_ratio__perm1,652,59,593,5,0.5406007945808443,0.10286623549006305,0.47411895847028895,0.08447716529517683,0.4989281733215194,0.0892565786075318,0.037467171294603585,0.024809214851230443,-0.0749154235525824,0.11776005706470483,0.3106893106893107,-0.041672621259324916,-0.14015164706323616,0.05828909252111788,0.8001998001998002,0.08854200050404953,-0.07581554812568858,0.0721432269086746,-0.011749239988703327,0.08259941793459318,0.67971053336907,no_advantage,0.9156557727986299,no_advantage,True
OT_FXR_FXRSRC1_1440__perm0,202,18,184,5,0.6567028985507246,0.14273847746998441,0.663647342995169,0.21344853122648774,0.6186594202898551,0.1549120470956474,0.03416063744859313,-0.04498792270531393,-0.23381723232708843,0.14483163916450958,0.7322677322677322,-0.03804347826086951,-0.1523746206099147,0.06875723870056494,0.7302697302697303,0.09218848803691546,-0.13576662616494506,0.05851766815034075,0.25380971563658794,0.08096513772762903,0.9428252906513775,no_advantage,0.9123849123849124,no_advantage,True
OT_FXR_FXRSRC1_1440__perm1,202,16,186,5,0.4830309139784946,0.10116093595609049,0.5026881720430108,0.13855126239209176,0.45094086021505375,0.08333771756117025,0.02551551815399144,-0.051747311827957,-0.26217332377357255,0.1640992576286694,0.7222777222777222,-0.03209005376344087,-0.18116060929193686,0.11167001228781104,0.6693306693306693,0.085868471410437,-0.17734445814229538,0.06334840230875813,-0.11616962799757088,0.07400437267815457,0.9428252906513775,no_advantage,0.8752424046541694,no_advantage,True
BSK_3C_TissueFactor__perm0,202,14,188,5,0.45117781155015196,0.06484249632116057,0.37044072948328266,0.05755681768648676,0.5254559270516718,0.08004117260432878,0.05941241813767228,0.1550151975683891,-0.05012195523777363,0.3597573341690989,0.06593406593406594,0.0742781155015198,-0.1585531632929231,0.2973876612004833,0.24675324675324675,0.07196031967827185,-0.11560367938913574,0.06035378637874234,0.05839964400226645,0.0647183321437647,,indeterminate,,indeterminate,False
BSK_3C_TissueFactor__perm1,202,13,189,5,0.49837199837199836,0.06800498639328967,0.5978835978835979,0.1129754805147148,0.44403744403744405,0.05959026594592451,0.06532353010372137,-0.15384615384615385,-0.32936797627848374,0.02482142315918902,0.952047952047952,-0.05433455433455431,-0.24565052496693124,0.13634668281727105,0.7072927072927073,0.07325952396972495,-0.2166388343755219,0.07711460436279378,-0.24178147036568348,0.060531136916330434,,indeterminate,,indeterminate,False
BSK_SAg_CD40__perm0,202,28,174,5,0.47526683087027916,0.22809650318662583,0.5160098522167488,0.14816333217062105,0.5305829228243021,0.20738301541101462,0.020756995403103252,0.014573070607553307,-0.15303165584415584,0.16763322739640793,0.46653346653346656,0.05531609195402293,-0.12139392695042218,0.2286251662047996,0.2827172827172827,0.1256127298033013,-0.05203239468265708,0.08457012578811214,0.10238593882966057,0.12029663388634772,0.7488226059654631,no_advantage,0.6694843617920541,no_advantage,True
BSK_SAg_CD40__perm1,202,24,178,5,0.5512640449438202,0.13376402249556435,0.3188202247191011,0.08582620772176222,0.5421348314606742,0.20615832374335985,0.07516511762501772,0.2233146067415731,0.04249543778503099,0.40755128107204386,0.00999000999000999,-0.009129213483145993,-0.18122580369600494,0.16430248618784526,0.5424575424575424,0.10783715420735482,-0.030006376469313256,0.07456550981946253,0.20784690463115071,0.1090160792314701,0.12558869701726844,no_advantage,0.769939737681673,no_advantage,True
