endpoint_id,category,assay_target_family,full_AUROC,strong_cc_AUROC,delta_AUROC,verdict_main,n_compounds,n_active,n_inactive,cv_folds,nested_AUROC,nested_PRAUC,delta_nested,delta_nested_ci_lo,delta_nested_ci_hi,bootstrap_p_nested,logreg_AUROC,delta_z_nested,calibrated_p_nested,fdr_q_nested,verdict_nested,null_sd_nested
ACEA_ER_80hr,cellbased,nuclear receptor,0.7841101694915255,0.7264830508474577,0.0576271186440677,no_advantage,256,20,236,5,0.7934322033898306,0.292326014598992,0.0669491525423728,-0.049491297265314,0.1906476422882673,0.1208791208791208,0.7697033898305085,1.0928500730243376,0.21374197512586451,0.3278584533710295,no_detectable_addition,1.377244964668836
ATG_Ahr_CIS,cellbased,dna binding,0.5944109729521856,0.4508396359441097,0.1435713370080758,no_advantage,298,29,269,5,0.5885142930393539,0.159823968362693,0.1376746570952441,-0.0113501017133688,0.2816494977900876,0.0379620379620379,0.5928727086270991,1.8418958392865643,0.09054979222573206,0.19372870148371243,no_detectable_addition,1.377244964668836
ATG_AP_1_CIS,cellbased,dna binding,0.6026373626373627,0.5071062271062271,0.0955311355311355,no_advantage,298,25,273,5,0.6001465201465201,0.1118677826397459,0.093040293040293,-0.0154605626293417,0.2085796380369239,0.0539460539460539,0.4084981684981685,1.6278830706821688,0.11860580027409906,0.22837925371927584,no_detectable_addition,1.377244964668836
ATG_BRE_CIS,cellbased,dna binding,0.6776978417266187,0.587589928057554,0.0901079136690647,no_advantage,298,20,278,5,0.6649280575539568,0.1602796743803593,0.0773381294964028,-0.0804987026475398,0.2306103129134245,0.1908091908091908,0.5980215827338129,0.9744490969956114,0.2396170168768883,0.35537289784233217,no_detectable_addition,1.377244964668836
ATG_DR4_LXR_CIS,cellbased,nuclear receptor,0.7071549773755657,0.5721153846153846,0.135039592760181,no_advantage,298,26,272,5,0.7092760180995475,0.2863198174187809,0.1371606334841629,-0.0346094565034494,0.3146788780440243,0.0579420579420579,0.7054581447963801,1.5393007853780227,0.13185469266136035,0.24530816238598613,no_detectable_addition,1.377244964668836
ATG_DR5_RAR_CIS,cellbased,nuclear receptor,0.6492063492063492,0.5976190476190476,0.0515873015873016,no_advantage,298,18,280,5,0.6607142857142857,0.1304852574603635,0.0630952380952381,-0.1256964827935223,0.2438608156028368,0.2437562437562437,0.5428571428571428,0.6692569502738501,0.3135052313407063,0.4184941923660728,no_detectable_addition,1.377244964668836
ATG_EGR_CIS,cellbased,dna binding,0.7194868892661762,0.6842105263157895,0.0352763629503867,no_advantage,298,19,279,5,0.7172231654404829,0.128699123767824,0.0330126391246934,-0.0908298106845593,0.1589906545508273,0.3316683316683316,0.7309941520467836,0.5180006703488071,0.35341619272079905,0.4536761055493945,no_detectable_addition,1.377244964668836
ATG_ERE_CIS,cellbased,nuclear receptor,0.5302761071623838,0.4673318753417168,0.062944231820667,no_advantage,298,62,236,5,0.527063969382176,0.2453730116473475,0.0597320940404592,-0.0441320447714713,0.1656892865025934,0.1528471528471528,0.5252870420995079,1.1159280446180786,0.20889505866036018,0.32594832428901027,no_detectable_addition,1.377244964668836
ATG_HIF1a_CIS,cellbased,dna binding,0.6213438735177865,0.5996837944664032,0.0216600790513833,no_advantage,298,23,275,5,0.6186561264822135,0.1068788187608015,0.0189723320158102,-0.1610823724297302,0.1842720685111988,0.4195804195804196,0.4958102766798419,0.21534448866922623,0.4378750712984056,0.5428451226370644,no_detectable_addition,1.377244964668836
ATG_MRE_CIS,cellbased,dna binding,0.7222151006281246,0.6453018843737982,0.0769132162543263,no_advantage,298,29,269,5,0.72426611972824,0.207959237525,0.0789642353544417,-0.023845564586415,0.1853245854052155,0.0719280719280719,0.6318420715292912,1.479819740899222,0.14130419695381757,0.2511171642752933,no_detectable_addition,1.377244964668836
ATG_NRF2_ARE_CIS,cellbased,dna binding,0.6924245300930321,0.6073666223656731,0.085057907727359,no_advantage,298,69,229,5,0.6969812037212835,0.4075488626779091,0.0896145813556104,0.015543428032461,0.1698043659011844,0.0099900099900099,0.6317321688500728,2.2771980484332204,0.049120220990596354,0.16071770614041694,no_detectable_addition,1.377244964668836
ATG_Oct_MLP_CIS,cellbased,dna binding,0.6383084577114427,0.5746268656716418,0.0636815920398009,no_advantage,298,30,268,5,0.6330845771144279,0.1458086805838744,0.0584577114427861,-0.0671683322114638,0.1776266296687808,0.1678321678321678,0.6426616915422886,0.9360896079740376,0.24835268890188977,0.35961469352993636,no_detectable_addition,1.377244964668836
ATG_p53_CIS,cellbased,dna binding,0.843207033703161,0.6160770357965251,0.2271299979066359,no_advantage,298,17,281,5,0.8473937617751727,0.2678656907480851,0.2313167259786476,0.0774251236586183,0.4045046542553191,0.0029970029970029,0.6849487125811179,2.7722459714242187,0.02206297326553799,0.11511012778680016,no_detectable_addition,1.377244964668836
ATG_Pax6_CIS,cellbased,dna binding,0.7506648936170213,0.6139184397163121,0.1367464539007091,no_advantage,298,16,282,5,0.7484485815602837,0.1801488040527219,0.1345301418439716,0.0004243344374922,0.2616023808166136,0.0259740259740259,0.775709219858156,2.019114842036403,0.07131685210481416,0.1818286584350937,no_detectable_addition,1.377244964668836
ATG_PBREM_CIS,cellbased,nuclear receptor,0.5696640316205533,0.4662384716732543,0.103425559947299,no_advantage,298,22,276,5,0.5602766798418972,0.1709105459362143,0.0940382081686429,-0.1004002311975803,0.2811445490626153,0.1548451548451548,0.6035902503293807,0.9661330054593028,0.24149649963871195,0.35537289784233217,no_detectable_addition,1.377244964668836
ATG_PPRE_CIS,cellbased,nuclear receptor,0.4219716877172162,0.5669237941849623,-0.1449521064677461,no_advantage,298,47,251,5,0.4198525048741205,0.1387108818973076,-0.1470712893108418,-0.2645728731068223,-0.0398769897498364,0.995004995004995,0.392981266423667,-2.56572953786492,0.9687648912349612,0.9687648912349612,no_detectable_addition,1.377244964668836
ATG_PXRE_CIS,cellbased,nuclear receptor,0.5438335139039364,0.5619808595160708,-0.0181473456121343,no_advantage,298,142,156,5,0.5506049115204045,0.5320378976659323,-0.0113759479956663,-0.1037376806640035,0.0761164071143909,0.6133866133866134,0.4891206211628747,-0.2479393024955927,0.5714337508276609,0.6230693307217267,no_detectable_addition,1.377244964668836
ATG_RORE_CIS,cellbased,nuclear receptor,0.7734389737785323,0.6951518581399736,0.0782871156385587,no_advantage,298,19,279,5,0.77645727221279,0.2045851827061503,0.0813054140728164,-0.036445043704668,0.2252508634202018,0.0999000999000999,0.7743821920392379,1.217869139327242,0.18827274433913904,0.30494684058324556,no_detectable_addition,1.377244964668836
ATG_SREBP_CIS,cellbased,dna binding,0.7503867973182052,0.6634003782018223,0.0869864191163829,no_advantage,298,21,277,5,0.7478081485301702,0.1460326763389121,0.0844077703283479,-0.0344986651442861,0.2039014472208746,0.0719280719280719,0.688155406566959,1.387886855610447,0.15679278379108014,0.2647191241663805,no_detectable_addition,1.377244964668836
ATG_TCF_b_cat_CIS,cellbased,dna binding,0.7340553549939831,0.653085783049682,0.0809695719443011,no_advantage,298,21,277,5,0.7328519855595668,0.2037637989123454,0.0797662025098847,-0.0297300835801946,0.191134018940876,0.0859140859140859,0.718239642427368,1.4157020860478566,0.15199297177084492,0.2617268544711489,no_detectable_addition,1.377244964668836
ATG_VDRE_CIS,cellbased,nuclear receptor,0.639898851831602,0.5799617277200656,0.0599371241115364,no_advantage,298,62,236,5,0.643726079825041,0.3032641377320468,0.0637643521049754,-0.0166142910587355,0.1510284081834011,0.0539460539460539,0.6143384363039912,1.4909785534837492,0.13949733148176052,0.2511171642752933,no_detectable_addition,1.377244964668836
BSK_3C_Eselectin,cellbased,cell adhesion molecules,0.6972972972972973,0.4883942766295707,0.2089030206677265,no_advantage,202,17,185,5,0.687758346581876,0.1389902594178672,0.1993640699523052,0.0504521656354117,0.3491257974481658,0.0009990009990009,0.5084260731319555,2.616544337231407,0.028727095039252488,0.12999010505261752,no_detectable_addition,1.377244964668836
BSK_3C_HLADR,cellbased,cell adhesion molecules,0.7171621834198522,0.4714487966021708,0.2457133868176813,morphology_advantage,202,39,163,5,0.7113418279062451,0.4618085479748708,0.2398930313040743,0.1269282299490633,0.3643427977985049,0.0009990009990009,0.5513607047349378,3.960849660287302,0.0020142436083175584,0.026041292364677008,adds_beyond_count,1.377244964668836
BSK_3C_IL8,cellbased,cytokine,0.6260249554367201,0.3746880570409982,0.2513368983957219,no_advantage,202,15,187,5,0.6310160427807486,0.1138680755521795,0.2563279857397504,0.0338035757583629,0.4750622338278539,0.0099900099900099,0.4028520499108734,2.2770935597746638,0.04912793608205832,0.16071770614041694,no_detectable_addition,1.377244964668836
BSK_3C_MCP1,cellbased,cytokine,0.6101748807631161,0.4104928457869634,0.1996820349761526,no_advantage,202,17,185,5,0.6066772655007949,0.157333046233785,0.1961844197138315,-0.0095783172819689,0.395247881551073,0.0359640359640359,0.5790143084260732,1.8996517572647573,0.08389914920467223,0.19168588634230196,no_detectable_addition,1.377244964668836
BSK_3C_Proliferation,cellbased,cell cycle,0.6421768707482993,0.4978354978354978,0.1443413729128014,no_advantage,202,55,147,5,0.629560915275201,0.3429076197564801,0.1317254174397031,0.023694655315377,0.2339729127952551,0.0129870129870129,0.5959183673469388,2.455575570779073,0.03729623672425635,0.14363018823596596,no_detectable_addition,1.377244964668836
BSK_3C_SRB,cellbased,cell morphology,0.6512461897077282,0.5183790568405953,0.1328671328671329,no_advantage,202,33,169,5,0.6637977407208177,0.2281840341610454,0.1454186838802224,0.0001486092172586,0.2853160197413749,0.0259740259740259,0.5574681728527883,1.998933782852531,0.07333421030807646,0.1818286584350937,no_detectable_addition,1.377244964668836
BSK_3C_TissueFactor,cellbased,cytokine,0.543284440609721,0.5280414150129422,0.0152430255967788,no_advantage,202,19,183,5,0.5340811044003452,0.0985661265473062,0.0060396893874029,-0.1187832951362363,0.1357733207803433,0.4625374625374625,0.5021570319240725,0.09300543007195707,0.47307986756216397,0.562124556482158,no_detectable_addition,1.377244964668836
BSK_3C_uPAR,cellbased,cytokine,0.6781920903954802,0.5407909604519774,0.1374011299435028,no_advantage,202,25,177,5,0.6847457627118644,0.2281282507561232,0.143954802259887,-0.0220196394942157,0.3060905999514209,0.0429570429570429,0.560225988700565,1.7198258154527661,0.10587943684234746,0.20830628335287923,no_detectable_addition,1.377244964668836
BSK_4H_Eotaxin3,cellbased,cytokine,0.5299388111888111,0.4138986013986014,0.1160402097902097,no_advantage,202,26,176,5,0.5334353146853147,0.1315712630651146,0.1195367132867132,-0.0105731444034339,0.2426492650043356,0.0339660339660339,0.5002185314685315,1.8504496127986931,0.08954084891318131,0.19372870148371243,no_detectable_addition,1.377244964668836
BSK_4H_MCP1,cellbased,cytokine,0.6355404640633843,0.4233163554046406,0.2122241086587436,no_advantage,202,31,171,5,0.6113940765893228,0.1991697239802405,0.1880777211846821,0.049308561495002,0.3273820005898886,0.0049950049950049,0.5342388228636107,2.651282078028522,0.02711079511781511,0.12913299779801407,no_detectable_addition,1.377244964668836
BSK_4H_Pselectin,cellbased,cell adhesion molecules,0.5758241758241758,0.4802197802197802,0.0956043956043955,no_advantage,202,20,182,5,0.5697802197802198,0.1407091319640491,0.0895604395604395,-0.049913101604278,0.2427662155260468,0.1228771228771228,0.6678571428571428,1.1995055823126348,0.191891900665071,0.30736667274670665,no_detectable_addition,1.377244964668836
BSK_4H_SRB,cellbased,cell morphology,0.6111111111111112,0.5131313131313131,0.097979797979798,no_advantage,202,22,180,5,0.6111111111111112,0.1422156600301113,0.097979797979798,-0.0774110031785963,0.2738158853534126,0.1208791208791208,0.6113636363636363,1.0935203598466843,0.2136002819114447,0.3278584533710295,no_detectable_addition,1.377244964668836
BSK_4H_uPAR,cellbased,cytokine,0.6822552447552448,0.4801136363636363,0.2021416083916084,no_advantage,202,26,176,5,0.6687062937062938,0.2180398458410634,0.1885926573426574,0.0242972768169741,0.3698671364280573,0.0139860139860139,0.652972027972028,2.1392769581927342,0.06017553601481089,0.17855363965050444,no_detectable_addition,1.377244964668836
BSK_4H_VCAM1,cellbased,cell adhesion molecules,0.588778236580034,0.5416565460286616,0.0471216905513723,no_advantage,202,23,179,5,0.5846490162739859,0.1411333457592704,0.0429924702453242,-0.0884321107602622,0.1818801832530764,0.2447552447552447,0.5450570803983483,0.6234543956609581,0.3253887692779852,0.4267780234732994,no_detectable_addition,1.377244964668836
BSK_CASM3C_LDLR,cellbased,misc protein,0.6930481283422459,0.6556149732620321,0.0374331550802138,no_advantage,202,15,187,5,0.6709447415329768,0.1394333446415669,0.0153297682709446,-0.1592402583982564,0.1836911998676703,0.4275724275724276,0.7415329768270945,0.175229149820922,0.44937852778130927,0.5458893525397113,no_detectable_addition,1.377244964668836
BSK_CASM3C_Proliferation,cellbased,cell cycle,0.6227240896358543,0.3322829131652661,0.2904411764705882,morphology_advantage,202,34,168,5,0.6169467787114846,0.2221361722767357,0.2846638655462185,0.1569056994948336,0.4099382967131385,0.0009990009990009,0.5954131652661064,4.409952983963339,0.0006823598664331322,0.013945791039916904,adds_beyond_count,1.377244964668836
BSK_CASM3C_Thrombomodulin,cellbased,gpcr,0.6712121212121213,0.5686868686868687,0.1025252525252525,no_advantage,202,22,180,5,0.6651515151515152,0.2297502046025998,0.0964646464646464,-0.096441947565543,0.2715222274413451,0.1698301698301698,0.6262626262626263,1.0276393583146786,0.22778664370452484,0.3435781875876583,no_detectable_addition,1.377244964668836
BSK_LPS_CD40,cellbased,cytokine,0.6724213286713286,0.534527972027972,0.1378933566433566,no_advantage,202,26,176,5,0.666958041958042,0.2521347507171936,0.13243006993007,-0.032824499938264,0.2909365430264373,0.0599400599400599,0.5515734265734266,1.6033934608291867,0.12217076835942353,0.23276746392690167,no_detectable_addition,1.377244964668836
BSK_LPS_MCP1,cellbased,cytokine,0.4918478260869565,0.5504227053140096,-0.058574879227053,no_advantage,202,18,184,5,0.4867149758454106,0.0942499192352159,-0.0637077294685989,-0.2489217032967033,0.1205959118963726,0.7552447552447552,0.5543478260869565,-0.6758262726660546,0.6881838017438122,0.7235597650692931,no_detectable_addition,1.377244964668836
BSK_LPS_MCSF,cellbased,cytokine,0.6504736458586349,0.516881224192373,0.1335924216662618,no_advantage,202,23,179,5,0.6373572990041292,0.1582715049759335,0.1204760748117561,-0.0599272762734245,0.2819805102184726,0.0849150849150849,0.5853777022103474,1.3812424216196948,0.1579539525412657,0.2647191241663805,no_detectable_addition,1.377244964668836
BSK_LPS_PGE2,cellbased,gpcr,0.7155864197530865,0.5280864197530865,0.1875,no_advantage,202,40,162,5,0.7179012345679012,0.4363917948382926,0.1898148148148147,0.0668229414650334,0.3046090440714958,0.0019980019980019,0.5936728395061729,3.1291164590843725,0.011542906537447451,0.08035638781838418,no_detectable_addition,1.377244964668836
BSK_LPS_SRB,cellbased,cell morphology,0.7300505050505051,0.5169191919191919,0.2131313131313131,no_advantage,202,22,180,5,0.7358585858585859,0.2481822508543386,0.218939393939394,0.081596364531437,0.3713248021272179,0.0019980019980019,0.5891414141414142,2.962176125090727,0.01574606177892792,0.09827714420641219,no_detectable_addition,1.377244964668836
BSK_LPS_TNFa,cellbased,cytokine,0.5006072382803012,0.5596307991255769,-0.0590235608452757,no_advantage,202,23,179,5,0.4945348554772893,0.1181345873581265,-0.0650959436482875,-0.2403945335858082,0.129913237115083,0.7492507492507493,0.4525139664804469,-0.6890792804870789,0.6915792229667829,0.7235597650692931,no_detectable_addition,1.377244964668836
BSK_LPS_VCAM1,cellbased,cell adhesion molecules,0.7259318317719753,0.5838150289017341,0.1421168028702412,no_advantage,202,29,173,5,0.7207494518636636,0.3108816092855074,0.1369344229619294,-0.0098905181608669,0.2753954506958414,0.0349650349650349,0.6577636037472593,1.881526388708998,0.08594558138115871,0.19205123740728056,no_detectable_addition,1.377244964668836
BSK_SAg_CD38,cellbased,cytokine,0.6079119850187266,0.6144662921348315,-0.0065543071161049,no_advantage,202,24,178,5,0.6116573033707865,0.1850919142144026,-0.002808988764045,-0.1715181759530335,0.1586669084801597,0.5434565434565435,0.5716292134831461,-0.033348065151905026,0.5096588868351595,0.5801777265230432,no_detectable_addition,1.377244964668836
BSK_SAg_CD40,cellbased,cytokine,0.576639425951764,0.5066772971895556,0.0699621287622084,no_advantage,202,29,173,5,0.5882001195933825,0.1819483626547084,0.0815228224038269,-0.0512539419681804,0.2116080972434562,0.1158841158841158,0.5491329479768786,1.2157084192841554,0.18869638754322376,0.30494684058324556,no_detectable_addition,1.377244964668836
BSK_SAg_CD69,cellbased,cytokine,0.5715326694194802,0.4517852805440855,0.1197473888753947,no_advantage,202,23,179,5,0.5729900412922031,0.1730499222216903,0.1212047607481175,-0.0332487616286093,0.2766551297485285,0.0659340659340659,0.6222977896526597,1.5331009019556208,0.13281878405429082,0.24530816238598613,no_detectable_addition,1.377244964668836
BSK_SAg_Eselectin,cellbased,cell adhesion molecules,0.7412790697674418,0.5001937984496124,0.2410852713178294,morphology_advantage,202,30,172,5,0.7424418604651163,0.3492731858159524,0.2422480620155038,0.1365041668404942,0.3538635766806723,0.0009990009990009,0.7213178294573643,4.3687777857813295,0.0007566684121972604,0.013945791039916904,adds_beyond_count,1.377244964668836
BSK_SAg_IL8,cellbased,cytokine,0.6248355695869509,0.4738226782425677,0.1510128913443831,no_advantage,202,21,181,5,0.6169429097605893,0.1523722765739836,0.1431202315180215,-0.0008755831097288,0.2955977794186635,0.0299700299700299,0.6400947119179163,1.8923150400746303,0.08472304368720529,0.19168588634230196,no_detectable_addition,1.377244964668836
BSK_SAg_MCP1,cellbased,cytokine,0.6883942766295708,0.5332273449920508,0.1551669316375199,no_advantage,202,17,185,5,0.6874403815580287,0.1666315436136955,0.1542130365659778,-0.0463464399689494,0.3437281399046105,0.0659340659340659,0.6263910969793323,1.5497139039307464,0.13024632206810088,0.24530816238598613,no_detectable_addition,1.377244964668836
BSK_SAg_Proliferation,cellbased,cell cycle,0.7865704500978473,0.5825587084148728,0.2040117416829745,morphology_advantage,202,56,146,5,0.788160469667319,0.5980225668477244,0.2056017612524462,0.1165576494498517,0.3014930134459726,0.0009990009990009,0.7573385518590998,4.357977205482905,0.0007773580307187971,0.013945791039916904,adds_beyond_count,1.377244964668836
BSK_SAg_SRB,cellbased,cell morphology,0.5809925093632958,0.526685393258427,0.0543071161048688,no_advantage,202,24,178,5,0.5833333333333334,0.16441434311117,0.0566479400749063,-0.1075789762563018,0.2305921927569351,0.2257742257742257,0.598314606741573,0.656637427400724,0.31676079753675124,0.4184941923660728,no_detectable_addition,1.377244964668836
OT_AR_ARSRC1_0960,cellbased,nuclear receptor,0.621978021978022,0.6010989010989011,0.0208791208791209,no_advantage,202,20,182,5,0.6266483516483516,0.1318269499647223,0.0255494505494505,-0.1443646868931237,0.19454135971013,0.3836163836163836,0.625,0.2955155495075929,0.4150512652512401,0.5216963820171837,no_detectable_addition,1.377244964668836
OT_ER_ERaERb_0480,cellbased,nuclear receptor,0.4901960784313725,0.4762923351158645,0.0139037433155079,no_advantage,202,15,187,5,0.463458110516934,0.0708048973213252,-0.0128342245989305,-0.1707989125519986,0.1625427292259754,0.5464535464535465,0.6114081996434938,-0.150923947261127,0.5436303311104648,0.6073894440184822,no_detectable_addition,1.377244964668836
OT_ER_ERaERb_1440,cellbased,nuclear receptor,0.6177321757432255,0.4419889502762431,0.1757432254669824,no_advantage,202,21,181,5,0.611681136543015,0.1909882693144045,0.1696921862667719,-0.0007461194118383,0.349281968031968,0.0269730269730269,0.6558800315706393,1.9003650740888711,0.08381936761481129,0.19168588634230196,no_detectable_addition,1.377244964668836
OT_ER_ERbERb_0480,cellbased,nuclear receptor,0.5148116192119644,0.5591026747195859,-0.0442910555076214,no_advantage,202,19,183,5,0.5035950532067874,0.1070533503428824,-0.0555076215127984,-0.2409437874354453,0.1572959799861971,0.7132867132867133,0.5769341386252517,-0.5463690409176251,0.6542099240772496,0.7046719344729,no_detectable_addition,1.377244964668836
OT_ER_ERbERb_1440,cellbased,nuclear receptor,0.4925916929803254,0.5185814913772164,-0.0259897983968909,no_advantage,202,23,179,5,0.4945348554772893,0.1367287337675953,-0.0240466358999271,-0.2044912189837772,0.1816402168975698,0.5534465534465535,0.5712897741073597,-0.2441165691541742,0.5703439597197124,0.6230693307217267,no_detectable_addition,1.377244964668836
OT_ERa_GFPERaERE_0120,cellbased,nuclear receptor,0.6100086281276963,0.4472246189243601,0.1627840092033362,no_advantage,202,19,183,5,0.5999424791486914,0.1630285057034158,0.1527178602243312,0.0197790055248618,0.3094807639766401,0.0119880119880119,0.641357492090883,2.0664114004440464,0.06675606245414435,0.18094548912585504,no_detectable_addition,1.377244964668836
OT_ERa_GFPERaERE_0480,cellbased,nuclear receptor,0.747979797979798,0.5441919191919192,0.2037878787878787,no_advantage,202,22,180,5,0.7578282828282829,0.3033572019706864,0.2136363636363636,0.0694477447144369,0.3648569480168885,0.0019980019980019,0.6391414141414141,2.8348445284521495,0.019778540084569873,0.10848229561536808,no_detectable_addition,1.377244964668836
OT_FXR_FXRSRC1_0480,cellbased,nuclear receptor,0.3890449438202247,0.3417602996254681,0.0472846441947565,no_advantage,202,24,178,5,0.3930243445692883,0.0975399927770034,0.0512640449438202,-0.0833399470899471,0.1968779219261336,0.2267732267732267,0.4826779026217228,0.7171254491161924,0.3012894058735952,0.4184941923660728,no_detectable_addition,1.377244964668836
OT_FXR_FXRSRC1_1440,cellbased,nuclear receptor,0.67758346581876,0.4553259141494435,0.2222575516693163,no_advantage,202,17,185,5,0.6753577106518283,0.2051255657538209,0.2200317965023847,0.0531641034300609,0.3887872302088204,0.0079920079920079,0.5723370429252782,2.5698729651862156,0.031024042274394717,0.13369884884917724,no_detectable_addition,1.377244964668836
TOX21_AhR_LUC_Agonist,cellbased,dna binding,0.6262200956937799,0.4634768740031897,0.1627432216905901,no_advantage,652,25,627,5,0.64,0.0642934666320396,0.1765231259968102,-0.0019873914604501,0.3332580782835375,0.0289710289710289,0.6487400318979266,2.064033690808238,0.06697982194161485,0.18094548912585504,no_detectable_addition,1.377244964668836
CEETOX_H295R_11DCORT,cellbased,steroid hormone,0.3496296296296296,0.4777777777777778,-0.1281481481481481,no_advantage,79,25,54,5,0.3488888888888889,0.2461719909546238,-0.1288888888888889,-0.2813598490243555,0.0231883748402626,0.938061938061938,0.4822222222222222,-1.6589660515276505,0.8858122549761953,0.8907334341705075,no_detectable_addition,1.377244964668836
CEETOX_H295R_OHPREG,cellbased,steroid hormone,0.5703703703703704,0.5614814814814815,0.0088888888888889,no_advantage,79,25,54,5,0.5637037037037037,0.4130250697632109,0.0022222222222222,-0.2038953081232492,0.2095200175336058,0.5024975024975025,0.5088888888888888,0.021070701956369488,0.4938967531622182,0.5767439504668483,no_detectable_addition,1.377244964668836
CEETOX_H295R_OHPROG,cellbased,steroid hormone,0.5477207977207977,0.6032763532763533,-0.0555555555555555,no_advantage,79,27,52,5,0.5149572649572649,0.3596125087245404,-0.0883190883190884,-0.2227065826330532,0.0463042806055227,0.904095904095904,0.6260683760683761,-1.2869534823559576,0.8249616443485814,0.8436048453508093,no_detectable_addition,1.377244964668836
CEETOX_H295R_ANDR,cellbased,steroid hormone,0.4926108374384236,0.409688013136289,0.0829228243021346,no_advantage,79,21,58,5,0.4663382594417077,0.292363765180458,0.0566502463054187,-0.1150837368845843,0.2225041615464393,0.2557442557442557,0.5623973727422004,0.6577987177016059,0.31646061086083876,0.4184941923660728,no_detectable_addition,1.377244964668836
CEETOX_H295R_CORTIC,cellbased,steroid hormone,0.4271402550091074,0.4143897996357013,0.0127504553734061,no_advantage,79,18,61,5,0.418943533697632,0.2020936976265929,0.0045537340619307,-0.1713386234259099,0.2087870065789473,0.4875124875124875,0.4344262295081967,0.04695897420462755,0.48640017463254603,0.5716781273278625,no_detectable_addition,1.377244964668836
CEETOX_H295R_CORTISOL,cellbased,steroid hormone,0.5327868852459017,0.4435336976320583,0.0892531876138433,no_advantage,79,18,61,5,0.517304189435337,0.2908867320110289,0.0737704918032786,-0.1347558590499018,0.2906263241525424,0.2327672327672327,0.5828779599271403,0.6798004895654517,0.31079630578452533,0.4184941923660728,no_detectable_addition,1.377244964668836
CEETOX_H295R_DOC,cellbased,steroid hormone,0.5960591133004927,0.5279146141215106,0.068144499178982,no_advantage,79,21,58,5,0.5927750410509032,0.347632235374206,0.0648604269293925,-0.0792683413078149,0.2149561403508771,0.1928071928071928,0.5336617405582923,0.8641300077381535,0.26518746689078654,0.3779443425766328,no_detectable_addition,1.377244964668836
CEETOX_H295R_ESTRONE,cellbased,steroid hormone,0.6072916666666667,0.7270833333333333,-0.1197916666666666,no_advantage,79,15,64,5,0.6104166666666667,0.3392026115854705,-0.1166666666666665,-0.3184771825396825,0.0728807814992024,0.8911088911088911,0.3645833333333333,-1.1685591590207,0.8019135053411255,0.8284832929285083,no_detectable_addition,1.377244964668836
CEETOX_H295R_PROG,cellbased,steroid hormone,0.5833333333333334,0.5434472934472935,0.0398860398860398,no_advantage,79,27,52,5,0.5690883190883191,0.4591794683897183,0.0256410256410256,-0.1364480283638879,0.1762158855637116,0.3756243756243756,0.5270655270655271,0.32146650087111917,0.4077204662708573,0.516065765000176,no_detectable_addition,1.377244964668836
CEETOX_H295R_TESTO,cellbased,steroid hormone,0.5464895635673624,0.5986717267552182,-0.0521821631878557,no_advantage,79,17,62,5,0.5958254269449715,0.3169707788820521,-0.0028462998102466,-0.1895901268115941,0.1826092750533048,0.5354645354645354,0.4990512333965844,-0.029976647642841227,0.508682557058676,0.5801777265230432,no_detectable_addition,1.377244964668836
LTEA_HepaRG_ABCB1,cellbased,transporter,0.6992409867172675,0.4587286527514231,0.2405123339658443,no_advantage,167,31,136,5,0.6997153700189753,0.342155001195447,0.2409867172675521,0.0975608272506082,0.3697521153701191,0.0009990009990009,0.7345825426944972,3.4705393665295925,0.005869169462652148,0.0481670276169685,adds_beyond_count,1.377244964668836
LTEA_HepaRG_ABCB11,cellbased,transporter,0.5730593607305936,0.4628180039138943,0.1102413568166992,no_advantage,167,21,146,5,0.581539465101109,0.1780137719155611,0.1187214611872146,-0.0625026569175505,0.2983830110991763,0.0899100899100899,0.4853228962818003,1.2895485222957253,0.1745530090822332,0.28985407930169,no_detectable_addition,1.377244964668836
LTEA_HepaRG_ABCC2,cellbased,transporter,0.5550496688741722,0.2884933774834437,0.2665562913907284,no_advantage,167,16,151,5,0.5488410596026491,0.1176425259642392,0.2603476821192053,0.0777922822210902,0.4329351135190917,0.0099900099900099,0.4879966887417218,2.87361613113297,0.01846685787884598,0.10445316487722257,no_detectable_addition,1.377244964668836
LTEA_HepaRG_ABCG2,cellbased,transporter,0.6270422535211267,0.4535211267605634,0.1735211267605633,no_advantage,167,25,142,5,0.6239436619718309,0.2798097784672025,0.1704225352112675,0.0132173382173382,0.3305637155288857,0.0139860139860139,0.5543661971830985,2.10509435546446,0.06319643506571163,0.1787274179202157,no_detectable_addition,1.377244964668836
LTEA_HepaRG_AFP,cellbased,background measurement,0.692020879940343,0.4354958985831469,0.2565249813571961,no_advantage,167,18,149,5,0.6976137211036539,0.416524832497943,0.262117822520507,0.0953549037169726,0.4179150511466755,0.0059940059940059,0.6808351976137211,3.185399684321171,0.010364671762364185,0.07504022355951669,no_detectable_addition,1.377244964668836
LTEA_HepaRG_ALPP,cellbased,phosphatase,0.7601981351981352,0.5614801864801865,0.1987179487179486,no_advantage,167,24,143,5,0.7447552447552448,0.3558156663388453,0.1832750582750583,0.0221156467220934,0.3458333333333332,0.0149850149850149,0.7293123543123543,2.2192949670272615,0.05354609138713734,0.16167546906755415,no_detectable_addition,1.377244964668836
LTEA_HepaRG_CYP1A1,cellbased,cyp,0.5666092449038186,0.5987654320987654,-0.0321561871949468,no_advantage,167,81,86,5,0.567757680160781,0.5230586830011643,-0.0310077519379844,-0.1327601913679464,0.0749172695090042,0.7042957042957043,0.5671834625322998,-0.5852736956889939,0.6645669969506703,0.7075683908710078,no_detectable_addition,1.377244964668836
LTEA_HepaRG_CYP1A2,cellbased,cyp,0.5475279106858054,0.4799043062200956,0.0676236044657097,no_advantage,167,57,110,5,0.5395534290271132,0.3492226169639585,0.0596491228070175,-0.0644495060230948,0.1835517358747447,0.1878121878121878,0.5105263157894737,0.9428189346043089,0.24680802995507006,0.35961469352993636,no_detectable_addition,1.377244964668836
LTEA_HepaRG_CYP2B6,cellbased,cyp,0.625,0.4634405339805825,0.1615594660194174,no_advantage,167,64,103,5,0.6213592233009708,0.4599875629960311,0.1579186893203882,0.0231687330448625,0.2792862552369776,0.0119880119880119,0.5253337378640777,2.4169759518677254,0.039635178529826426,0.14945765237288716,no_detectable_addition,1.377244964668836
LTEA_HepaRG_CYP2C19,cellbased,cyp,0.5508658008658008,0.5190476190476191,0.0318181818181817,no_advantage,167,35,132,5,0.5586580086580086,0.2263298523301178,0.0396103896103895,-0.0919402781702935,0.1746786360405763,0.2667332667332667,0.4564935064935065,0.5823663177994619,0.33620280685742276,0.4377892664834066,no_detectable_addition,1.377244964668836
LTEA_HepaRG_CYP2C8,cellbased,cyp,0.56005291005291,0.3624338624338624,0.1976190476190475,no_advantage,167,27,140,5,0.5611111111111111,0.2542231932834026,0.1986772486772486,-0.008340344551282,0.3883146158182767,0.0329670329670329,0.5314814814814814,1.9634205742121833,0.07698980508612331,0.1858020629411776,no_detectable_addition,1.377244964668836
LTEA_HepaRG_CYP2E1,cellbased,cyp,0.5502625656414104,0.4437359339834958,0.1065266316579145,no_advantage,167,43,124,5,0.5480120030007501,0.419548484201125,0.1042760690172542,-0.0360636010445448,0.2479509001427988,0.0859140859140859,0.5120030007501876,1.43920356517656,0.14801440818686423,0.26010298914390706,no_detectable_addition,1.377244964668836
LTEA_HepaRG_CYP3A4,cellbased,cyp,0.385891198584697,0.4504643962848297,-0.0645731977001326,no_advantage,167,34,133,5,0.3695267580716497,0.1658688300585635,-0.08093763821318,-0.2119409759873975,0.0553711214909583,0.8841158841158842,0.4296771340114993,-1.1868887239994943,0.8055970141183285,0.8284832929285083,no_detectable_addition,1.377244964668836
LTEA_HepaRG_CYP3A7,cellbased,cyp,0.5364882795223352,0.4420610349402919,0.0944272445820433,no_advantage,167,34,133,5,0.5336134453781513,0.2064101791072683,0.0915524104378593,-0.0493837630031659,0.2314836800844263,0.1078921078921078,0.5362671384343211,1.277751715178095,0.1767662407774443,0.2908608143701583,no_detectable_addition,1.377244964668836
LTEA_HepaRG_CYP4A11,cellbased,cyp,0.50625,0.4520833333333333,0.0541666666666666,no_advantage,167,32,135,5,0.4831018518518518,0.1822931246774915,0.0310185185185185,-0.1053081866804692,0.1680688198036259,0.3586413586413586,0.4303240740740741,0.4447717122337179,0.3733691799552065,0.4759142364217773,no_detectable_addition,1.377244964668836
LTEA_HepaRG_CYP4A22,cellbased,cyp,0.5238425925925926,0.4958333333333333,0.0280092592592592,no_advantage,167,32,135,5,0.5150462962962963,0.214205101549359,0.0192129629629629,-0.142942654508612,0.1746068768008996,0.4365634365634365,0.5229166666666667,0.23717065860844927,0.4316375587043668,0.5388027456930372,no_detectable_addition,1.377244964668836
LTEA_HepaRG_CYP7A1,cellbased,cyp,0.5496598639455782,0.5098639455782313,0.0397959183673468,no_advantage,167,20,147,5,0.5217687074829932,0.1315052833411229,0.0119047619047618,-0.2013220796898202,0.2086483071604193,0.4515484515484515,0.4649659863945578,0.11382726904335154,0.4670655067321273,0.5598599782683116,no_detectable_addition,1.377244964668836
LTEA_HepaRG_FABP1,cellbased,transporter,0.5523731587561375,0.4716312056737589,0.0807419530823785,no_advantage,167,26,141,5,0.5398254228041462,0.1836030457650436,0.0681942171303873,-0.126971446652202,0.2647416744475567,0.2547452547452547,0.5924713584288053,0.6824290705835371,0.3101225373661577,0.4184941923660728,no_detectable_addition,1.377244964668836
LTEA_HepaRG_FASN,cellbased,lyase,0.5961968680089486,0.6211782252050708,-0.0249813571961222,no_advantage,167,18,149,5,0.5883668903803132,0.1355153745737344,-0.0328113348247576,-0.2141038917174462,0.1490508657037767,0.6323676323676324,0.5096942580164057,-0.3541687599255609,0.6014713730811674,0.6518941229203071,no_detectable_addition,1.377244964668836
LTEA_HepaRG_GADD45G,cellbased,mutagenicity response,0.6513157894736842,0.3907894736842105,0.2605263157894736,no_advantage,167,15,152,5,0.6552631578947369,0.1803727707298926,0.2644736842105263,-0.0140668635875402,0.4824972035794184,0.0299700299700299,0.6013157894736842,2.0877825613012524,0.06477076675610023,0.1803616735823714,no_detectable_addition,1.377244964668836
LTEA_HepaRG_GSTA2,cellbased,transferase,0.5629139072847682,0.6916390728476821,-0.1287251655629139,no_advantage,167,16,151,5,0.5562913907284768,0.1272660061998167,-0.1353476821192053,-0.3426770765677997,0.0584538737124944,0.912087912087912,0.4362582781456953,-1.3226433126225814,0.8315615694180818,0.8455766520487236,no_detectable_addition,1.377244964668836
LTEA_HepaRG_HMGCS2,cellbased,lyase,0.5667711598746081,0.3996865203761755,0.1670846394984326,no_advantage,167,22,145,5,0.5536050156739812,0.1770361076075118,0.1539184952978057,-0.007625251704199,0.3050933005373795,0.0329670329670329,0.6363636363636364,1.9293688049874411,0.08062347323542984,0.18951751500795846,no_detectable_addition,1.377244964668836
LTEA_HepaRG_IGF1,cellbased,growth factor,0.4525058275058275,0.3802447552447552,0.0722610722610722,no_advantage,167,24,143,5,0.4973776223776224,0.15813226668802,0.1171328671328671,-0.0196281610470275,0.2416892872924689,0.0549450549450549,0.4341491841491841,1.7570675380156293,0.10101588500903969,0.20543679984984475,no_detectable_addition,1.377244964668836
LTEA_HepaRG_KRT19,cellbased,filaments,0.5689783743475019,0.5510812826249067,0.0178970917225951,no_advantage,167,18,149,5,0.5589112602535421,0.1763220171057185,0.0078299776286353,-0.1724423274094327,0.1853335965258586,0.5094905094905094,0.6491424310216256,0.08578818889840212,0.4751660615567413,0.562124556482158,no_detectable_addition,1.377244964668836
LTEA_HepaRG_LPL,cellbased,esterase,0.6670588235294118,0.4231372549019608,0.243921568627451,no_advantage,167,17,150,5,0.6745098039215687,0.1828642547891892,0.2513725490196078,0.0160708367854184,0.4560370970191267,0.0169830169830169,0.6564705882352941,2.23963149540129,0.051956975764154235,0.16167546906755415,no_detectable_addition,1.377244964668836
LTEA_HepaRG_PDK4,cellbased,kinase,0.5151515151515151,0.5055361305361306,0.0096153846153845,no_advantage,167,24,143,5,0.5032051282051282,0.1995296698127386,-0.0023310023310023,-0.1583397887323943,0.1563053957090081,0.5124875124875125,0.4886363636363636,-0.029040207056030352,0.5084113634756895,0.5801777265230432,no_detectable_addition,1.377244964668836
LTEA_HepaRG_PEG10,cellbased,dna binding,0.5335978835978836,0.4735449735449735,0.06005291005291,no_advantage,167,27,140,5,0.5592592592592592,0.1903881912708407,0.0857142857142856,-0.0851806561996779,0.2449607396149949,0.1558441558441558,0.58994708994709,1.0177270491702912,0.22996606005389725,0.3439988171054166,no_detectable_addition,1.377244964668836
LTEA_HepaRG_SLC22A1,cellbased,transporter,0.7069351230425056,0.5055928411633109,0.2013422818791946,no_advantage,167,18,149,5,0.7173750932140194,0.2426622516053883,0.2117822520507084,0.0607603471707438,0.3759726598972921,0.0059940059940059,0.715137956748695,2.6336889334548808,0.027919636052520024,0.12957574680784933,no_detectable_addition,1.377244964668836
LTEA_HepaRG_THRSP,cellbased,growth factor,0.6975524475524476,0.5457459207459208,0.1518065268065268,no_advantage,167,24,143,5,0.6847319347319347,0.2910933033399069,0.1389860139860139,-0.042586874176548,0.3258966910505208,0.0619380619380619,0.6168414918414918,1.4785331538366948,0.14151354008883932,0.2511171642752933,no_detectable_addition,1.377244964668836
LTEA_HepaRG_UGT1A1,cellbased,transferase,0.3792380952380952,0.3744761904761904,0.0047619047619048,no_advantage,167,42,125,5,0.3605714285714286,0.2289594471480847,-0.0139047619047618,-0.1430502453673185,0.1207744121410271,0.5954045954045954,0.4961904761904762,-0.20659807175940306,0.5596209367371087,0.6214195677878322,no_detectable_addition,1.377244964668836
TOX21_ARE_BLA_Agonist_ratio,cellbased,dna binding,0.6753925474572299,0.5608858682915397,0.1145066791656901,no_advantage,587,85,502,5,0.6822123271619405,0.286093865066312,0.1213264588704007,0.0583722705386912,0.1902062581798916,0.0009990009990009,0.5505741738926646,3.607499035539313,0.00440475874848877,0.04429229630424819,adds_beyond_count,1.377244964668836
TOX21_p53_BLA_p1_ratio,cellbased,dna binding,0.7289386947923533,0.6223247637881785,0.1066139310041748,no_advantage,652,37,615,5,0.7251153592617007,0.2712316560665077,0.1027905954735222,-0.0016241741261722,0.1969205659036011,0.0289710289710289,0.7281916062403867,2.0294253742149517,0.07030275991747896,0.1818286584350937,no_detectable_addition,1.377244964668836
TOX21_FXR_BLA_Antagonist_ratio,cellbased,nuclear receptor,0.691442250149611,0.5248952722920407,0.1665469778575703,no_advantage,587,30,557,5,0.68426092160383,0.1018500632776735,0.1593656493117893,0.0199656494574394,0.2952800270670031,0.0149850149850149,0.6999401555954519,2.2690492098505026,0.049724815159466015,0.16071770614041694,no_detectable_addition,1.377244964668836
TOX21_PPARg_BLA_Antagonist_ratio,cellbased,nuclear receptor,0.6365427927927928,0.5261261261261261,0.1104166666666667,no_advantage,587,32,555,5,0.6310810810810811,0.1042757844717522,0.104954954954955,-0.0231554710479603,0.2253659529367518,0.0629370629370629,0.535304054054054,1.6554543269153938,0.11468093706537491,0.22319623235304148,no_detectable_addition,1.377244964668836
TOX21_p53_BLA_p2_ratio,cellbased,dna binding,0.6980833479866362,0.5841744329171795,0.1139089150694566,no_advantage,652,47,605,5,0.7076841920168806,0.1605573589733081,0.123509759099701,0.0239218480785684,0.2309340254357078,0.0119880119880119,0.7184807455600493,2.33874822799875,0.044741118564123425,0.15947897757583276,no_detectable_addition,1.377244964668836
TOX21_p53_BLA_p3_ratio,cellbased,dna binding,0.6951612903225807,0.5837197580645161,0.1114415322580645,no_advantage,652,32,620,5,0.6739919354838709,0.1415866110248552,0.0902721774193547,-0.0318571734092498,0.2168153415222048,0.0729270729270729,0.7189012096774193,1.422997776753238,0.1507503529579487,0.2617268544711489,no_detectable_addition,1.377244964668836
TOX21_p53_BLA_p4_ratio,cellbased,dna binding,0.7385190068116897,0.6058009228740936,0.1327180839375961,no_advantage,652,37,615,5,0.7273126785321907,0.1399459764285016,0.1215117556580971,0.0221212618409458,0.2271485087791158,0.0079920079920079,0.7253350911887497,2.3231904073558383,0.045817164828416045,0.15947897757583276,no_detectable_addition,1.377244964668836
TOX21_p53_BLA_p5_ratio,cellbased,dna binding,0.7117540510109169,0.5786459098252313,0.1331081411856856,no_advantage,652,33,619,5,0.695256278454986,0.1294236261655688,0.1166103686297547,-0.0055998920425045,0.2265952154069061,0.0349650349650349,0.6818916140402409,1.9686213637455237,0.07644596205278208,0.1858020629411776,no_detectable_addition,1.377244964668836
CLD_CYP1A1_48hr,cellbased,cyp,0.7530364372469636,0.4777327935222672,0.2753036437246963,no_advantage,45,19,26,5,0.7348178137651822,0.6884243132541941,0.2570850202429149,0.0409272427623086,0.4621915169229746,0.0079920079920079,0.5809716599190283,2.392215127282361,0.04119739047023712,0.152178115818631,no_detectable_addition,1.377244964668836
CLD_CYP1A2_48hr,cellbased,cyp,0.6477732793522267,0.3562753036437247,0.291497975708502,no_advantage,45,26,19,5,0.6477732793522267,0.6486264985160212,0.291497975708502,0.058625730994152,0.5105392156862745,0.0129870129870129,0.4412955465587044,2.528473072011863,0.033186812368269224,0.13399807960674276,no_detectable_addition,1.377244964668836
CLD_CYP2B6_48hr,cellbased,cyp,0.71,0.706,0.004,no_advantage,45,25,20,5,0.704,0.7476855746460217,-0.002,-0.1220253968253968,0.1407592203548086,0.5104895104895105,0.67,-0.029833770652655033,0.5086411800793071,0.5801777265230432,no_detectable_addition,1.377244964668836
CLD_CYP3A4_48hr,cellbased,cyp,0.7964426877470355,0.7154150197628458,0.0810276679841897,no_advantage,45,23,22,5,0.8023715415019763,0.8263673444955711,0.0869565217391304,-0.0546894736842105,0.2470137535196014,0.1398601398601398,0.7490118577075099,1.1297966796939827,0.20601373164939213,0.32447184429395587,no_detectable_addition,1.377244964668836
TOX21_AR_LUC_MDAKB2_Antagonist_0.5nM_R1881,cellbased,nuclear receptor,0.725962596259626,0.6262046204620462,0.0997579757975798,no_advantage,595,90,505,5,0.7183938393839384,0.3303192747819989,0.0921892189218922,0.0296852803734226,0.1603454053960424,0.0029970029970029,0.6750715071507151,2.7657642336366517,0.022311758248518037,0.11511012778680016,no_detectable_addition,1.377244964668836
TOX21_AR_LUC_MDAKB2_Agonist_3uM_Nilutamide,cellbased,nuclear receptor,0.7401315789473685,0.3881578947368421,0.3519736842105264,no_advantage,595,19,576,5,0.7411366959064327,0.3997566822560563,0.3529788011695906,0.1536916275253476,0.554732634797524,0.0019980019980019,0.7615131578947368,3.4501496381193295,0.006120672017625832,0.0481670276169685,adds_beyond_count,1.377244964668836
TOX21_AP1_BLA_Agonist_ratio,cellbased,dna binding,0.6224133043560427,0.4728810356231692,0.1495322687328734,no_advantage,595,38,557,5,0.605546631389965,0.114326052529586,0.1326655957667957,0.0153587021651851,0.2411389231703472,0.0129870129870129,0.6649815742228101,2.3033000019565666,0.04722305634411027,0.16071770614041694,no_detectable_addition,1.377244964668836
TOX21_TSHR_HTRF_Agonist_ratio,cellbased,gpcr,0.6251724137931034,0.6120689655172413,0.013103448275862,no_advantage,595,15,580,5,0.6716091954022988,0.0743096903564455,0.0595402298850574,-0.1193269586019538,0.2176682648963198,0.2557442557442557,0.6004597701149426,0.6925718763312648,0.3075286793836635,0.4184941923660728,no_detectable_addition,1.377244964668836
TOX21_CAR_Agonist,cellbased,nuclear receptor,0.5431560592850916,0.4284607187832994,0.1146953405017921,no_advantage,595,37,558,5,0.528383221931609,0.0760217369309934,0.0999225031483095,-0.028216706573095,0.2308649182386886,0.0579420579420579,0.5863605541024896,1.5118363496666312,0.1361622757150946,0.2489431505498194,no_detectable_addition,1.377244964668836
TOX21_CAR_Antagonist,cellbased,nuclear receptor,0.8338260869565217,0.6318260869565218,0.2019999999999999,no_advantage,595,20,575,5,0.8118260869565217,0.2250466800642524,0.1799999999999999,0.0670061463693539,0.2997496947546959,0.0019980019980019,0.6,3.0316072986555747,0.013860531282515872,0.0929168948939027,no_detectable_addition,1.377244964668836
TOX21_ERa_LUC_VM7_Antagonist_0.1nM_E2,cellbased,nuclear receptor,0.7352525252525253,0.5827272727272728,0.1525252525252525,no_advantage,595,55,540,5,0.740976430976431,0.2495470589913954,0.1582491582491582,0.077286820832229,0.2468207432827967,0.0009990009990009,0.7462626262626263,3.659004035479561,0.003944824371597367,0.04200077713288961,adds_beyond_count,1.377244964668836
TOX21_ERR_Agonist,cellbased,nuclear receptor,0.5985535405872193,0.3403497409326425,0.2582037996545768,no_advantage,595,16,579,5,0.5947754749568221,0.0413996220013988,0.2544257340241797,0.0278131034444045,0.4704613903331407,0.0189810189810189,0.5564550949913645,2.2530993302423488,0.050925373376705246,0.16167546906755415,no_detectable_addition,1.377244964668836
TOX21_ERR_Antagonist,cellbased,nuclear receptor,0.6784579667644184,0.5730083088954057,0.1054496578690127,no_advantage,595,99,496,5,0.6653225806451613,0.2865685024607657,0.0923142717497556,0.0251410045053691,0.1584836396053967,0.0059940059940059,0.6749551971326165,2.7138004161986227,0.024393074297812935,0.1193282823757876,no_detectable_addition,1.377244964668836
TOX21_HDAC_Inhibition,cellbased,hydrolase,0.5592280701754386,0.5402807017543859,0.0189473684210527,no_advantage,595,25,570,5,0.5550175438596491,0.0492991881285778,0.0147368421052631,-0.1506255986016166,0.1721122806914732,0.4005994005994006,0.591859649122807,0.1789915708888301,0.4482976537057973,0.5458893525397113,no_detectable_addition,1.377244964668836
TOX21_PGC_ERR_Agonist,cellbased,nuclear receptor,0.6684911946692051,0.4631128034269395,0.2053783912422656,no_advantage,595,22,573,5,0.6749167063303189,0.0638784833694225,0.2118039029033793,0.0840365067466265,0.3187040784917276,0.0029970029970029,0.5982072029192448,3.538009292575254,0.005101044400724383,0.0481670276169685,adds_beyond_count,1.377244964668836
TOX21_PGC_ERR_Antagonist,cellbased,nuclear receptor,0.7228106432446396,0.646516834581934,0.0762938086627056,no_advantage,595,42,553,5,0.7295272539395505,0.1762622997021246,0.0830104193576165,0.0043624918247221,0.166548041161842,0.0199800199800199,0.704383019030397,2.0063123284510085,0.0725916258777947,0.1818286584350937,no_detectable_addition,1.377244964668836
TOX21_ERb_BLA_Antagonist_ratio,cellbased,nuclear receptor,0.6469453579559828,0.5273526435618517,0.1195927143941311,no_advantage,595,59,536,5,0.6352453832532254,0.1620483988205212,0.1078927396913737,0.0219503209496644,0.1906192074975426,0.0119880119880119,0.6921641791044776,2.507467618770781,0.03433078000111199,0.13508415609133195,no_detectable_addition,1.377244964668836
TOX21_PR_BLA_Agonist_ratio,cellbased,nuclear receptor,0.5976740650653695,0.5117056856187291,0.0859683794466403,no_advantage,595,23,572,5,0.5893888719975676,0.2481589919298647,0.0776831863788385,-0.1568180930988096,0.2926572720235674,0.2447552447552447,0.7109303739738523,0.6774842873373477,0.3113905303968565,0.4184941923660728,no_detectable_addition,1.377244964668836
TOX21_PR_BLA_Antagonist_ratio,cellbased,nuclear receptor,0.7179616858237547,0.5342528735632184,0.1837088122605363,morphology_advantage,595,145,450,5,0.7140689655172414,0.446360304527252,0.179816091954023,0.1174695951003975,0.2416220579379539,0.0009990009990009,0.6859463601532567,5.677423690123737,1.875501180693857e-05,0.0033946571370558815,adds_beyond_count,1.377244964668836
TOX21_PXR_agonist,cellbased,nuclear receptor,0.6878980891719745,0.5280117800150674,0.159886309156907,morphology_advantage,595,124,471,5,0.6908259708239162,0.3990930255430793,0.1628141908088487,0.0996236232470991,0.2275447053667422,0.0009990009990009,0.6328333675775631,4.98916906246954,0.00014584411037996554,0.005279556795754752,adds_beyond_count,1.377244964668836
TOX21_SBE_BLA_Antagonist_ratio,cellbased,growth factor receptor,0.6694782608695652,0.5126086956521739,0.1568695652173912,no_advantage,595,20,575,5,0.6764347826086956,0.1344819795064288,0.1638260869565216,0.0147165331978725,0.3340051208159771,0.0159840159840159,0.7044347826086956,2.011304162738856,0.07209251792367838,0.1818286584350937,no_detectable_addition,1.377244964668836
CCTE_Simmons_MITO_basal_resp_rate,cellbased,mitochondria,0.432,0.588,-0.1559999999999999,no_advantage,45,20,25,5,0.424,0.4037777242050057,-0.1639999999999999,-0.386954365079365,0.0415019762845849,0.942057942057942,0.55,-1.500428701681693,0.8620205215287065,0.8716520357357311,no_detectable_addition,1.377244964668836
CCTE_Simmons_MITO_max_resp_rate,cellbased,mitochondria,0.5273109243697479,0.3886554621848739,0.1386554621848739,no_advantage,45,17,28,5,0.5189075630252101,0.4201148929753172,0.1302521008403361,-0.1072992286751361,0.386690070765148,0.1438561438561438,0.5861344537815126,1.0335828280518824,0.22648544942422577,0.3435781875876583,no_detectable_addition,1.377244964668836
BSK_BT_sIgG,cellbased,immunoglobulin,0.8204334365325078,0.8575851393188855,-0.0371517027863776,no_advantage,36,17,19,5,0.8204334365325078,0.8574349022624885,-0.0371517027863776,-0.1795912882696938,0.0802900903444381,0.6973026973026973,0.8359133126934984,-0.5603787419345341,0.657953353181879,0.7046719344729,no_detectable_addition,1.377244964668836
TOX21_AR_BLA_Agonist_ratio,cellbased,nuclear receptor,0.7015629984051037,0.4347687400318979,0.2667942583732058,no_advantage,652,25,627,5,0.7051355661881977,0.2287169382908293,0.2703668261562998,0.0952906011122944,0.4482431431052296,0.0039960039960039,0.7682934609250399,3.0027223664036553,0.014619897052652707,0.09450719166179071,no_detectable_addition,1.377244964668836
TOX21_AR_BLA_Antagonist_ratio,cellbased,nuclear receptor,0.6956657088122605,0.5766283524904214,0.1190373563218391,no_advantage,652,72,580,5,0.6937021072796935,0.2283115968332416,0.117073754789272,0.0396027122061121,0.1992597424819494,0.0039960039960039,0.7275622605363985,2.8744157940977004,0.018440603621302436,0.10445316487722257,no_detectable_addition,1.377244964668836
TOX21_AR_LUC_MDAKB2_Agonist,cellbased,nuclear receptor,0.6932107422991013,0.5502571294997662,0.142953612799335,no_advantage,652,31,621,5,0.6936782504804945,0.2987067181720838,0.1434211209807282,0.0335118580202013,0.2542041069271755,0.0109890109890109,0.6687444808061919,2.5474409305635457,0.032180969928923345,0.13399807960674276,no_detectable_addition,1.377244964668836
TOX21_AR_LUC_MDAKB2_Antagonist_10nM_R1881,cellbased,nuclear receptor,0.8136866686973296,0.7280265339966833,0.0856601347006463,no_advantage,652,49,603,5,0.8175110840356042,0.3400914620774728,0.0894845500389209,0.0200940216957804,0.1549893098384583,0.0079920079920079,0.8064101262395506,2.600335401589096,0.029508252418076624,0.13026813872370413,no_detectable_addition,1.377244964668836
TOX21_Aromatase_Inhibition,cellbased,cyp,0.7985581149991208,0.7199929664146298,0.0785651485844909,no_advantage,652,47,605,5,0.8096711798839459,0.2530007072309169,0.089678213469316,0.0097601393510815,0.1819108229339012,0.0189810189810189,0.7825918762088975,2.04200257967161,0.06908078544874018,0.1818286584350937,no_detectable_addition,1.377244964668836
TOX21_ERa_BLA_Agonist_ratio,cellbased,nuclear receptor,0.6222310126582279,0.406882911392405,0.2153481012658228,no_advantage,652,20,632,5,0.6121835443037975,0.2346976796130337,0.2053006329113924,-0.0395065394823126,0.4252584216480944,0.0459540459540459,0.5737341772151898,1.731549851369459,0.10433042877336035,0.207514369318442,no_detectable_addition,1.377244964668836
TOX21_ERa_BLA_Antagonist_ratio,cellbased,nuclear receptor,0.5563612392880686,0.5168534388046583,0.0395078004834102,no_advantage,652,37,615,5,0.5513952977367611,0.0751066884065971,0.0345418589321028,-0.0912305469903015,0.1596299859482137,0.2897102897102897,0.6614370468029005,0.5397485144990352,0.3475643848654474,0.4493510975760427,no_detectable_addition,1.377244964668836
TOX21_ERa_LUC_VM7_Agonist,cellbased,nuclear receptor,0.5324124157443622,0.5476963191034923,-0.0152839033591301,no_advantage,652,61,591,5,0.5435632853457601,0.1197577952128054,-0.0041330337577321,-0.1083375346702007,0.0933220944642895,0.5304695304695305,0.5668913483675904,-0.0803393064909111,0.5232584466073447,0.5919361177245587,no_detectable_addition,1.377244964668836
TOX21_ERa_LUC_VM7_Antagonist_0.5nM_E2,cellbased,nuclear receptor,0.7270101483216237,0.7268540202966433,0.0001561280249804,no_advantage,652,42,610,5,0.733216237314598,0.3064726096504488,0.0063622170179546,-0.0754754063691639,0.0916980021267975,0.4295704295704295,0.7444184231069477,0.14918301214968185,0.45687097589951914,0.5512909775854198,no_detectable_addition,1.377244964668836
TOX21_GR_BLA_Agonist_ratio,cellbased,nuclear receptor,0.7300602130616026,0.4483557202408522,0.2817044928207504,no_advantage,652,17,635,5,0.705511811023622,0.3533858005836052,0.2571560907827698,0.0706273456860973,0.4696745859372053,0.0069930069930069,0.7404353867531265,2.5261003183372406,0.03331443968123439,0.13399807960674276,no_detectable_addition,1.377244964668836
TOX21_GR_BLA_Antagonist_ratio,cellbased,nuclear receptor,0.7437553154628784,0.5290893627744354,0.214665952688443,morphology_advantage,652,53,599,5,0.7405109144171103,0.2133879615773227,0.2114215516426748,0.1026729290795183,0.319101179423588,0.0009990009990009,0.7002551422181623,3.829247146664259,0.002714870588013475,0.032759438428695935,adds_beyond_count,1.377244964668836
TOX21_MMP_ratio,cellbased,cell morphology,0.6297367538564722,0.6174756874580818,0.0122610663983904,no_advantage,652,84,568,5,0.6129066063044937,0.1921351500607541,-0.0045690811535881,-0.0779255798182262,0.0720085073573809,0.5484515484515484,0.6030139168343394,-0.11945561870293736,0.5345590022163581,0.600963847212179,no_detectable_addition,1.377244964668836
NVS_ADME_hCYP3A4,cellfree,cyp,0.5215311004784688,0.2679425837320574,0.2535885167464114,no_advantage,41,19,22,5,0.5167464114832536,0.4772569721137981,0.2488038277511962,0.0434678593717495,0.4619047619047618,0.0089910089910089,0.4330143540669856,2.3308008567244998,0.045288222699668666,0.15947897757583276,no_detectable_addition,1.377244964668836
NVS_GPCR_hOpiate_mu,cellfree,gpcr,0.6149732620320856,0.4839572192513369,0.1310160427807487,no_advantage,39,22,17,5,0.6096256684491979,0.6796924114920886,0.1256684491978609,-0.0889035087719298,0.3473798627002288,0.1298701298701298,0.6176470588235294,1.129108521979753,0.2061561441646681,0.32447184429395587,no_detectable_addition,1.377244964668836
NVS_MP_hPBR,cellfree,transporter,0.7259552042160737,0.5783926218708827,0.147562582345191,no_advantage,56,33,23,5,0.7206851119894598,0.8023267067079749,0.1422924901185771,-0.0068242239424505,0.2982056494472789,0.0339660339660339,0.619235836627141,1.8285957044373686,0.09213530955265986,0.19372870148371243,no_detectable_addition,1.377244964668836
NVS_NR_hER,cellfree,nuclear receptor,0.7554054054054054,0.5243243243243243,0.231081081081081,no_advantage,131,20,111,5,0.7418918918918919,0.3172743708064203,0.2175675675675675,0.0234936184505149,0.425584975369458,0.0209790209790209,0.572972972972973,2.1210334052813877,0.061773437344003104,0.1787274179202157,no_detectable_addition,1.377244964668836
NVS_NR_hGR,cellfree,nuclear receptor,0.46875,0.6321022727272727,-0.1633522727272727,no_advantage,54,32,22,5,0.5767045454545454,0.6277996535183709,-0.0553977272727272,-0.2308997678018575,0.1262652100704344,0.7192807192807192,0.3991477272727273,-0.607996628242686,0.6705594851273109,0.7097734901055162,no_detectable_addition,1.377244964668836
NVS_NR_hPPARg,cellfree,nuclear receptor,0.5854671280276816,0.5550173010380622,0.0304498269896194,no_advantage,102,17,85,5,0.5757785467128028,0.2091462963881542,0.0207612456747405,-0.1815969739530133,0.2232170327089477,0.4355644355644356,0.6352941176470588,0.20103698710023274,0.44197238097745345,0.5441972854212181,no_detectable_addition,1.377244964668836
NVS_NR_hPR,cellfree,nuclear receptor,0.3813953488372093,0.5286821705426357,-0.1472868217054263,no_advantage,58,15,43,5,0.413953488372093,0.2297814434156808,-0.1147286821705426,-0.4062978316326531,0.1605968045112782,0.7982017982017982,0.3209302325581395,-0.7933188020661168,0.7176987162532299,0.746571653113992,no_detectable_addition,1.377244964668836
NVS_TR_hNET,cellfree,transporter,0.6952380952380952,0.7111111111111111,-0.0158730158730159,no_advantage,51,30,21,5,0.6936507936507936,0.8013434937647471,-0.0174603174603175,-0.1707820069204152,0.1381972133616869,0.6083916083916084,0.7444444444444445,-0.22151388445830733,0.5638896622079878,0.6223416393880841,no_detectable_addition,1.377244964668836
cell_type__umbilical_vein_endothelium_and_peripheral_blood_mononuclear_cells,cytotox,cytotoxicity,0.7835346058953383,0.7235423970912869,0.0599922088040514,no_advantage,202,51,151,5,0.7897675626542008,0.5950458135170535,0.0662251655629139,-0.0037939882697947,0.1386630954122178,0.0339660339660339,0.7332813920270095,1.8222883277195736,0.09289436103571008,0.19372870148371243,no_detectable_addition,1.377244964668836
cell_type__HepG2,cytotox,cytotoxicity,0.8626563507414571,0.7743391360412637,0.0883172147001933,morphology_advantage,667,150,517,5,0.8654416505480336,0.7338721403619678,0.0911025145067698,0.0507094583433298,0.1333135382012485,0.0009990009990009,0.8599613152804643,4.323216215224979,0.0008475342620943974,0.013945791039916904,adds_beyond_count,1.377244964668836
cell_type__HEK293T,cytotox,cytotoxicity,0.8616457680250784,0.7934639498432602,0.0681818181818182,no_advantage,666,116,550,5,0.862680250783699,0.6200602528111927,0.0692163009404388,0.0281240856786098,0.1109324960685172,0.0009990009990009,0.8329310344827586,3.2765140018425103,0.008679013407438745,0.06545422611443387,no_detectable_addition,1.377244964668836
cell_type__HEK293,cytotox,cytotoxicity,0.8204642847753503,0.7109524936246286,0.1095117911507216,morphology_advantage,595,186,409,5,0.8177301048978626,0.6826468939290908,0.1067776112732339,0.0678901728016097,0.1470746886818095,0.0009990009990009,0.8194389673212924,5.28588883256312,6.201608700508103e-05,0.0037416372493065558,adds_beyond_count,1.377244964668836
cell_type__HeLa,cytotox,cytotoxicity,0.7880629208754208,0.7400042087542088,0.048058712121212,no_advantage,658,64,594,5,0.7848011363636364,0.4993185453185041,0.0447969276094275,-0.0124331932615414,0.1122648417621735,0.0669330669330669,0.8047664141414141,1.4082076819957303,0.15327650040851815,0.2617268544711489,no_detectable_addition,1.377244964668836
cell_type__HCT116,cytotox,cytotoxicity,0.796639693074328,0.7273168257888122,0.0693228672855158,no_advantage,666,77,589,5,0.7848653892796508,0.3374721450867113,0.0575485634908385,0.0073454103587231,0.1142268742597875,0.0189810189810189,0.7773245430291271,2.1106206553863363,0.06270019808146501,0.1787274179202157,no_detectable_addition,1.377244964668836
cell_type__ME-180,cytotox,cytotoxicity,0.8294584519180663,0.6844309937066582,0.1450274582114081,morphology_advantage,595,101,494,5,0.8233655349340602,0.5333683209506686,0.138934541227402,0.0850800073498942,0.1905932098102399,0.0009990009990009,0.7949051990219265,5.161566378663617,8.921486870591787e-05,0.004036972808942784,adds_beyond_count,1.377244964668836
cell_type__H295R,cytotox,cytotoxicity,0.5089869281045751,0.4428104575163398,0.0661764705882352,no_advantage,89,17,72,5,0.5163398692810458,0.2796211564456665,0.0735294117647059,-0.1135396916203551,0.2802055184353252,0.2337662337662337,0.5277777777777778,0.7320216034100856,0.29753217046659014,0.41746761902676605,no_detectable_addition,1.377244964668836
cell_type__MDA-kb2,cytotox,cytotoxicity,0.8482815706427081,0.8116194450671679,0.0366621255755402,no_advantage,666,103,563,5,0.8466433289072065,0.5979310866249048,0.0350238838400386,-0.0030648711990522,0.0743522929508523,0.0379620379620379,0.8369001017434341,1.7733935935379284,0.0989359213789649,0.20349320192718917,no_detectable_addition,1.377244964668836
cell_type__22Rv1,cytotox,cytotoxicity,0.7643797643797644,0.6190476190476191,0.1453321453321453,no_advantage,202,91,111,5,0.7625977625977626,0.7764485193453569,0.1435501435501435,0.0661149848742703,0.2272903270646686,0.0009990009990009,0.7477477477477478,3.491267457285715,0.005622931857518778,0.0481670276169685,adds_beyond_count,1.377244964668836
cell_type__T47D,cytotox,cytotoxicity,0.6956489456489456,0.6140481140481141,0.0816008316008315,no_advantage,256,74,182,5,0.6948321948321948,0.5054715166885925,0.0807840807840807,0.0118758013944263,0.1546032739419451,0.0119880119880119,0.6954261954261954,2.218688347573383,0.0535940781439406,0.16167546906755415,no_detectable_addition,1.377244964668836
cell_type__VM7,cytotox,cytotoxicity,0.8231910775186653,0.7840538298460688,0.0391372476725965,no_advantage,666,95,571,5,0.8178818324269518,0.5191449631466764,0.033828002580883,-0.0050430723976872,0.071028243316271,0.0449550449550449,0.8044981104249239,1.7431450114454161,0.10281466735913486,0.20677171991114898,no_detectable_addition,1.377244964668836
cell_type__ERR-HEK293T,cytotox,cytotoxicity,0.8346768886549092,0.718560805475125,0.1161160831797841,morphology_advantage,595,131,464,5,0.8321762305869965,0.6132233349286459,0.1136154251118715,0.0629846809095946,0.1648717262885326,0.0009990009990009,0.8388720715977889,4.3711571424171805,0.0007521792352293221,0.013945791039916904,adds_beyond_count,1.377244964668836
cell_type__PGC/ERR_HEK293T,cytotox,cytotoxicity,0.8360999902353285,0.7548416495784916,0.0812583406568369,no_advantage,595,133,462,5,0.8403476223025095,0.6706298293000683,0.0855059727240178,0.042856909530485,0.1342362659349622,0.0009990009990009,0.8377925332812551,3.667975676743674,0.003869260689617405,0.04200077713288961,adds_beyond_count,1.377244964668836
cell_type__PR-UAS-bla-HEK293T,cytotox,cytotoxicity,0.7737709286317005,0.7532753031043212,0.0204956255273792,no_advantage,595,89,506,5,0.7725274237242972,0.4317088950383708,0.0192521206199759,-0.0226177190774312,0.0613735399911771,0.1898101898101898,0.7794777279388906,0.8985092914963413,0.25707282861032765,0.3692871585592802,no_detectable_addition,1.377244964668836
cell_type__MCF7,cytotox,cytotoxicity,0.8342837973834284,0.7786481046628648,0.0556356927205635,no_advantage,652,110,542,5,0.8399027172089902,0.4738951875615615,0.0612546125461254,0.0183433408408826,0.10563173523196,0.0039960039960039,0.8112713854411271,2.750808655878457,0.0228948320459934,0.11511012778680016,no_detectable_addition,1.377244964668836
tissue__vascular,cytotox,cytotoxicity,0.7774358974358975,0.7219230769230769,0.0555128205128205,no_advantage,202,52,150,5,0.7830769230769231,0.5989223303789188,0.0611538461538462,-0.0015582662403782,0.129827182793732,0.0299700299700299,0.7824358974358975,1.8245450741194211,0.09262224696953031,0.19372870148371243,no_detectable_addition,1.377244964668836
tissue__liver,cytotox,cytotoxicity,0.8626563507414571,0.7743391360412637,0.0883172147001933,morphology_advantage,667,150,517,5,0.8654416505480336,0.7338721403619678,0.0911025145067698,0.0507094583433298,0.1333135382012485,0.0009990009990009,0.8599613152804643,4.323216215224979,0.0008475342620943974,0.013945791039916904,adds_beyond_count,1.377244964668836
tissue__kidney,cytotox,cytotoxicity,0.8751865671641791,0.7705223880597015,0.1046641791044775,morphology_advantage,666,130,536,5,0.8742393800229621,0.6728747749361661,0.1037169919632605,0.0677342180981261,0.1427196681123791,0.0009990009990009,0.8485074626865672,5.421893724653003,4.1293212061915844e-05,0.003737035691603384,adds_beyond_count,1.377244964668836
tissue__cervix,cytotox,cytotoxicity,0.8063743988959092,0.7518167899424234,0.0545576089534858,no_advantage,666,79,587,5,0.8030103724149829,0.4800808196300262,0.0511935824725594,-0.0016534899909685,0.108581209278337,0.0289710289710289,0.7883897957863412,1.8204354770746147,0.09311821563029271,0.19372870148371243,no_detectable_addition,1.377244964668836
tissue__intestinal,cytotox,cytotoxicity,0.8151630434782609,0.7051811594202898,0.109981884057971,morphology_advantage,652,100,552,5,0.8082608695652174,0.4496053851023734,0.1030797101449275,0.059817542672153,0.1544392919386474,0.0009990009990009,0.7510144927536232,4.27031887659326,0.0009655664867711482,0.014563961175464818,adds_beyond_count,1.377244964668836
tissue__breast,cytotox,cytotoxicity,0.8353863727578649,0.7723441696767621,0.0630422030811027,no_advantage,667,118,549,5,0.837732703528758,0.5506374866778543,0.0653885338519958,0.0233937574759849,0.1106797287102012,0.0019980019980019,0.8132197215275848,2.9365354031245383,0.016495989158338314,0.09952580125530783,no_detectable_addition,1.377244964668836
tissue__prostate,cytotox,cytotoxicity,0.7643797643797644,0.6190476190476191,0.1453321453321453,no_advantage,202,91,111,5,0.7625977625977626,0.7764485193453569,0.1435501435501435,0.0661149848742703,0.2272903270646686,0.0009990009990009,0.7477477477477478,3.491267457285715,0.005622931857518778,0.0481670276169685,adds_beyond_count,1.377244964668836
tissue__adrenal_gland,cytotox,cytotoxicity,0.5089869281045751,0.4428104575163398,0.0661764705882352,no_advantage,89,17,72,5,0.5163398692810458,0.2796211564456665,0.0735294117647059,-0.1135396916203551,0.2802055184353252,0.2337662337662337,0.5277777777777778,0.7320216034100856,0.29753217046659014,0.41746761902676605,no_detectable_addition,1.377244964668836
MT,native,native readout,0.9157453400764682,0.8734221109374789,0.0423232291389893,morphology_advantage,966,377,589,5,0.9151598942594786,0.9055035506861672,0.0417377833219997,0.0222051713407709,0.0608494145032461,0.0009990009990009,0.8987313839488771,4.233725184213449,0.0010558565633887278,0.014700772151796902,adds_beyond_count,1.377244964668836
LDH,native,native readout,0.9685038645564962,0.9572414427677586,0.0112624217887375,no_advantage,966,130,836,5,0.9729849098270152,0.8675458577272309,0.0157434670592565,0.0019921336830843,0.0339615078273852,0.0109890109890109,0.971117040853883,1.93038678405466,0.08051299851493215,0.18951751500795846,no_detectable_addition,1.377244964668836
