label,cv,AUROC
0,grouped by compound,0.44571066793289016
0,each chip independent,0.8515352959797404
1,grouped by compound,0.4862298195631529
1,each chip independent,0.8106995884773662
2,grouped by compound,0.36878759100981323
2,each chip independent,0.761633428300095
3,grouped by compound,0.7404241848686293
3,each chip independent,0.9078822412155746
4,grouped by compound,0.3868312757201646
4,each chip independent,0.851218740107629
5,grouped by compound,0.34061411839189615
5,each chip independent,0.818613485280152
6,grouped by compound,0.6353276353276354
6,each chip independent,0.883823994935106
7,grouped by compound,0.4520417853751187
7,each chip independent,0.8252611585944919
8,grouped by compound,0.37037037037037035
8,each chip independent,0.8217790440012662
9,grouped by compound,0.5375118708452041
9,each chip independent,0.8531180753402976
10,grouped by compound,0.4523583412472301
10,each chip independent,0.8173472617917062
11,grouped by compound,0.5251661918328585
11,each chip independent,0.8692624248179803
12,grouped by compound,0.5387780943336499
12,each chip independent,0.874960430515986
13,grouped by compound,0.4514086736308959
13,each chip independent,0.8322253877809433
14,grouped by compound,0.6324786324786325
14,each chip independent,0.8591326369104146
15,grouped by compound,0.529281418170307
15,each chip independent,0.8097499208610319
16,grouped by compound,0.29566318455207347
16,each chip independent,0.8110161443494777
17,grouped by compound,0.32446976891421336
17,each chip independent,0.759417537195315
18,grouped by compound,0.6549540993985439
18,each chip independent,0.8885723330167775
19,grouped by compound,0.4821145932257043
19,each chip independent,0.8322253877809433
20,grouped by compound,0.6024058246280468
20,each chip independent,0.8702120924343146
21,grouped by compound,0.6340614118391896
21,each chip independent,0.934156378600823
22,grouped by compound,0.7787274453941121
22,each chip independent,0.9037670148781259
23,grouped by compound,0.37258626147515034
23,each chip independent,0.8420386198163976
24,grouped by compound,0.7603672048116492
24,each chip independent,0.9427033871478316
25,grouped by compound,0.437480215257993
25,each chip independent,0.8610319721430832
26,grouped by compound,0.44222855333966443
26,each chip independent,0.8268439379550491
27,grouped by compound,0.5596707818930041
27,each chip independent,0.9268755935422602
28,grouped by compound,0.26622348844571064
28,each chip independent,0.7761949984172206
29,grouped by compound,0.689142133586578
29,each chip independent,0.8626147515036404
