endpoint_id,n_samples,n_active,n_inactive,baseline_AUROC,baseline_PRAUC,full_AUROC,full_PRAUC,delta_AUROC,delta_ci_lo,delta_ci_hi,bootstrap_p,delta_z,calibrated_p,fdr_q,verdict,powered,verdict_uncalibrated,fdr_q_uncalibrated,null_sd
ATG_ERE_CIS,71,21,50,0.4638095238095238,0.2761381526945612,0.48095238095238096,0.29806700639573186,0.017142857142857182,-0.1791787519861332,0.20259924152876274,0.4225774225774226,0.17601529385078074,0.45098655704462204,0.6468939297120849,no_advantage,True,no_advantage,0.6274634456452639,1.4290528217475904
ATG_NRF2_ARE_CIS,71,19,52,0.4944331983805668,0.3168751439149769,0.5850202429149798,0.3519726575109837,0.09058704453441296,-0.1278862921669525,0.318215994531784,0.19080919080919082,0.7959938850246159,0.2887609742757714,0.5068117891656077,no_advantage,True,no_advantage,0.373986013986014,1.4290528217475904
ATG_PXRE_CIS,71,39,32,0.5252403846153846,0.604127700255618,0.5232371794871795,0.54136596863925,-0.0020032051282050656,-0.1795058139534883,0.16374042847833167,0.5434565434565435,-0.022876928866466396,0.5063861770779069,0.6485471853217947,no_advantage,True,no_advantage,0.6816433566433566,1.4290528217475904
ATG_VDRE_CIS,71,19,52,0.5921052631578947,0.3728485473338362,0.6133603238866396,0.4052975202272521,0.021255060728744946,-0.1481640800719748,0.19316677807486626,0.3966033966033966,0.2440983746522679,0.43218607056126973,0.6468939297120849,no_advantage,True,no_advantage,0.6072989510489512,1.4290528217475904
BSK_3C_Proliferation,40,20,20,0.39125,0.428692190718013,0.8,0.7143209089970768,0.40875000000000006,0.18731250000000002,0.615063599550492,0.000999000999000999,3.745801171952025,0.0043813306422932925,0.06089971272272691,no_advantage,True,morphology_advantage,0.012237762237762238,1.4290528217475904
BSK_CASM3C_Proliferation,40,16,24,0.4869791666666667,0.4403444482863609,0.5677083333333334,0.4544377618414819,0.08072916666666669,-0.14291819291819297,0.3044214221014492,0.2677322677322677,0.707410008432717,0.31029293214220877,0.5068117891656077,no_advantage,True,no_advantage,0.4372960372960373,1.4290528217475904
BSK_SAg_Proliferation,40,15,25,0.44533333333333336,0.3368623922803489,0.7066666666666667,0.5240134793619367,0.2613333333333333,0.04533333333333334,0.47293447293447294,0.014985014985014986,2.395708888012366,0.04682687059187164,0.28681458237521384,no_advantage,True,no_advantage,0.08158508158508158,1.4290528217475904
TOX21_ARE_BLA_Agonist_ratio,184,29,155,0.596329254727475,0.20071907582584192,0.4202447163515017,0.1513047165523913,-0.17608453837597332,-0.3261723827248021,-0.02518137726471062,0.989010989010989,-2.2932203947156533,0.9457215682450819,0.9654241009168545,no_advantage,True,no_advantage,0.999000999000999,1.4290528217475904
TOX21_p53_BLA_p1_ratio,197,17,180,0.6050653594771241,0.1342173884607293,0.6130718954248366,0.18534658344521088,0.008006535947712501,-0.17482586667092875,0.1792241152710839,0.44655344655344653,0.08864580156816701,0.47526900958438895,0.6468939297120849,no_advantage,True,no_advantage,0.6295648795648795,1.4290528217475904
TOX21_p53_BLA_p2_ratio,197,20,177,0.617090395480226,0.17202062770231225,0.5279661016949152,0.15090565050128785,-0.08912429378531084,-0.26805056047557607,0.12275349021926925,0.8361638361638362,-0.8939539241420509,0.7341972082903161,0.7929264633750861,no_advantage,True,no_advantage,0.8906962602614776,1.4290528217475904
TOX21_p53_BLA_p3_ratio,197,16,181,0.5366022099447514,0.14241865223311762,0.5459254143646409,0.18384583306631586,0.009323204419889541,-0.1636366082226519,0.18430844041541974,0.45754245754245754,0.10503466049681827,0.4707043230246261,0.6468939297120849,no_advantage,True,no_advantage,0.6295648795648795,1.4290528217475904
TOX21_p53_BLA_p4_ratio,197,17,180,0.6034313725490196,0.14527069761666556,0.4931372549019608,0.10709977830007353,-0.11029411764705876,-0.2749086296217444,0.07152066065391793,0.8811188811188811,-1.2480035959314302,0.808752453124084,0.8431674511293642,no_advantage,True,no_advantage,0.918613301592025,1.4290528217475904
TOX21_p53_BLA_p5_ratio,197,16,181,0.5662983425414365,0.1314689324460045,0.5362569060773481,0.15217796680767076,-0.03004143646408841,-0.25500049500049493,0.18719594594594594,0.6203796203796204,-0.26630758878058086,0.573915836565505,0.685899414431945,no_advantage,True,no_advantage,0.7284382284382285,1.4290528217475904
TOX21_AR_LUC_MDAKB2_Antagonist_0.5nM_R1881,184,35,149,0.6676893576222436,0.2757485455059265,0.6692233940556088,0.29580514849185263,0.001534036433365249,-0.10359250469446273,0.10536110244450361,0.48151848151848153,0.028778217569459665,0.491966656774703,0.6485471853217947,no_advantage,True,no_advantage,0.6376866376866378,1.4290528217475904
TOX21_AP1_BLA_Agonist_ratio,184,15,169,0.5439842209072978,0.11360217653472678,0.6844181459566075,0.18344773074087087,0.14043392504930974,-0.09902138324103639,0.3586160253575113,0.1048951048951049,1.2028974568239386,0.19996547153015926,0.46566718469895196,no_advantage,True,no_advantage,0.25641025641025644,1.4290528217475904
TOX21_CAR_Agonist,184,16,168,0.6653645833333334,0.14533575353898787,0.703125,0.15855878707470647,0.03776041666666663,-0.13439726504098576,0.20460500756553388,0.34565434565434566,0.4366286793455748,0.37997855260522945,0.6006112605695562,no_advantage,True,no_advantage,0.5463568689375141,1.4290528217475904
TOX21_ERa_LUC_VM7_Antagonist_0.1nM_E2,184,24,160,0.5671875,0.23003419493453586,0.6549479166666666,0.23255308954840376,0.08776041666666667,-0.08663287873750204,0.25008435563435466,0.13586413586413587,1.021671834603565,0.23732634364232186,0.48454128493640714,no_advantage,True,no_advantage,0.2875874125874126,1.4290528217475904
TOX21_ERR_Antagonist,184,36,148,0.5682244744744744,0.25486241003103677,0.5349099099099099,0.24914296429338173,-0.0333145645645645,-0.17745351969616668,0.11842779863299926,0.6773226773226774,-0.44136174322152677,0.6212818587337198,0.7079723506500528,no_advantage,True,no_advantage,0.7665289256198348,1.4290528217475904
TOX21_PGC_ERR_Antagonist,184,18,166,0.5435073627844712,0.11843278660709765,0.6007362784471219,0.13358489567479986,0.05722891566265065,-0.08667194606887589,0.21357042754350736,0.23376623376623376,0.7471737790258742,0.30054090086283614,0.5068117891656077,no_advantage,True,no_advantage,0.40004822763443454,1.4290528217475904
TOX21_ERb_BLA_Antagonist_ratio,184,22,162,0.5923120089786756,0.18869065388141532,0.7132435465768799,0.28448551119186855,0.1209315375982043,-0.02108730763646929,0.2814552794202184,0.054945054945054944,1.566863445328548,0.13644424015504203,0.46566718469895196,no_advantage,True,no_advantage,0.19230769230769232,1.4290528217475904
TOX21_PR_BLA_Antagonist_ratio,184,48,136,0.47449448529411764,0.2837774319999686,0.5205269607843137,0.28505861451561854,0.04603247549019607,-0.07178687125080034,0.17574409843524283,0.23676323676323677,0.7289754078538138,0.3049868878611204,0.5068117891656077,no_advantage,True,no_advantage,0.40004822763443454,1.4290528217475904
TOX21_PXR_agonist,184,47,137,0.49666097220065225,0.28003807546649184,0.5963658953253611,0.4131104747635888,0.09970492312470886,-0.0621815358240678,0.2554243078149208,0.10989010989010989,1.2305696753446493,0.19458911640283144,0.46566718469895196,no_advantage,True,no_advantage,0.25641025641025644,1.4290528217475904
TOX21_AR_BLA_Antagonist_ratio,197,27,170,0.5618736383442265,0.18887551882625148,0.647276688453159,0.25911288399077115,0.08540305010893245,-0.04706434325487953,0.22859627790510137,0.0899100899100899,1.2144418959758487,0.19771176185313316,0.46566718469895196,no_advantage,True,no_advantage,0.25641025641025644,1.4290528217475904
TOX21_AR_LUC_MDAKB2_Antagonist_10nM_R1881,197,15,182,0.7767399267399268,0.40571424432818054,0.7238095238095238,0.20391617688053276,-0.052930402930402964,-0.2385578547297297,0.15095621720621716,0.6883116883116883,-0.5326723305962819,0.6453308890246312,0.718663944595612,no_advantage,True,no_advantage,0.7665289256198348,1.4290528217475904
TOX21_Aromatase_Inhibition,197,16,181,0.7292817679558011,0.2646164352987548,0.7776243093922652,0.2707305436360959,0.048342541436464104,-0.07693627450980398,0.1782234888519805,0.2087912087912088,0.7426691390180892,0.3016386879395353,0.5068117891656077,no_advantage,True,no_advantage,0.378917378917379,1.4290528217475904
TOX21_ERa_LUC_VM7_Agonist,197,17,180,0.4619281045751634,0.09017110923389139,0.45359477124183006,0.07815470018090666,-0.00833333333333336,-0.16576799608049606,0.14385198366816015,0.5464535464535465,-0.10550374266281033,0.5294262737320773,0.6485471853217947,no_advantage,True,no_advantage,0.6816433566433566,1.4290528217475904
TOX21_ERa_LUC_VM7_Antagonist_0.5nM_E2,197,17,180,0.5044117647058823,0.23299782497501798,0.6310457516339869,0.3136168207097331,0.12663398692810457,-0.09552296272774191,0.3515283189090793,0.14085914085914086,1.1103784543321744,0.21857847445052847,0.46566718469895196,no_advantage,True,no_advantage,0.2875874125874126,1.4290528217475904
TOX21_GR_BLA_Antagonist_ratio,197,17,180,0.579248366013072,0.14030515781838393,0.7794117647058824,0.2624639529890662,0.2001633986928104,0.026313346259421666,0.3685065946268009,0.014985014985014986,2.292932764905797,0.05430059272446022,0.2956365603887279,no_advantage,True,no_advantage,0.08158508158508158,1.4290528217475904
TOX21_MMP_ratio,197,28,169,0.6897717666948436,0.2903474317205162,0.46893491124260356,0.17704833174577547,-0.22083685545224008,-0.3754801039812268,-0.067173259854181,0.999000999000999,-2.8078019985909526,0.9752812649663174,0.9752812649663174,no_advantage,True,no_advantage,0.999000999000999,1.4290528217475904
cell_type__HepG2,201,61,140,0.7637002341920375,0.6491317779117479,0.8459016393442623,0.7715119421411976,0.08220140515222485,0.02228141685736087,0.14410458457404912,0.003996003996003996,2.645010762196835,0.0320931336382912,0.2246519354680384,no_advantage,True,morphology_advantage,0.03263403263403263,1.4290528217475904
cell_type__HEK293T,200,44,156,0.7738927738927739,0.5244930710951954,0.7702505827505828,0.5592055688883909,-0.003642191142191109,-0.08661442723942721,0.07277809024769154,0.5564435564435565,-0.08957212838288166,0.5249890866718563,0.6485471853217947,no_advantage,True,no_advantage,0.6816433566433566,1.4290528217475904
cell_type__HEK293,184,73,111,0.6571023077872393,0.6085687826426551,0.7091200789830927,0.6941874129341432,0.05201777119585338,-0.02704158227819807,0.13091095922586063,0.0979020979020979,1.2909315409969497,0.18317070117374395,0.46566718469895196,no_advantage,True,no_advantage,0.25641025641025644,1.4290528217475904
cell_type__HeLa,200,25,175,0.6596571428571428,0.2471150808188844,0.6678857142857143,0.4772028807659544,0.008228571428571474,-0.1497567955033473,0.16719933712121215,0.46253746253746253,0.10176615696237203,0.4716143909350543,0.6468939297120849,no_advantage,True,no_advantage,0.6295648795648795,1.4290528217475904
cell_type__HCT116,200,26,174,0.629973474801061,0.338646600214039,0.7440318302387268,0.5258604695230084,0.11405835543766574,0.0045011416211019496,0.22408467532467533,0.024975024975024976,2.0361296385621577,0.0771059756449366,0.3778192806601893,no_advantage,True,no_advantage,0.12237762237762238,1.4290528217475904
cell_type__ME-180,184,47,137,0.6518092871563907,0.4575782386540862,0.765180928715639,0.6026051640440954,0.11337164155924828,0.03560692286073482,0.19920482460661038,0.004995004995004995,2.716469266484739,0.02865834640334139,0.2246519354680384,no_advantage,True,morphology_advantage,0.03496503496503497,1.4290528217475904
cell_type__MDA-kb2,200,41,159,0.7317073170731707,0.46033400131565005,0.786470317533364,0.5665503117438258,0.054763000460193334,-0.026453723473084906,0.14180872523181834,0.08591408591408592,1.2757868467991054,0.18599554509498017,0.46566718469895196,no_advantage,True,no_advantage,0.25641025641025644,1.4290528217475904
cell_type__T47D,52,16,36,0.5763888888888888,0.3733748431483643,0.5416666666666666,0.39458463851127495,-0.03472222222222221,-0.23380347593582881,0.14101203529657472,0.6243756243756243,-0.3631349478136117,0.6002942610292906,0.7003433045341725,no_advantage,True,no_advantage,0.7284382284382285,1.4290528217475904
cell_type__VM7,200,31,169,0.6350448558885283,0.27218542106914195,0.7247566329452185,0.3075087389508752,0.0897117770566902,-0.015597897802053985,0.18372521275250805,0.04595404595404595,1.764289679384741,0.10849217129462557,0.4430096994530544,no_advantage,True,no_advantage,0.17697686928456158,1.4290528217475904
cell_type__ERR-HEK293T,184,53,131,0.6946564885496184,0.47351717213558764,0.8431513754861011,0.6085012950565627,0.14849488693648272,0.06895919176010848,0.22697119626963927,0.000999000999000999,3.6838293835076503,0.004971405120222604,0.06089971272272691,no_advantage,True,morphology_advantage,0.012237762237762238,1.4290528217475904
cell_type__PGC/ERR_HEK293T,184,52,132,0.7019230769230769,0.4530634580947134,0.7766608391608392,0.5733033100726894,0.0747377622377623,-0.0018589194224270982,0.15001979841724816,0.029970029970029972,1.928951277837397,0.08853830107843613,0.3943978866221246,no_advantage,True,no_advantage,0.13350286077558807,1.4290528217475904
cell_type__PR-UAS-bla-HEK293T,184,38,146,0.731705118961788,0.4971733694253626,0.678082191780822,0.44426516957975803,-0.05362292718096606,-0.16257082172100157,0.06134037533737552,0.8151848151848152,-0.9387561518141859,0.7443799452092645,0.7929264633750861,no_advantage,True,no_advantage,0.8876456876456876,1.4290528217475904
cell_type__MCF7,197,42,155,0.6070660522273426,0.3744420002413271,0.8044546850998464,0.4863040198502951,0.19738863287250386,0.0994926822403603,0.29690944945664044,0.000999000999000999,3.919369361524224,0.003047425550078811,0.06089971272272691,no_advantage,True,morphology_advantage,0.012237762237762238,1.4290528217475904
tissue__liver,201,61,140,0.7637002341920375,0.6491317779117479,0.8459016393442623,0.7715119421411976,0.08220140515222485,0.02228141685736087,0.14410458457404912,0.003996003996003996,2.645010762196835,0.0320931336382912,0.2246519354680384,no_advantage,True,morphology_advantage,0.03263403263403263,1.4290528217475904
tissue__kidney,200,49,151,0.7242194891201513,0.5631252222055186,0.783349101229896,0.5957968718708958,0.059129612109744656,-0.027870163690476204,0.15309523809523812,0.09090909090909091,1.2808184318712381,0.18505405352631743,0.46566718469895196,no_advantage,True,no_advantage,0.25641025641025644,1.4290528217475904
tissue__cervix,200,34,166,0.6822289156626506,0.30854000343461635,0.734053862508859,0.41491469791934105,0.05182494684620831,-0.03902743707066326,0.1390276387150605,0.12087912087912088,1.1409394500241032,0.21232251479066827,0.46566718469895196,no_advantage,True,no_advantage,0.2692307692307692,1.4290528217475904
tissue__intestinal,197,34,163,0.6309996391194514,0.3496132479006521,0.6750270660411404,0.38640132330413424,0.04402742692168893,-0.06384412026644261,0.14573278480520224,0.1998001998001998,0.8234893224484037,0.28222366625992334,0.5068117891656077,no_advantage,True,no_advantage,0.3765465303926842,1.4290528217475904
tissue__breast,200,41,159,0.6935112747353889,0.38487077299263506,0.7746586899831263,0.43155685093372026,0.08114741524773739,-0.016915115405033144,0.1768650101066233,0.04695304695304695,1.6415100584610702,0.12534604704365793,0.46566718469895196,no_advantage,True,no_advantage,0.17697686928456158,1.4290528217475904
MT,327,148,179,0.8124905631888872,0.823752495519809,0.9220519402083648,0.9257751439229981,0.10956137701947755,0.066365064126516,0.1549814003026958,0.000999000999000999,4.846428187274227,0.0003477373186556213,0.017039128614125446,morphology_advantage,True,morphology_advantage,0.012237762237762238,1.4290528217475904
LDH,327,43,284,0.920815591221749,0.6149071597826514,0.9469374385849983,0.8554722591926646,0.026121847363249295,-0.014827248595911948,0.06732400313183705,0.1048951048951049,1.2464297102893676,0.1915477620563067,0.46566718469895196,no_advantage,True,no_advantage,0.25641025641025644,1.4290528217475904
cell_count,327,75,252,0.9613756613756613,0.8960316606174893,0.9825925925925926,0.9588764676125899,0.021216931216931245,0.005990805686923914,0.03856412646924694,0.000999000999000999,,,,positive_control,True,positive_control,,1.4290528217475904
