endpoint_id,n_samples_hepg2,n_active_hepg2,n_inactive_hepg2,baseline_AUROC_hepg2,baseline_PRAUC_hepg2,full_AUROC_hepg2,full_PRAUC_hepg2,delta_AUROC_hepg2,delta_ci_lo_hepg2,delta_ci_hi_hepg2,bootstrap_p_hepg2,delta_z_hepg2,calibrated_p_hepg2,fdr_q_hepg2,verdict_hepg2,powered_hepg2,verdict_uncalibrated_hepg2,fdr_q_uncalibrated_hepg2,null_sd_hepg2,n_samples_oasis,n_active_oasis,n_inactive_oasis,baseline_AUROC_oasis,baseline_PRAUC_oasis,full_AUROC_oasis,full_PRAUC_oasis,delta_AUROC_oasis,delta_ci_lo_oasis,delta_ci_hi_oasis,bootstrap_p_oasis,delta_z_oasis,calibrated_p_oasis,fdr_q_oasis,verdict_oasis,powered_oasis,verdict_uncalibrated_oasis,fdr_q_uncalibrated_oasis,null_sd_oasis,category,assay_target_family
ATG_ERE_CIS,71,21,50,0.6166666666666667,0.38949557365796816,0.3323809523809524,0.23894692958118655,-0.2842857142857143,-0.4790406454376397,-0.08058917984189723,0.997002997002997,-2.7967760885567663,0.9871358000351694,0.9871358000351694,no_advantage,True,no_advantage,0.997002997002997,1.2539983281091585,71,21,50,0.4638095238095238,0.2761381526945612,0.48095238095238096,0.29806700639573186,0.017142857142857182,-0.1791787519861332,0.20259924152876274,0.4225774225774226,0.17601529385078074,0.45098655704462204,0.6468939297120849,no_advantage,True,no_advantage,0.6274634456452639,1.4290528217475904,cellbased,nuclear receptor
ATG_NRF2_ARE_CIS,71,19,52,0.5111336032388664,0.30007194725073383,0.6842105263157895,0.39528441298216516,0.17307692307692313,-0.023921832884097053,0.35676639621365785,0.04595404595404595,1.7821645773787815,0.07763138047027843,0.1408865793719868,no_advantage,True,no_advantage,0.08041958041958042,1.2539983281091585,71,19,52,0.4944331983805668,0.3168751439149769,0.5850202429149798,0.3519726575109837,0.09058704453441296,-0.1278862921669525,0.318215994531784,0.19080919080919082,0.7959938850246159,0.2887609742757714,0.5068117891656077,no_advantage,True,no_advantage,0.373986013986014,1.4290528217475904,cellbased,dna binding
ATG_PXRE_CIS,71,39,32,0.3645833333333333,0.4602771819937867,0.6346153846153846,0.6259835364131315,0.27003205128205127,0.043499340697616566,0.46470959595959593,0.005994005994005994,2.5130114604156337,0.02253508100014684,0.06134549827817751,no_advantage,True,morphology_advantage,0.015458225984541775,1.2539983281091585,71,39,32,0.5252403846153846,0.604127700255618,0.5232371794871795,0.54136596863925,-0.0020032051282050656,-0.1795058139534883,0.16374042847833167,0.5434565434565435,-0.022876928866466396,0.5063861770779069,0.6485471853217947,no_advantage,True,no_advantage,0.6816433566433566,1.4290528217475904,cellbased,nuclear receptor
ATG_VDRE_CIS,71,19,52,0.5779352226720648,0.3444401754857465,0.6538461538461539,0.5018789300048636,0.07591093117408909,-0.17956809637730692,0.31883821770334925,0.2907092907092907,0.5970337377532305,0.3170001102752171,0.3883251350871409,no_advantage,True,no_advantage,0.34743305475012787,1.2539983281091585,71,19,52,0.5921052631578947,0.3728485473338362,0.6133603238866396,0.4052975202272521,0.021255060728744946,-0.1481640800719748,0.19316677807486626,0.3966033966033966,0.2440983746522679,0.43218607056126973,0.6468939297120849,no_advantage,True,no_advantage,0.6072989510489512,1.4290528217475904,cellbased,nuclear receptor
BSK_3C_Proliferation,40,20,20,0.35,0.42741786033061774,0.2925,0.45479412797025043,-0.057499999999999996,-0.33592171717171715,0.20311135896005988,0.6783216783216783,-0.4181484773021566,0.6306035099927616,0.6717298258618547,no_advantage,True,no_advantage,0.7225600486470052,1.2539983281091585,40,20,20,0.39125,0.428692190718013,0.8,0.7143209089970768,0.40875000000000006,0.18731250000000002,0.615063599550492,0.000999000999000999,3.745801171952025,0.0043813306422932925,0.06089971272272691,no_advantage,True,morphology_advantage,0.012237762237762238,1.4290528217475904,cellbased,cell cycle
BSK_CASM3C_Proliferation,40,16,24,0.5,0.4227026851615667,0.46875,0.469444252576025,-0.03125,-0.3083113056077695,0.2375227272727271,0.6003996003996004,-0.22442307115507276,0.571017802639676,0.6217749406520917,no_advantage,True,no_advantage,0.6537684537684537,1.2539983281091585,40,16,24,0.4869791666666667,0.4403444482863609,0.5677083333333334,0.4544377618414819,0.08072916666666669,-0.14291819291819297,0.3044214221014492,0.2677322677322677,0.707410008432717,0.31029293214220877,0.5068117891656077,no_advantage,True,no_advantage,0.4372960372960373,1.4290528217475904,cellbased,cell cycle
BSK_SAg_Proliferation,40,15,25,0.37066666666666664,0.30815056780314554,0.664,0.5530447613388789,0.2933333333333334,0.026651041666666618,0.5417317708333333,0.017982017982017984,2.2323598643012073,0.037522136902806966,0.08951832076944749,no_advantage,True,morphology_advantage,0.04405594405594406,1.2539983281091585,40,15,25,0.44533333333333336,0.3368623922803489,0.7066666666666667,0.5240134793619367,0.2613333333333333,0.04533333333333334,0.47293447293447294,0.014985014985014986,2.395708888012366,0.04682687059187164,0.28681458237521384,no_advantage,True,no_advantage,0.08158508158508158,1.4290528217475904,cellbased,cell cycle
TOX21_ARE_BLA_Agonist_ratio,184,29,155,0.4617352614015573,0.175317581361076,0.6180200222469411,0.23151385462426427,0.15628476084538379,-0.02572266488024766,0.3319272394272394,0.04995004995004995,1.7129181432254026,0.08597493491977376,0.14526799348513497,no_advantage,True,no_advantage,0.08439836026042923,1.2539983281091585,184,29,155,0.596329254727475,0.20071907582584192,0.4202447163515017,0.1513047165523913,-0.17608453837597332,-0.3261723827248021,-0.02518137726471062,0.989010989010989,-2.2932203947156533,0.9457215682450819,0.9654241009168545,no_advantage,True,no_advantage,0.999000999000999,1.4290528217475904,cellbased,dna binding
TOX21_p53_BLA_p1_ratio,197,17,180,0.6501633986928105,0.17438152733453816,0.7356209150326798,0.4488568016964136,0.08545751633986931,-0.027046206466667676,0.21668956043956042,0.07892107892107893,1.3743871708414062,0.1365385142210579,0.20217884336162117,no_advantage,True,no_advantage,0.11718584445857175,1.2539983281091585,197,17,180,0.6050653594771241,0.1342173884607293,0.6130718954248366,0.18534658344521088,0.008006535947712501,-0.17482586667092875,0.1792241152710839,0.44655344655344653,0.08864580156816701,0.47526900958438895,0.6468939297120849,no_advantage,True,no_advantage,0.6295648795648795,1.4290528217475904,cellbased,dna binding
TOX21_p53_BLA_p2_ratio,197,20,177,0.6069209039548022,0.13041437004726691,0.7166666666666667,0.3068285875407175,0.10974576271186443,-0.0551182422228934,0.2683092389498171,0.07592407592407592,1.3301142085259865,0.14441345954401513,0.20217884336162117,no_advantage,True,no_advantage,0.11625874125874126,1.2539983281091585,197,20,177,0.617090395480226,0.17202062770231225,0.5279661016949152,0.15090565050128785,-0.08912429378531084,-0.26805056047557607,0.12275349021926925,0.8361638361638362,-0.8939539241420509,0.7341972082903161,0.7929264633750861,no_advantage,True,no_advantage,0.8906962602614776,1.4290528217475904,cellbased,dna binding
TOX21_p53_BLA_p3_ratio,197,16,181,0.606353591160221,0.1536475195899533,0.7424033149171271,0.2921849391217531,0.13604972375690605,0.004319998256219555,0.2858769074009642,0.024975024975024976,1.894129052513487,0.06546154592475772,0.13365065626304704,no_advantage,True,no_advantage,0.05320766190331408,1.2539983281091585,197,16,181,0.5366022099447514,0.14241865223311762,0.5459254143646409,0.18384583306631586,0.009323204419889541,-0.1636366082226519,0.18430844041541974,0.45754245754245754,0.10503466049681827,0.4707043230246261,0.6468939297120849,no_advantage,True,no_advantage,0.6295648795648795,1.4290528217475904,cellbased,dna binding
TOX21_p53_BLA_p4_ratio,197,17,180,0.5225490196078432,0.10764737157136109,0.6189542483660131,0.240835604268978,0.09640522875816993,-0.08246732026143788,0.2749112354465149,0.13986013986013987,1.057426500610669,0.19954601211313422,0.26426363766333993,no_advantage,True,no_advantage,0.18522018522018524,1.2539983281091585,197,17,180,0.6034313725490196,0.14527069761666556,0.4931372549019608,0.10709977830007353,-0.11029411764705876,-0.2749086296217444,0.07152066065391793,0.8811188811188811,-1.2480035959314302,0.808752453124084,0.8431674511293642,no_advantage,True,no_advantage,0.918613301592025,1.4290528217475904,cellbased,dna binding
TOX21_p53_BLA_p5_ratio,197,16,181,0.5013812154696132,0.11744026830057502,0.8024861878453039,0.3243639056667078,0.30110497237569067,0.1662385727830322,0.4517586393418001,0.000999000999000999,4.13389442773808,0.0004893644968146549,0.004795772068783618,morphology_advantage,True,morphology_advantage,0.004450095359186269,1.2539983281091585,197,16,181,0.5662983425414365,0.1314689324460045,0.5362569060773481,0.15217796680767076,-0.03004143646408841,-0.25500049500049493,0.18719594594594594,0.6203796203796204,-0.26630758878058086,0.573915836565505,0.685899414431945,no_advantage,True,no_advantage,0.7284382284382285,1.4290528217475904,cellbased,dna binding
TOX21_AR_LUC_MDAKB2_Antagonist_0.5nM_R1881,184,35,149,0.5556088207094918,0.22666015980273976,0.6910834132310643,0.4466707201890232,0.13547459252157246,-0.004323365260865172,0.2617391851106639,0.03196803196803197,1.9959616555292905,0.05572852763039307,0.11872599364735914,no_advantage,True,no_advantage,0.06265734265734266,1.2539983281091585,184,35,149,0.6676893576222436,0.2757485455059265,0.6692233940556088,0.29580514849185263,0.001534036433365249,-0.10359250469446273,0.10536110244450361,0.48151848151848153,0.028778217569459665,0.491966656774703,0.6485471853217947,no_advantage,True,no_advantage,0.6376866376866378,1.4290528217475904,cellbased,nuclear receptor
TOX21_AP1_BLA_Agonist_ratio,184,15,169,0.3116370808678501,0.059193276230743185,0.3613412228796844,0.09623885946764728,0.04970414201183432,-0.12189377289377289,0.22070836492041232,0.26373626373626374,0.5686965622317218,0.3250919833153062,0.3885245654256098,no_advantage,True,no_advantage,0.3230769230769231,1.2539983281091585,184,15,169,0.5439842209072978,0.11360217653472678,0.6844181459566075,0.18344773074087087,0.14043392504930974,-0.09902138324103639,0.3586160253575113,0.1048951048951049,1.2028974568239386,0.19996547153015926,0.46566718469895196,no_advantage,True,no_advantage,0.25641025641025644,1.4290528217475904,cellbased,dna binding
TOX21_CAR_Agonist,184,16,168,0.3986235119047619,0.08717084560866487,0.32924107142857145,0.06524024801641506,-0.06938244047619047,-0.29041016474066006,0.14157050029314042,0.7502497502497503,-0.6295980194152245,0.6921917224648275,0.7066123833495115,no_advantage,True,no_advantage,0.7658799533799534,1.2539983281091585,184,16,168,0.6653645833333334,0.14533575353898787,0.703125,0.15855878707470647,0.03776041666666663,-0.13439726504098576,0.20460500756553388,0.34565434565434566,0.4366286793455748,0.37997855260522945,0.6006112605695562,no_advantage,True,no_advantage,0.5463568689375141,1.4290528217475904,cellbased,nuclear receptor
TOX21_ERa_LUC_VM7_Antagonist_0.1nM_E2,184,24,160,0.6204427083333334,0.16308110773310838,0.7057291666666666,0.31668252228378324,0.08528645833333326,-0.042488641434424615,0.2079483368249191,0.0899100899100899,1.334933756050433,0.1435416431042827,0.20217884336162117,no_advantage,True,no_advantage,0.12237762237762237,1.2539983281091585,184,24,160,0.5671875,0.23003419493453586,0.6549479166666666,0.23255308954840376,0.08776041666666667,-0.08663287873750204,0.25008435563435466,0.13586413586413587,1.021671834603565,0.23732634364232186,0.48454128493640714,no_advantage,True,no_advantage,0.2875874125874126,1.4290528217475904,cellbased,nuclear receptor
TOX21_ERR_Antagonist,184,36,148,0.6348536036036037,0.2934780903000736,0.5904654654654654,0.30084378595161426,-0.044388138138138244,-0.19048447335923616,0.09821667771831,0.7362637362637363,-0.6026934943145392,0.6846057989106913,0.7066123833495115,no_advantage,True,no_advantage,0.7658799533799534,1.2539983281091585,184,36,148,0.5682244744744744,0.25486241003103677,0.5349099099099099,0.24914296429338173,-0.0333145645645645,-0.17745351969616668,0.11842779863299926,0.6773226773226774,-0.44136174322152677,0.6212818587337198,0.7079723506500528,no_advantage,True,no_advantage,0.7665289256198348,1.4290528217475904,cellbased,nuclear receptor
TOX21_PGC_ERR_Antagonist,184,18,166,0.40127175368139223,0.09203124540916635,0.5609103078982597,0.14573071870938165,0.15963855421686746,-0.06482916519901374,0.42832236022734993,0.08791208791208792,1.2689236599505476,0.155792409988894,0.21205078026266125,no_advantage,True,no_advantage,0.12237762237762237,1.2539983281091585,184,18,166,0.5435073627844712,0.11843278660709765,0.6007362784471219,0.13358489567479986,0.05722891566265065,-0.08667194606887589,0.21357042754350736,0.23376623376623376,0.7471737790258742,0.30054090086283614,0.5068117891656077,no_advantage,True,no_advantage,0.40004822763443454,1.4290528217475904,cellbased,nuclear receptor
TOX21_ERb_BLA_Antagonist_ratio,184,22,162,0.5597643097643098,0.1686983262571006,0.7003367003367004,0.21122334816017152,0.14057239057239057,-0.05619928607946251,0.3297423274225784,0.08791208791208792,1.4277642797612855,0.1274413728130771,0.19514460212002432,no_advantage,True,no_advantage,0.12237762237762237,1.2539983281091585,184,22,162,0.5923120089786756,0.18869065388141532,0.7132435465768799,0.28448551119186855,0.1209315375982043,-0.02108730763646929,0.2814552794202184,0.054945054945054944,1.566863445328548,0.13644424015504203,0.46566718469895196,no_advantage,True,no_advantage,0.19230769230769232,1.4290528217475904,cellbased,nuclear receptor
TOX21_PR_BLA_Antagonist_ratio,184,48,136,0.3968290441176471,0.2183166353591708,0.7227328431372549,0.5727797928295503,0.32590379901960786,0.19505277768022086,0.4485014226359404,0.000999000999000999,5.040545501068003,2.9151099714102778e-05,0.0004761346286636787,morphology_advantage,True,morphology_advantage,0.004450095359186269,1.2539983281091585,184,48,136,0.47449448529411764,0.2837774319999686,0.5205269607843137,0.28505861451561854,0.04603247549019607,-0.07178687125080034,0.17574409843524283,0.23676323676323677,0.7289754078538138,0.3049868878611204,0.5068117891656077,no_advantage,True,no_advantage,0.40004822763443454,1.4290528217475904,cellbased,nuclear receptor
TOX21_PXR_agonist,184,47,137,0.4103121602733344,0.22133851828191664,0.7117564839260755,0.4429401215142512,0.3014443236527411,0.1698188873341625,0.42107866455250176,0.000999000999000999,4.702861945549776,8.83138084974086e-05,0.0010818441540932553,morphology_advantage,True,morphology_advantage,0.004450095359186269,1.2539983281091585,184,47,137,0.49666097220065225,0.28003807546649184,0.5963658953253611,0.4131104747635888,0.09970492312470886,-0.0621815358240678,0.2554243078149208,0.10989010989010989,1.2305696753446493,0.19458911640283144,0.46566718469895196,no_advantage,True,no_advantage,0.25641025641025644,1.4290528217475904,cellbased,nuclear receptor
TOX21_AR_BLA_Antagonist_ratio,197,27,170,0.5730936819172113,0.20668421212785892,0.8028322440087146,0.4564663621624028,0.22973856209150323,0.08433939571997383,0.39139597414747773,0.003996003996003996,2.9328751946437914,0.009672399853314476,0.033345674031933746,morphology_advantage,True,morphology_advantage,0.013053613053613054,1.2539983281091585,197,27,170,0.5618736383442265,0.18887551882625148,0.647276688453159,0.25911288399077115,0.08540305010893245,-0.04706434325487953,0.22859627790510137,0.0899100899100899,1.2144418959758487,0.19771176185313316,0.46566718469895196,no_advantage,True,no_advantage,0.25641025641025644,1.4290528217475904,cellbased,nuclear receptor
TOX21_AR_LUC_MDAKB2_Antagonist_10nM_R1881,197,15,182,0.6265567765567766,0.11057442249385963,0.6505494505494506,0.14729531090342152,0.02399267399267402,-0.1481499238560702,0.19648918787373104,0.37362637362637363,0.2728928649644675,0.41386329952451195,0.47161166690002526,no_advantage,True,no_advantage,0.4257602862254025,1.2539983281091585,197,15,182,0.7767399267399268,0.40571424432818054,0.7238095238095238,0.20391617688053276,-0.052930402930402964,-0.2385578547297297,0.15095621720621716,0.6883116883116883,-0.5326723305962819,0.6453308890246312,0.718663944595612,no_advantage,True,no_advantage,0.7665289256198348,1.4290528217475904,cellbased,nuclear receptor
TOX21_Aromatase_Inhibition,197,16,181,0.5502417127071824,0.10955970712316511,0.7748618784530387,0.34264822181403587,0.2246201657458563,0.0699868675833737,0.36866796020026416,0.004995004995004995,2.9479431367997844,0.00936566942873807,0.033345674031933746,morphology_advantage,True,morphology_advantage,0.015297202797202798,1.2539983281091585,197,16,181,0.7292817679558011,0.2646164352987548,0.7776243093922652,0.2707305436360959,0.048342541436464104,-0.07693627450980398,0.1782234888519805,0.2087912087912088,0.7426691390180892,0.3016386879395353,0.5068117891656077,no_advantage,True,no_advantage,0.378917378917379,1.4290528217475904,cellbased,cyp
TOX21_ERa_LUC_VM7_Agonist,197,17,180,0.5137254901960784,0.1017146375976564,0.5666666666666667,0.20351938269961156,0.05294117647058827,-0.1493256695489102,0.24522842148540472,0.3016983016983017,0.5259750303335503,0.33744788896161027,0.3936892037885453,no_advantage,True,no_advantage,0.351981351981352,1.2539983281091585,197,17,180,0.4619281045751634,0.09017110923389139,0.45359477124183006,0.07815470018090666,-0.00833333333333336,-0.16576799608049606,0.14385198366816015,0.5464535464535465,-0.10550374266281033,0.5294262737320773,0.6485471853217947,no_advantage,True,no_advantage,0.6816433566433566,1.4290528217475904,cellbased,nuclear receptor
TOX21_ERa_LUC_VM7_Antagonist_0.5nM_E2,197,17,180,0.5993464052287582,0.17477247901566184,0.7369281045751634,0.23223137374446284,0.1375816993464053,-0.03318890412790414,0.3071533512248829,0.06893106893106893,1.5846118049506528,0.10317829503956716,0.1630882728044771,no_advantage,True,no_advantage,0.10895556056846378,1.2539983281091585,197,17,180,0.5044117647058823,0.23299782497501798,0.6310457516339869,0.3136168207097331,0.12663398692810457,-0.09552296272774191,0.3515283189090793,0.14085914085914086,1.1103784543321744,0.21857847445052847,0.46566718469895196,no_advantage,True,no_advantage,0.2875874125874126,1.4290528217475904,cellbased,nuclear receptor
TOX21_GR_BLA_Antagonist_ratio,197,17,180,0.4803921568627451,0.09086586102827604,0.6366013071895424,0.23045058708953572,0.15620915032679733,-0.03765072709685879,0.32881514547267293,0.055944055944055944,1.6709021714049002,0.09135459632820664,0.14921250733607083,no_advantage,True,no_advantage,0.09137529137529138,1.2539983281091585,197,17,180,0.579248366013072,0.14030515781838393,0.7794117647058824,0.2624639529890662,0.2001633986928104,0.026313346259421666,0.3685065946268009,0.014985014985014986,2.292932764905797,0.05430059272446022,0.2956365603887279,no_advantage,True,no_advantage,0.08158508158508158,1.4290528217475904,cellbased,nuclear receptor
TOX21_MMP_ratio,197,28,169,0.4528740490278952,0.12532296885332658,0.5437447168216399,0.2135559597996488,0.09087066779374475,-0.08527271543868786,0.26843220396297696,0.15584415584415584,1.0070724367248416,0.21096160761344918,0.27202944139628976,no_advantage,True,no_advantage,0.20095693779904306,1.2539983281091585,197,28,169,0.6897717666948436,0.2903474317205162,0.46893491124260356,0.17704833174577547,-0.22083685545224008,-0.3754801039812268,-0.067173259854181,0.999000999000999,-2.8078019985909526,0.9752812649663174,0.9752812649663174,no_advantage,True,no_advantage,0.999000999000999,1.4290528217475904,cellbased,cell morphology
cell_type__HepG2,201,61,140,0.648360655737705,0.5349348808782838,0.8078454332552694,0.7263195999216374,0.1594847775175644,0.06892635064200921,0.25171356996445665,0.000999000999000999,3.420199985984996,0.003191433441241362,0.014216385329166067,morphology_advantage,True,morphology_advantage,0.004450095359186269,1.2539983281091585,201,61,140,0.7637002341920375,0.6491317779117479,0.8459016393442623,0.7715119421411976,0.08220140515222485,0.02228141685736087,0.14410458457404912,0.003996003996003996,2.645010762196835,0.0320931336382912,0.2246519354680384,no_advantage,True,morphology_advantage,0.03263403263403263,1.4290528217475904,cytotox,cytotoxicity
cell_type__HEK293T,200,44,156,0.6460518648018648,0.4387947342734111,0.8409090909090909,0.5519810070070531,0.1948572261072261,0.09855921532959627,0.2950222902097902,0.000999000999000999,3.8878873146306967,0.0009663209777516357,0.00591871598872877,morphology_advantage,True,morphology_advantage,0.004450095359186269,1.2539983281091585,200,44,156,0.7738927738927739,0.5244930710951954,0.7702505827505828,0.5592055688883909,-0.003642191142191109,-0.08661442723942721,0.07277809024769154,0.5564435564435565,-0.08957212838288166,0.5249890866718563,0.6485471853217947,no_advantage,True,no_advantage,0.6816433566433566,1.4290528217475904,cytotox,cytotoxicity
cell_type__HEK293,184,73,111,0.6027397260273972,0.5650674559013564,0.8284585955818833,0.8085170918589203,0.22571886955448606,0.14262142940595338,0.3075789164917981,0.000999000999000999,5.36381665680032,9.455654616613991e-06,0.0002316635381070428,morphology_advantage,True,morphology_advantage,0.004450095359186269,1.2539983281091585,184,73,111,0.6571023077872393,0.6085687826426551,0.7091200789830927,0.6941874129341432,0.05201777119585338,-0.02704158227819807,0.13091095922586063,0.0979020979020979,1.2909315409969497,0.18317070117374395,0.46566718469895196,no_advantage,True,no_advantage,0.25641025641025644,1.4290528217475904,cytotox,cytotoxicity
cell_type__HeLa,200,25,175,0.7048,0.24431292294091267,0.7590857142857143,0.3658831621819637,0.05428571428571427,-0.0971494519857752,0.20778015613599876,0.25074925074925075,0.6978531626997371,0.2889337043535108,0.3630192695723597,no_advantage,True,no_advantage,0.31504393042854584,1.2539983281091585,200,25,175,0.6596571428571428,0.2471150808188844,0.6678857142857143,0.4772028807659544,0.008228571428571474,-0.1497567955033473,0.16719933712121215,0.46253746253746253,0.10176615696237203,0.4716143909350543,0.6468939297120849,no_advantage,True,no_advantage,0.6295648795648795,1.4290528217475904,cytotox,cytotoxicity
cell_type__HCT116,200,26,174,0.5361405835543767,0.3015582892289108,0.8483642793987621,0.5780934014254145,0.3122236958443855,0.1534469190845596,0.468179802955665,0.000999000999000999,3.888676621744805,0.0009642692410211483,0.00591871598872877,morphology_advantage,True,morphology_advantage,0.004450095359186269,1.2539983281091585,200,26,174,0.629973474801061,0.338646600214039,0.7440318302387268,0.5258604695230084,0.11405835543766574,0.0045011416211019496,0.22408467532467533,0.024975024975024976,2.0361296385621577,0.0771059756449366,0.3778192806601893,no_advantage,True,no_advantage,0.12237762237762238,1.4290528217475904,cytotox,cytotoxicity
cell_type__ME-180,184,47,137,0.6700574623388725,0.39992939570811464,0.8198478024537972,0.5792172719884545,0.14979034011492465,0.04903487287682967,0.2509810332583738,0.001998001998001998,2.90754400696037,0.010207859397530739,0.033345674031933746,morphology_advantage,True,morphology_advantage,0.008158508158508158,1.2539983281091585,184,47,137,0.6518092871563907,0.4575782386540862,0.765180928715639,0.6026051640440954,0.11337164155924828,0.03560692286073482,0.19920482460661038,0.004995004995004995,2.716469266484739,0.02865834640334139,0.2246519354680384,no_advantage,True,morphology_advantage,0.03496503496503497,1.4290528217475904,cytotox,cytotoxicity
cell_type__MDA-kb2,200,41,159,0.6310783862555607,0.29308642807497315,0.7873907040957202,0.47359308877207806,0.15631231784015953,0.04111778141489161,0.28814653386939565,0.005994005994005994,2.480411795624437,0.023964213770938613,0.06180244604084169,no_advantage,True,morphology_advantage,0.015458225984541775,1.2539983281091585,200,41,159,0.7317073170731707,0.46033400131565005,0.786470317533364,0.5665503117438258,0.054763000460193334,-0.026453723473084906,0.14180872523181834,0.08591408591408592,1.2757868467991054,0.18599554509498017,0.46566718469895196,no_advantage,True,no_advantage,0.25641025641025644,1.4290528217475904,cytotox,cytotoxicity
cell_type__T47D,52,16,36,0.4288194444444444,0.27059284845859355,0.6440972222222222,0.474393867898938,0.2152777777777778,-0.016946557284684537,0.4414558255734726,0.03696303696303696,1.8409009648407688,0.07104870860657884,0.13925546886889453,no_advantage,True,no_advantage,0.06889406889406889,1.2539983281091585,52,16,36,0.5763888888888888,0.3733748431483643,0.5416666666666666,0.39458463851127495,-0.03472222222222221,-0.23380347593582881,0.14101203529657472,0.6243756243756243,-0.3631349478136117,0.6002942610292906,0.7003433045341725,no_advantage,True,no_advantage,0.7284382284382285,1.4290528217475904,cytotox,cytotoxicity
cell_type__VM7,200,31,169,0.46344722275243366,0.1569109819167443,0.6184386333269708,0.1857986564329831,0.15499141057453714,0.00933919520402077,0.29329501351019405,0.02097902097902098,2.139611625832341,0.04398247985791427,0.09796097786535451,no_advantage,True,morphology_advantage,0.04895104895104895,1.2539983281091585,200,31,169,0.6350448558885283,0.27218542106914195,0.7247566329452185,0.3075087389508752,0.0897117770566902,-0.015597897802053985,0.18372521275250805,0.04595404595404595,1.764289679384741,0.10849217129462557,0.4430096994530544,no_advantage,True,no_advantage,0.17697686928456158,1.4290528217475904,cytotox,cytotoxicity
cell_type__ERR-HEK293T,184,53,131,0.6697393057756014,0.5231341985889554,0.7947573095203803,0.6898833571797794,0.1250180037447789,0.03491272574840067,0.21638089816156864,0.003996003996003996,2.7005373276559386,0.015638076640305747,0.04789160971093635,morphology_advantage,True,morphology_advantage,0.013053613053613054,1.2539983281091585,184,53,131,0.6946564885496184,0.47351717213558764,0.8431513754861011,0.6085012950565627,0.14849488693648272,0.06895919176010848,0.22697119626963927,0.000999000999000999,3.6838293835076503,0.004971405120222604,0.06089971272272691,no_advantage,True,morphology_advantage,0.012237762237762238,1.4290528217475904,cytotox,cytotoxicity
cell_type__PGC/ERR_HEK293T,184,52,132,0.6906322843822844,0.5406248877744059,0.8142482517482518,0.637495578648078,0.12361596736596736,0.025299767396782302,0.21675227930611904,0.005994005994005994,2.530996782922389,0.02177785718521752,0.06134549827817751,no_advantage,True,morphology_advantage,0.015458225984541775,1.2539983281091585,184,52,132,0.7019230769230769,0.4530634580947134,0.7766608391608392,0.5733033100726894,0.0747377622377623,-0.0018589194224270982,0.15001979841724816,0.029970029970029972,1.928951277837397,0.08853830107843613,0.3943978866221246,no_advantage,True,no_advantage,0.13350286077558807,1.4290528217475904,cytotox,cytotoxicity
cell_type__PR-UAS-bla-HEK293T,184,38,146,0.5498377793799567,0.22984337637333244,0.750901225666907,0.5108948664827804,0.20106344628695028,0.07449493215118216,0.3208356327773129,0.002997002997002997,3.199447882032647,0.005364597818317552,0.021905441091463338,morphology_advantage,True,morphology_advantage,0.011296395911780527,1.2539983281091585,184,38,146,0.731705118961788,0.4971733694253626,0.678082191780822,0.44426516957975803,-0.05362292718096606,-0.16257082172100157,0.06134037533737552,0.8151848151848152,-0.9387561518141859,0.7443799452092645,0.7929264633750861,no_advantage,True,no_advantage,0.8876456876456876,1.4290528217475904,cytotox,cytotoxicity
cell_type__MCF7,197,42,155,0.5776497695852535,0.3216285328726555,0.685099846390169,0.42006754839517557,0.10745007680491547,-0.0027409184086571643,0.23066106049387794,0.030969030969030968,1.8045972302815116,0.07506468390387169,0.1408865793719868,no_advantage,True,no_advantage,0.06265734265734266,1.2539983281091585,197,42,155,0.6070660522273426,0.3744420002413271,0.8044546850998464,0.4863040198502951,0.19738863287250386,0.0994926822403603,0.29690944945664044,0.000999000999000999,3.919369361524224,0.003047425550078811,0.06089971272272691,no_advantage,True,morphology_advantage,0.012237762237762238,1.4290528217475904,cytotox,cytotoxicity
tissue__liver,201,61,140,0.648360655737705,0.5349348808782838,0.8078454332552694,0.7263195999216374,0.1594847775175644,0.06892635064200921,0.25171356996445665,0.000999000999000999,3.420199985984996,0.003191433441241362,0.014216385329166067,morphology_advantage,True,morphology_advantage,0.004450095359186269,1.2539983281091585,201,61,140,0.7637002341920375,0.6491317779117479,0.8459016393442623,0.7715119421411976,0.08220140515222485,0.02228141685736087,0.14410458457404912,0.003996003996003996,2.645010762196835,0.0320931336382912,0.2246519354680384,no_advantage,True,morphology_advantage,0.03263403263403263,1.4290528217475904,cytotox,cytotoxicity
tissue__kidney,200,49,151,0.6514393837005,0.44285179933031654,0.8383565346668469,0.6453914488615952,0.18691715096634687,0.10053770627930612,0.2846711668428597,0.000999000999000999,3.979188635844481,0.0007538407669620143,0.00591871598872877,morphology_advantage,True,morphology_advantage,0.004450095359186269,1.2539983281091585,200,49,151,0.7242194891201513,0.5631252222055186,0.783349101229896,0.5957968718708958,0.059129612109744656,-0.027870163690476204,0.15309523809523812,0.09090909090909091,1.2808184318712381,0.18505405352631743,0.46566718469895196,no_advantage,True,no_advantage,0.25641025641025644,1.4290528217475904,cytotox,cytotoxicity
tissue__cervix,200,34,166,0.6694720056697377,0.25746772318413214,0.6731041814316088,0.31811126641622434,0.003632175761871026,-0.12433607338284147,0.14894356839121184,0.4565434565434565,0.05209999316982195,0.48342987268254967,0.5383650854873848,no_advantage,True,no_advantage,0.5084233947870311,1.2539983281091585,200,34,166,0.6822289156626506,0.30854000343461635,0.734053862508859,0.41491469791934105,0.05182494684620831,-0.03902743707066326,0.1390276387150605,0.12087912087912088,1.1409394500241032,0.21232251479066827,0.46566718469895196,no_advantage,True,no_advantage,0.2692307692307692,1.4290528217475904,cytotox,cytotoxicity
tissue__intestinal,197,34,163,0.5430350054132083,0.28125691677441034,0.8282208588957055,0.6156549494779409,0.28518585348249725,0.13164214694978085,0.43609706970987455,0.000999000999000999,3.671834247695298,0.0017051940684366393,0.00928383437259948,morphology_advantage,True,morphology_advantage,0.004450095359186269,1.2539983281091585,197,34,163,0.6309996391194514,0.3496132479006521,0.6750270660411404,0.38640132330413424,0.04402742692168893,-0.06384412026644261,0.14573278480520224,0.1998001998001998,0.8234893224484037,0.28222366625992334,0.5068117891656077,no_advantage,True,no_advantage,0.3765465303926842,1.4290528217475904,cytotox,cytotoxicity
tissue__breast,200,41,159,0.6000153397760393,0.2895490871105216,0.7205092805645038,0.36083430364807445,0.12049394078846454,-0.014939819891163076,0.2552970590728028,0.03796203796203796,1.7478279579672975,0.08168839126332933,0.14295468471082634,no_advantage,True,no_advantage,0.06889406889406889,1.2539983281091585,200,41,159,0.6935112747353889,0.38487077299263506,0.7746586899831263,0.43155685093372026,0.08114741524773739,-0.016915115405033144,0.1768650101066233,0.04695304695304695,1.6415100584610702,0.12534604704365793,0.46566718469895196,no_advantage,True,no_advantage,0.17697686928456158,1.4290528217475904,cytotox,cytotoxicity
MT,327,148,179,0.5790616035029443,0.5613914230388891,0.7868035633398762,0.7555598848974094,0.2077419598369319,0.1380330191490449,0.2719771346769702,0.000999000999000999,6.079651367512958,6.228920677534144e-07,3.052171131991731e-05,morphology_advantage,True,morphology_advantage,0.004450095359186269,1.2539983281091585,327,148,179,0.8124905631888872,0.823752495519809,0.9220519402083648,0.9257751439229981,0.10956137701947755,0.066365064126516,0.1549814003026958,0.000999000999000999,4.846428187274227,0.0003477373186556213,0.017039128614125446,morphology_advantage,True,morphology_advantage,0.012237762237762238,1.4290528217475904,native,native readout
LDH,327,43,284,0.7828365542089748,0.45921886379133975,0.8490009826400262,0.5770769445041841,0.06616442843105141,0.00528113799283151,0.12213326630707912,0.02197802197802198,2.2195555986227693,0.038364994615477495,0.08951832076944749,no_advantage,True,morphology_advantage,0.04895104895104895,1.2539983281091585,327,43,284,0.920815591221749,0.6149071597826514,0.9469374385849983,0.8554722591926646,0.026121847363249295,-0.014827248595911948,0.06732400313183705,0.1048951048951049,1.2464297102893676,0.1915477620563067,0.46566718469895196,no_advantage,True,no_advantage,0.25641025641025644,1.4290528217475904,native,native readout
cell_count,327,75,252,0.6900793650793651,0.4313493179931047,0.8774074074074074,0.7171079328744421,0.18732804232804234,0.12058759501453162,0.25971324063157303,0.000999000999000999,,,,positive_control,True,positive_control,,1.2539983281091585,327,75,252,0.9613756613756613,0.8960316606174893,0.9825925925925926,0.9588764676125899,0.021216931216931245,0.005990805686923914,0.03856412646924694,0.000999000999000999,,,,positive_control,True,positive_control,,1.4290528217475904,native,native readout
