endpoint_id,n_samples,n_active,n_inactive,baseline_AUROC,baseline_PRAUC,full_AUROC,full_PRAUC,delta_AUROC,delta_ci_lo,delta_ci_hi,bootstrap_p,z
tissue__liver__perm0,201,61,140,0.4676814988290398,0.28886459790919644,0.4297423887587822,0.2899987381886624,-0.03793911007025763,-0.1533966206151533,0.08109695474635345,0.7562437562437563,-0.634211746015698
cell_type__HEK293__perm1,184,73,111,0.4577317043070468,0.36664129150071606,0.6087868690608417,0.5307129738846812,0.15105516475379488,0.029847440168860737,0.2696837142550566,0.006993006993006993,2.468873284990272
TOX21_ERa_LUC_VM7_Agonist__perm2,197,17,180,0.5408496732026143,0.12759509534477903,0.4150326797385621,0.07802644883664792,-0.12581699346405223,-0.3090651153905489,0.04229071582993028,0.9240759240759241,-1.403686837478646
TOX21_AR_LUC_MDAKB2_Antagonist_0.5nM_R1881__perm3,184,35,149,0.5674976030680728,0.24066140641259576,0.4527325023969319,0.18006795765208922,-0.11476510067114093,-0.2712060312837838,0.05141637612289676,0.926073926073926,-1.3944193621261427
TOX21_CAR_Agonist__perm4,184,16,168,0.41257440476190477,0.08075003039110545,0.6261160714285714,0.23733810107786543,0.21354166666666663,-0.07067086648983195,0.47011078998073214,0.07492507492507493,1.5478852662948943
ATG_PXRE_CIS__perm5,71,39,32,0.4635416666666667,0.5475164509359941,0.2724358974358974,0.4294624572463128,-0.19110576923076927,-0.3388215742359235,-0.024381449343339617,0.99000999000999,-2.3823958727440995
ATG_VDRE_CIS__perm6,71,19,52,0.6002024291497976,0.37066768962157925,0.5263157894736842,0.3648779986416379,-0.07388663967611342,-0.28666625289639197,0.14775568181818177,0.7332667332667333,-0.6667027710803839
ATG_ERE_CIS__perm7,71,21,50,0.5642857142857143,0.3625419674151844,0.2638095238095238,0.20985539676980147,-0.30047619047619045,-0.46571454339311485,-0.11119219367588945,0.998001998001998,-3.3223435231105363
TOX21_p53_BLA_p1_ratio__perm8,197,17,180,0.38300653594771245,0.10308024545775626,0.7643790849673202,0.28323457615283787,0.38137254901960776,0.18712233543593226,0.5482350733086028,0.002997002997002997,4.139851012014033
cell_type__PR-UAS-bla-HEK293T__perm9,184,38,146,0.4116798846431146,0.19245656921539056,0.41276135544340303,0.19791479296555303,0.00108147080028842,-0.1461855811403509,0.14237411974741296,0.4975024975024975,0.0146911978983575
cell_type__HeLa__perm10,200,25,175,0.5298285714285714,0.15571247941599467,0.4153142857142857,0.10435810407444038,-0.11451428571428574,-0.2710444503159805,0.05478808953574055,0.9090909090909091,-1.3776639840075742
tissue__intestinal__perm11,197,34,163,0.4871887405268856,0.18869911597663752,0.4038253338145074,0.14071354989205948,-0.08336340671237819,-0.2550061555862236,0.09119352827050997,0.8311688311688312,-0.9439019369020241
TOX21_ERa_LUC_VM7_Agonist__perm12,197,17,180,0.4294117647058823,0.07764053966743024,0.4320261437908497,0.08755020324781045,0.0026143790849673665,-0.23614129486105287,0.2406958154839511,0.5334665334665335,0.021491988680082254
cell_type__HEK293T__perm13,200,44,156,0.6244900932400932,0.31269303350270566,0.5007284382284383,0.30524712738742216,-0.12376165501165493,-0.2646974998034437,0.015244208877121626,0.957042957042957,-1.732992125728947
LDH__perm14,327,43,284,0.5378725843432689,0.1655153899331382,0.46437929905011466,0.12278988379716728,-0.07349328529315424,-0.2064105753043579,0.055107090727076764,0.8651348651348651,-1.1016020110778866
cell_type__T47D__perm15,52,16,36,0.3298611111111111,0.23785031484322802,0.4861111111111111,0.3830531436364663,0.15625,-0.07910042032163744,0.3951739028944909,0.10989010989010989,1.2914229592836022
cell_type__HEK293__perm16,184,73,111,0.5107367641614217,0.4243920528962286,0.5521411822781686,0.47941136460451805,0.04140441811674689,-0.0749767815503216,0.16573526843192798,0.23576423576423577,0.6742592982424925
TOX21_GR_BLA_Antagonist_ratio__perm17,197,17,180,0.432843137254902,0.09259819707829611,0.4673202614379085,0.08489400054973972,0.034477124183006524,-0.15635237793041662,0.22874950230928484,0.33966033966033965,0.3509404949161075
TOX21_GR_BLA_Antagonist_ratio__perm18,197,17,180,0.35228758169934643,0.06888196903002405,0.39738562091503266,0.07645525855562874,0.045098039215686225,-0.18072620821801152,0.2888425645682,0.34665334665334663,0.37647534698213964
tissue__breast__perm19,200,41,159,0.5811474152477374,0.24855572933017958,0.49087283325663444,0.19766286296346725,-0.09027458199110294,-0.21641626979845774,0.029206373054029323,0.922077922077922,-1.4407053744134772
TOX21_AR_LUC_MDAKB2_Antagonist_0.5nM_R1881__perm20,184,35,149,0.5271332694151486,0.2550382260603538,0.4314477468839885,0.1680107702901441,-0.09568552253116008,-0.243720819065483,0.0535317286879786,0.8951048951048951,-1.2618238659323902
cell_type__PR-UAS-bla-HEK293T__perm21,184,38,146,0.4075342465753425,0.16832533684095116,0.5064888248017304,0.24902436833656771,0.09895457822638792,-0.047224134925477126,0.243624366554054,0.0939060939060939,1.333666221227229
cell_type__HCT116__perm22,200,26,174,0.44396551724137934,0.1219814029258999,0.5287356321839081,0.1623741128256597,0.08477011494252873,-0.08175563250498895,0.24668591369240345,0.14385614385614387,1.0117256813994226
ATG_ERE_CIS__perm23,71,21,50,0.49714285714285716,0.3170719748090467,0.4666666666666667,0.3564393098068657,-0.03047619047619049,-0.28513027852650497,0.20949493394536484,0.6093906093906094,-0.24152523844050225
TOX21_ERb_BLA_Antagonist_ratio__perm24,184,22,162,0.553030303030303,0.15551938622436662,0.3330527497194164,0.08874803996457624,-0.2199775533108866,-0.37321893601190476,-0.025985761226725145,0.988011988011988,-2.483334638541689
tissue__liver__perm25,201,61,140,0.47511709601873536,0.2898440099863885,0.4309133489461358,0.2748502552643729,-0.04420374707259955,-0.15792265350811405,0.07599715408048739,0.7612387612387612,-0.7407474708578056
TOX21_GR_BLA_Antagonist_ratio__perm26,197,17,180,0.50359477124183,0.09986005184213106,0.5,0.14702458669465626,-0.0035947712418300526,-0.2065114599383667,0.21357352075311914,0.4885114885114885,-0.03354379492751523
ATG_NRF2_ARE_CIS__perm27,71,19,52,0.4979757085020243,0.2788057184814497,0.5931174089068826,0.3506341549086218,0.09514170040485831,-0.07447594819611465,0.2712671624713959,0.1258741258741259,1.078687047920002
cell_type__ERR-HEK293T__perm28,184,53,131,0.6213452398098804,0.3440389122004379,0.52470113783667,0.3188527846222504,-0.09664410197321038,-0.21898970079152513,0.013940722950070325,0.955044955044955,-1.6263994856245643
cell_type__T47D__perm29,52,16,36,0.6059027777777778,0.41151802150864103,0.4635416666666667,0.3771407073463213,-0.1423611111111111,-0.3668936965811965,0.09228378851540615,0.8891108891108891,-1.2153150441123064
tissue__liver__perm30,201,61,140,0.5977166276346604,0.4098544223896855,0.45936768149882906,0.2883015034701094,-0.13834894613583132,-0.24040076054573767,-0.02722708707609536,0.997002997002997,-2.544019150683574
TOX21_p53_BLA_p1_ratio__perm31,197,17,180,0.39166666666666666,0.07104009760963312,0.38594771241830067,0.06884522970679413,-0.005718954248365993,-0.17432519057519058,0.14557007951200596,0.5274725274725275,-0.07007883824846231
BSK_3C_Proliferation__perm32,40,20,20,0.3575,0.4186963819803194,0.5075,0.4997052726243903,0.14999999999999997,-0.04803030303030306,0.35203838383838376,0.07792207792207792,1.4697206237312785
tissue__kidney__perm33,200,49,151,0.5399378294364103,0.2744170063984557,0.41383970806865794,0.20512235229485906,-0.1260981213677524,-0.25299002322635133,0.01335265015193533,0.9660339660339661,-1.855863164648808
ATG_NRF2_ARE_CIS__perm34,71,19,52,0.5253036437246964,0.2802471538185415,0.45040485829959515,0.26412152700034575,-0.07489878542510126,-0.26629554655870447,0.10798788383277842,0.7672327672327672,-0.7844265129416944
TOX21_GR_BLA_Antagonist_ratio__perm35,197,17,180,0.5640522875816993,0.12043705864976835,0.6225490196078431,0.20230068726098607,0.058496732026143805,-0.13227718171834077,0.2429874904507257,0.2907092907092907,0.611043337632568
BSK_3C_Proliferation__perm36,40,20,20,0.4325,0.5059757289510378,0.5375,0.55598918142112,0.10499999999999998,-0.15291116047695,0.3734411787043366,0.1838161838161838,0.7819713324352474
TOX21_AP1_BLA_Agonist_ratio__perm37,184,15,169,0.6043392504930967,0.20447290982799732,0.539250493096647,0.14454526902005255,-0.0650887573964497,-0.33445950849975614,0.19582109570801995,0.6973026973026973,-0.48114760483221314
TOX21_Aromatase_Inhibition__perm38,197,16,181,0.5849447513812155,0.11305393085504034,0.5818370165745856,0.12910906483419796,-0.003107734806629847,-0.25840400541487496,0.2444215193408741,0.5134865134865135,-0.024227283789939782
TOX21_PXR_agonist__perm39,184,47,137,0.5720608790184811,0.30629777340357695,0.5570740798260599,0.2745875762046318,-0.014986799192421185,-0.1317146508287187,0.10163309800664445,0.6053946053946054,-0.25175804814040803
TOX21_PR_BLA_Antagonist_ratio__perm40,184,48,136,0.5166973039215687,0.31344148791128346,0.4806985294117647,0.28596855845103963,-0.03599877450980393,-0.17777873796451024,0.10145628956475583,0.7002997002997003,-0.5053542365915286
ATG_NRF2_ARE_CIS__perm41,71,19,52,0.5344129554655871,0.32039847549291084,0.6487854251012146,0.5166135549885382,0.11437246963562753,-0.11937495304635269,0.34587817583173625,0.17882117882117882,0.963629943198777
ATG_ERE_CIS__perm42,71,21,50,0.4419047619047619,0.3457792302691316,0.4857142857142857,0.38872578602855623,0.0438095238095238,-0.12395178197064989,0.20305008445025607,0.30569430569430567,0.5251657457715352
BSK_SAg_Proliferation__perm43,40,15,25,0.4693333333333333,0.3943355704129199,0.32266666666666666,0.29478532525602025,-0.14666666666666667,-0.3833407928388747,0.0824083468614717,0.8821178821178821,-1.2344043699216
ATG_ERE_CIS__perm44,71,21,50,0.5142857142857142,0.29008338090649266,0.4714285714285714,0.3445449376260896,-0.042857142857142816,-0.25795811096797944,0.16249565492986542,0.6743256743256744,-0.3995609693897505
cell_type__HCT116__perm45,200,26,174,0.5551503094606542,0.1865958797002107,0.39920424403183025,0.10608016738963091,-0.155946065428824,-0.2790888698414808,-0.03256709883287837,0.99000999000999,-2.479689099519522
TOX21_ERa_LUC_VM7_Antagonist_0.5nM_E2__perm46,197,17,180,0.32009803921568625,0.06397693694734234,0.5212418300653595,0.09407106361456971,0.20114379084967327,0.022954042434437254,0.35402179987175525,0.014985014985014986,2.381594583178524
cell_type__HeLa__perm47,200,25,175,0.5190857142857143,0.1572492173267151,0.42742857142857144,0.11223808475480399,-0.09165714285714283,-0.27219414796482544,0.07897107275573904,0.8531468531468531,-1.0231349219278592
TOX21_p53_BLA_p5_ratio__perm48,197,16,181,0.5738950276243094,0.11156233756906238,0.5676795580110497,0.112927161784496,-0.006215469613259694,-0.21558399432040737,0.20960465064936845,0.5104895104895105,-0.05730207910866895
cell_type__HEK293T__perm49,200,44,156,0.5520104895104895,0.2430475153573672,0.46634615384615385,0.21523826237733898,-0.08566433566433562,-0.21601965862943134,0.04710820056792383,0.8881118881118881,-1.2761781629522075
cell_type__ERR-HEK293T__perm50,184,53,131,0.49351865187959093,0.30314239898285666,0.3932017859714821,0.2622856360481137,-0.10031686590810884,-0.2435161844369833,0.02879919337137841,0.9330669330669331,-1.4440421789994358
TOX21_ERb_BLA_Antagonist_ratio__perm51,184,22,162,0.6397306397306397,0.18912079733672818,0.5645342312008979,0.14568078488652644,-0.07519640852974185,-0.20527154253647825,0.06555549119555125,0.8611388611388612,-1.088386573649178
TOX21_AR_LUC_MDAKB2_Antagonist_10nM_R1881__perm52,197,15,182,0.4749084249084249,0.10041440326665255,0.42344322344322344,0.0716264023813074,-0.05146520146520145,-0.3353670730587317,0.22586093473029073,0.6253746253746254,-0.3594615404955387
cell_count__perm53,327,75,252,0.48843915343915345,0.2271801024075714,0.4235978835978836,0.2080567016705665,-0.06484126984126987,-0.1704679406850459,0.04368998727260887,0.8821178821178821,-1.1868489372786923
cell_type__PR-UAS-bla-HEK293T__perm54,184,38,146,0.49224945926459984,0.20296692032369967,0.4289834174477289,0.21207990011251668,-0.06326604181687095,-0.20921550094517957,0.08839331400307007,0.8221778221778222,-0.8333030350940616
cell_count__perm55,327,75,252,0.518994708994709,0.2424980936808736,0.5261375661375661,0.2809714088409996,0.0071428571428571175,-0.09820378824534831,0.10482880083054687,0.46253746253746253,0.13790636193788175
TOX21_PGC_ERR_Antagonist__perm56,184,18,166,0.41750334672021416,0.08681271575344142,0.464524765729585,0.09609578871612626,0.047021419009370846,-0.163054152637486,0.2707450781502145,0.34965034965034963,0.42489834903550294
cell_type__ME-180__perm57,184,47,137,0.4522441372883988,0.2302312087983298,0.5646839571362012,0.32147120208054075,0.11243981984780244,-0.01461558672425131,0.22416154013272174,0.03796203796203796,1.8458886910066907
MT__perm58,327,148,179,0.48288162464140116,0.44967922964833723,0.3962328250037747,0.3758287629643935,-0.08664879963762645,-0.17661990020128773,-0.002683312059575019,0.9790209790209791,-1.9527637025350317
cell_type__HeLa__perm59,200,25,175,0.34354285714285715,0.10082900853282475,0.49028571428571427,0.14121816962362,0.14674285714285712,-0.016166875066042096,0.291549664556458,0.04195804195804196,1.8693224459756201
tissue__liver__perm60,201,61,140,0.5625878220140516,0.3530890165524191,0.6040983606557377,0.44429242077723646,0.04151053864168619,-0.08559846365686535,0.15780385040397493,0.2647352647352647,0.6685159232954333
cell_type__ME-180__perm61,184,47,137,0.5784283273800279,0.2875841606009407,0.46560024848578974,0.26175132202338003,-0.11282807889423818,-0.24243638230862685,0.01413062932007329,0.961038961038961,-1.7238301324715553
cell_type__MDA-kb2__perm62,200,41,159,0.45390397300199414,0.1791391066801591,0.529222273354809,0.2398777920203492,0.07531830035281484,-0.0554090605934477,0.21233131096529306,0.12887112887112886,1.10271870000985
TOX21_ERb_BLA_Antagonist_ratio__perm63,184,22,162,0.404320987654321,0.15910885309658596,0.44725028058361394,0.112009960096535,0.04292929292929293,-0.13831047015291809,0.22362633323365227,0.3096903096903097,0.4649423208670063
tissue__kidney__perm64,200,49,151,0.41302878767401,0.20655613236598228,0.3922151642113799,0.22217734223249075,-0.020813623462630104,-0.16307497401247406,0.11633235185866758,0.6003996003996004,-0.29200345817077034
BSK_SAg_Proliferation__perm65,40,15,25,0.49066666666666664,0.3984800104220394,0.19466666666666665,0.2599665244100069,-0.296,-0.5297657203907203,-0.08584545454545456,0.995004995004995,-2.613754715141654
TOX21_MMP_ratio__perm66,197,28,169,0.4892223161453931,0.15195445713856676,0.49175824175824173,0.1469229287044774,0.002535925612848655,-0.17320011651074044,0.17078871128871126,0.4915084915084915,0.028898164743647085
cell_type__T47D__perm67,52,16,36,0.6015625,0.4230708051938767,0.4548611111111111,0.28220363150576244,-0.1467013888888889,-0.39072265624999997,0.08829462274774778,0.8901098901098901,-1.2004971577385382
tissue__liver__perm68,201,61,140,0.4629976580796253,0.3161244820041465,0.5208430913348946,0.3264327024939594,0.05784543325526931,-0.05764162561576354,0.16293281772234447,0.16183816183816183,1.027997305843303
TOX21_ERa_LUC_VM7_Antagonist_0.5nM_E2__perm69,197,17,180,0.37598039215686274,0.06854314995607434,0.5169934640522876,0.09276301417657032,0.1410130718954249,-0.034363904430814385,0.30161911617793974,0.04595404595404595,1.6452054270104588
TOX21_PGC_ERR_Antagonist__perm70,184,18,166,0.5331325301204819,0.14153344750716507,0.5414993306559571,0.11425526077062616,0.008366800535475227,-0.12224221551882868,0.13572886889667568,0.47652347652347654,0.12713539489797634
TOX21_CAR_Agonist__perm71,184,16,168,0.60546875,0.14370442685044008,0.48549107142857145,0.10184621171809112,-0.11997767857142855,-0.3134453781512605,0.06180147058823507,0.9100899100899101,-1.253318617296738
TOX21_PXR_agonist__perm72,184,47,137,0.4939431588756018,0.2591425842703064,0.45830097841279704,0.24543474803012136,-0.03564218046280476,-0.18851761576168422,0.1034050395646443,0.7062937062937062,-0.4786020496457182
TOX21_Aromatase_Inhibition__perm73,197,16,181,0.4611533149171271,0.0880030863780825,0.280732044198895,0.056249331853608864,-0.18042127071823205,-0.3758697823915215,0.03032248157248153,0.954045954045954,-1.7411419508143409
cell_type__MDA-kb2__perm74,200,41,159,0.5524620340543028,0.22714763288075474,0.5683387022549471,0.2417895990636827,0.01587666820064426,-0.10748924050632912,0.1373418065817164,0.40559440559440557,0.25419732083257446
tissue__cervix__perm75,200,34,166,0.5884124734231042,0.213161488335819,0.42682494684620836,0.15679639575074322,-0.16158752657689585,-0.29417915255139376,-0.030289871418903772,0.991008991008991,-2.400292528598399
ATG_VDRE_CIS__perm76,71,19,52,0.37601214574898784,0.23482902037107567,0.4848178137651822,0.2666519914242027,0.10880566801619435,-0.11539105983302413,0.3288782642876674,0.17682317682317683,0.9600266357789708
tissue__breast__perm77,200,41,159,0.5289921767142199,0.24289583434027584,0.4729252952906888,0.25320421227131684,-0.05606688142353117,-0.184201418500199,0.08009843938237576,0.7932067932067932,-0.8315484545679342
TOX21_ERa_LUC_VM7_Antagonist_0.5nM_E2__perm78,197,17,180,0.5225490196078432,0.10508141030255407,0.5898692810457516,0.12791456739635954,0.06732026143790848,-0.11709214649432044,0.25141770305965216,0.24475524475524477,0.7161018303776107
TOX21_ERR_Antagonist__perm79,184,36,148,0.40080705705705705,0.16400263729681447,0.5082582582582582,0.2129687296780166,0.10745120120120116,-0.03333694070406681,0.24399925466347813,0.06593406593406594,1.5187378324852898
cell_type__HCT116__perm80,200,26,174,0.5509504862953138,0.14380989757505447,0.5919540229885057,0.23664344127286613,0.0410035366931919,-0.10265339312189502,0.19017769999181197,0.3046953046953047,0.5488860826683394
TOX21_MMP_ratio__perm81,197,28,169,0.4459002535925613,0.12401308489538189,0.4353338968723584,0.13491861464734983,-0.010566356720202896,-0.1673527251116966,0.1539601706433102,0.5644355644355644,-0.12890661443321824
TOX21_p53_BLA_p5_ratio__perm82,197,16,181,0.6994129834254144,0.17756853548123144,0.46650552486187846,0.0818095953348582,-0.2329074585635359,-0.41978753378184114,-0.05757934827198585,0.995004995004995,-2.5205959024556694
TOX21_ERa_LUC_VM7_Antagonist_0.1nM_E2__perm83,184,24,160,0.444921875,0.12516892229020507,0.58828125,0.2088046274549014,0.14335937499999996,-0.062469211956336326,0.3420404109133711,0.0989010989010989,1.3892337693682177
cell_type__MDA-kb2__perm84,200,41,159,0.5382727412179782,0.2620523099808682,0.48028838778953825,0.20770270335715485,-0.05798435342843994,-0.1848128439207451,0.06812247630761252,0.8161838161838162,-0.8986269310305472
cell_type__HepG2__perm85,201,61,140,0.547248243559719,0.354721012399954,0.39648711943793913,0.2535660239955827,-0.1507611241217799,-0.2668139788600146,-0.02221928908486112,0.988011988011988,-2.416130752060476
TOX21_ERa_LUC_VM7_Agonist__perm86,197,17,180,0.6080065359477124,0.12359030565097352,0.4892156862745098,0.09302144586638339,-0.11879084967320258,-0.3452399577823307,0.10882072261741461,0.8381618381618382,-1.0255271990691377
TOX21_ERa_LUC_VM7_Antagonist_0.1nM_E2__perm87,184,24,160,0.520703125,0.14472360004344637,0.42109375,0.13490631692083754,-0.09960937500000006,-0.24909269892068275,0.06237665691056583,0.8851148851148851,-1.2536115377480312
cell_type__ERR-HEK293T__perm88,184,53,131,0.5505545153391905,0.3015380234873029,0.47025781362523406,0.3001645758284727,-0.08029670171395648,-0.20420810182625684,0.04983449908742875,0.8721278721278721,-1.2389941223406427
TOX21_ERb_BLA_Antagonist_ratio__perm89,184,22,162,0.39085297418630754,0.11080788809023104,0.4943883277216611,0.12642496128001723,0.10353535353535354,-0.07565539937527889,0.30000414258520247,0.14285714285714285,1.0803695526941415
TOX21_ERa_LUC_VM7_Antagonist_0.1nM_E2__perm90,184,24,160,0.446875,0.11315112198566962,0.4432291666666667,0.11715621982879036,-0.003645833333333348,-0.17383007708665604,0.16409344539613463,0.5234765234765235,-0.04229183000243654
tissue__cervix__perm91,200,34,166,0.5121367824238129,0.2542628532169847,0.5019489723600283,0.20531254348762923,-0.010187810063784553,-0.15368350907490413,0.13970033730988218,0.5634365634365635,-0.1361202479952957
TOX21_AR_LUC_MDAKB2_Antagonist_0.5nM_R1881__perm92,184,35,149,0.5699904122722914,0.2125204862730403,0.5413231064237776,0.21452169291454964,-0.028667305848513847,-0.18041061239384287,0.11769760832260827,0.6333666333666333,-0.3769563100610993
TOX21_p53_BLA_p4_ratio__perm93,197,17,180,0.5197712418300654,0.12186695723270093,0.5117647058823529,0.13515312895992906,-0.008006535947712501,-0.24250051392743344,0.21580351145190427,0.5584415584415584,-0.06848083958779853
cell_type__MDA-kb2__perm94,200,41,159,0.4948611750268446,0.23693906347186877,0.35956435036048473,0.1617348197877471,-0.1352968246663599,-0.254530142965587,-0.012685701335177803,0.988011988011988,-2.1929543128853486
cell_type__HEK293__perm95,184,73,111,0.5688016783907195,0.45030153699576037,0.45970628162408983,0.3794806977185904,-0.10909539676662966,-0.22078810307017543,0.004555386596525803,0.971028971028971,-1.8977521875122267
ATG_PXRE_CIS__perm96,71,39,32,0.5629006410256411,0.5869055459305579,0.44551282051282054,0.5475181372267084,-0.11738782051282054,-0.30834031100478465,0.08097222222222225,0.8851148851148851,-1.1819599042265267
BSK_3C_Proliferation__perm97,40,20,20,0.50125,0.6577939079016666,0.1925,0.37691073885346327,-0.30874999999999997,-0.5338828125,-0.07199028132992329,0.997002997002997,-2.620258368183821
TOX21_PGC_ERR_Antagonist__perm98,184,18,166,0.3994310575635877,0.07993737917877713,0.40896921017402943,0.09312898878564554,0.00953815261044172,-0.19430717054263566,0.2285174762189564,0.46253746253746253,0.08842642398522513
cell_type__MCF7__perm99,197,42,155,0.40829493087557606,0.17882790793966005,0.4204301075268817,0.20478448395105792,0.012135176651305646,-0.10921911666107946,0.1288911139261936,0.4205794205794206,0.19977729903950545
TOX21_PR_BLA_Antagonist_ratio__perm100,184,48,136,0.5592830882352942,0.2746195679130049,0.4039522058823529,0.22776839765200077,-0.15533088235294124,-0.2598155033908665,-0.04972546007650379,1.0,-2.898213858183226
cell_type__PGC/ERR_HEK293T__perm101,184,52,132,0.4327651515151515,0.2384417668020905,0.5556526806526807,0.30901404458341275,0.1228875291375292,0.02103053598943432,0.22412030151967988,0.008991008991008992,2.3719081316546053
TOX21_CAR_Agonist__perm102,184,16,168,0.5790550595238095,0.16929782975349555,0.6774553571428571,0.127820224146683,0.09840029761904756,-0.07233000096590357,0.28373119885988674,0.13786213786213786,1.0833027637775745
TOX21_p53_BLA_p4_ratio__perm103,197,17,180,0.47990196078431374,0.10211188881719237,0.37222222222222223,0.06764818562145124,-0.10767973856209151,-0.30975609948552857,0.09745601173020525,0.8521478521478522,-1.0365527217794432
cell_type__PGC/ERR_HEK293T__perm104,184,52,132,0.5082313519813519,0.3019383335227688,0.4130244755244755,0.2429692654572324,-0.09520687645687642,-0.2280708156714004,0.039013877810500634,0.9240759240759241,-1.397324930719554
tissue__kidney__perm105,200,49,151,0.46661711042032705,0.261740852784223,0.5093931612380052,0.2547864916867845,0.0427760508176781,-0.0724494143528686,0.15908316880754914,0.24775224775224775,0.7242135730566379
ATG_VDRE_CIS__perm106,71,19,52,0.5151821862348178,0.2941660968648236,0.3977732793522267,0.22099104098666608,-0.11740890688259109,-0.31127190982776093,0.07062437686939181,0.8661338661338661,-1.2051294489370925
ATG_PXRE_CIS__perm107,71,39,32,0.40184294871794873,0.5165666509575407,0.5352564102564102,0.5853490175091702,0.1334134615384615,-0.058165387200165404,0.32775545634920633,0.0999000999000999,1.3551254673152513
cell_type__HCT116__perm108,200,26,174,0.40384615384615385,0.1167002987972085,0.4907161803713528,0.12421955189693784,0.08687002652519893,-0.08770498015873016,0.26744262093762017,0.16583416583416583,0.9588245796555075
TOX21_ERa_LUC_VM7_Antagonist_0.1nM_E2__perm109,184,24,160,0.5174479166666667,0.15461016428344443,0.3854166666666667,0.10353392000781367,-0.13203125,-0.3198401902975074,0.047709865534828956,0.919080919080919,-1.4081156716953127
TOX21_MMP_ratio__perm110,197,28,169,0.35978444632290785,0.11494941911044854,0.4756973795435334,0.13039170899055946,0.11591293322062557,-0.011032970356926847,0.24513103634870878,0.03796203796203796,1.7737478357597232
TOX21_ARE_BLA_Agonist_ratio__perm111,184,29,155,0.4440489432703003,0.1587483170276776,0.46918798665183536,0.1665952505926295,0.025139043381535053,-0.14648446887172378,0.1808982796360282,0.4095904095904096,0.30100315454514726
tissue__kidney__perm112,200,49,151,0.3849168806595486,0.2167527420804971,0.49425598053791053,0.2586535148401531,0.10933909987836193,-0.02958869802449965,0.2553793276361591,0.07092907092907093,1.5040332967684173
TOX21_AR_BLA_Antagonist_ratio__perm113,197,27,170,0.4002178649237473,0.14810964275011726,0.49106753812636167,0.26952097785949886,0.09084967320261439,-0.07442147387496226,0.2530296840871129,0.12787212787212787,1.0875642645277301
tissue__cervix__perm114,200,34,166,0.5908929836995039,0.2331187135590343,0.2838412473423104,0.11565424479829921,-0.3070517363571935,-0.44141438379329007,-0.16974731741993992,1.0,-4.430499121086151
cell_type__PGC/ERR_HEK293T__perm115,184,52,132,0.4484994172494173,0.2584322422806187,0.5636655011655012,0.32201255136129237,0.1151660839160839,0.005319781622491185,0.23518597594281937,0.02097902097902098,1.9639371432055925
cell_type__MDA-kb2__perm116,200,41,159,0.5734008283479061,0.25542943143239805,0.532290228562663,0.27867394070773654,-0.04111059978524312,-0.14725155170906554,0.08539718037077673,0.7212787212787213,-0.692677710960675
TOX21_p53_BLA_p4_ratio__perm117,197,17,180,0.5052287581699346,0.11094184714418162,0.4843137254901961,0.08389291182740652,-0.020915032679738543,-0.23339383294301322,0.16727884709932855,0.6003996003996004,-0.20461944700985898
cell_type__ERR-HEK293T__perm118,184,53,131,0.5028085841855106,0.28651339872446324,0.45124585913870086,0.25704511177275724,-0.0515627250468097,-0.16582334132693846,0.06677955665024629,0.7852147852147852,-0.8689580887642946
ATG_PXRE_CIS__perm119,71,39,32,0.4254807692307692,0.5352118085028584,0.5761217948717948,0.5977852197454486,0.1506410256410256,-0.02726026714513558,0.3218486590038314,0.061938061938061936,1.6914548157585731
TOX21_MMP_ratio__perm120,197,28,169,0.5744928148774303,0.16927764649695975,0.5748098055790364,0.18791464494488996,0.000316990701606068,-0.17684134765017123,0.17557618824888563,0.48951048951048953,0.0035258765537739415
TOX21_PR_BLA_Antagonist_ratio__perm121,184,48,136,0.5708486519607843,0.28611391113709916,0.5289522058823529,0.2858765443260134,-0.04189644607843135,-0.16667624080882348,0.06822206439393935,0.7842157842157842,-0.6991580971244981
cell_count__perm122,327,75,252,0.4907142857142857,0.22812111368024002,0.5261904761904762,0.25181300169239546,0.035476190476190494,-0.06544749702911468,0.13214172171085717,0.26573426573426573,0.7038041511969403
TOX21_p53_BLA_p2_ratio__perm123,197,20,177,0.5088983050847458,0.10994046883453386,0.5782485875706215,0.14999384937903049,0.06935028248587571,-0.15317170952445935,0.2716757103393843,0.26173826173826176,0.639872343373102
MT__perm124,327,148,179,0.5380114751623132,0.4710315693480418,0.480031707685339,0.4288890317784058,-0.0579797674769742,-0.13572449062529526,0.02333576749337622,0.9140859140859141,-1.4288705214907569
BSK_3C_Proliferation__perm125,40,20,20,0.4425,0.4726808757295088,0.5625,0.6128317791561061,0.12,-0.10937499999999994,0.3333333333333333,0.14885114885114886,1.062531072
cell_type__HEK293__perm126,184,73,111,0.478773293841787,0.3942251730525883,0.460446748117981,0.36004147554602356,-0.018326545723806043,-0.1349873388772814,0.10187667817123625,0.6223776223776224,-0.303291063882078
cell_type__HepG2__perm127,201,61,140,0.5046252927400469,0.30239166108683374,0.49355971896955503,0.30918924467105935,-0.011065573770491832,-0.12262982506977389,0.10514527227181868,0.5944055944055944,-0.19043456885879614
tissue__cervix__perm128,200,34,166,0.4150425230333097,0.1634783953654635,0.5322466335931963,0.22655379185792174,0.11720411055988667,-0.021591192891561965,0.24825936248530178,0.054945054945054944,1.7025411493304854
TOX21_AP1_BLA_Agonist_ratio__perm129,184,15,169,0.5183431952662721,0.10393462467607893,0.3242603550295858,0.06685377215775358,-0.19408284023668637,-0.372439385775862,0.0015328721759009058,0.974025974025974,-2.0343507936394705
tissue__intestinal__perm130,197,34,163,0.47004691447131,0.1711881126887518,0.3859617466618549,0.1651691006860052,-0.08408516780945507,-0.24858609289894976,0.0739503450823621,0.8631368631368631,-1.021924238216085
cell_type__HCT116__perm131,200,26,174,0.45181255526083114,0.14120396252469583,0.4188770999115827,0.11865410843872676,-0.032935455349248466,-0.1859526967285588,0.10445339721254347,0.6773226773226774,-0.44456578670299096
tissue__cervix__perm132,200,34,166,0.5673281360737066,0.20482435969392393,0.3933380581148122,0.1431931173586981,-0.17399007795889437,-0.32592534411517,-0.015074041193181821,0.985014985014985,-2.1940669764038794
TOX21_p53_BLA_p2_ratio__perm133,197,20,177,0.4728813559322034,0.15537360443071663,0.5522598870056498,0.131544369588364,0.07937853107344639,-0.11095551724848395,0.29162231559290375,0.23576423576423577,0.7729142073161943
cell_type__VM7__perm134,200,31,169,0.4451231150983012,0.1348301949222431,0.39625882802061463,0.1329409354775652,-0.048864287077686586,-0.17451488940746754,0.09863744994018828,0.7342657342657343,-0.7012368540328434
MT__perm135,327,148,179,0.5552053450098143,0.4944735895121022,0.5279329608938548,0.44650350718164994,-0.027272384115959558,-0.11132567000070058,0.05952752076054719,0.7422577422577422,-0.6257172116398839
ATG_PXRE_CIS__perm136,71,39,32,0.41746794871794873,0.4760895331466712,0.5568910256410257,0.6160361502863173,0.13942307692307693,-0.05556220095693782,0.3406314217580663,0.07892107892107893,1.3794478046661038
TOX21_PGC_ERR_Antagonist__perm137,184,18,166,0.4226907630522088,0.0834466350257575,0.6017402945113789,0.14778480488634727,0.17904953145917007,0.024760164544859884,0.34137268059283454,0.00999000999000999,2.2167830903037715
cell_type__HEK293__perm138,184,73,111,0.5111069974083673,0.3991492485263936,0.5293101320498581,0.4117228557804642,0.018203134641490815,-0.09117454908792787,0.13127965910274556,0.35364635364635366,0.32076254142060967
BSK_CASM3C_Proliferation__perm139,40,16,24,0.6315104166666666,0.48589472510752,0.7161458333333334,0.6690643124236875,0.08463541666666674,-0.11253460414266035,0.2815972222222222,0.1918081918081918,0.8417608459667749
TOX21_ERa_LUC_VM7_Agonist__perm140,197,17,180,0.42892156862745096,0.07769736553221707,0.44575163398692813,0.07840739360472666,0.016830065359477175,-0.17966837466530655,0.18726005951728916,0.4145854145854146,0.17979703478530226
cell_type__HEK293__perm141,184,73,111,0.4446501295816364,0.37156557367738535,0.4326792545970628,0.3730503693537418,-0.01197087498457361,-0.14345102163461537,0.12141439117764646,0.5574425574425574,-0.17716532913185745
cell_type__ERR-HEK293T__perm142,184,53,131,0.4698977387296558,0.2789899850197116,0.4781794613279562,0.2919726790475736,0.0082817225983004,-0.12398173545802862,0.13734979155240185,0.4675324675324675,0.12422441590835985
tissue__breast__perm143,200,41,159,0.5352047860101242,0.2378574826510262,0.41233317993557295,0.16999053602147962,-0.12287160607455128,-0.2685733883615799,0.010347265331694114,0.961038961038961,-1.7268274782772683
TOX21_PR_BLA_Antagonist_ratio__perm144,184,48,136,0.5916819852941176,0.2949726980714945,0.46568627450980393,0.24703227625838603,-0.1259957107843137,-0.24681789059145548,-0.002827646491439604,0.975024975024975,-2.0242371427805015
TOX21_AR_BLA_Antagonist_ratio__perm145,197,27,170,0.3161220043572985,0.10239800849919728,0.7403050108932462,0.3558604038101167,0.4241830065359477,0.2984698275472482,0.5433534202780878,0.000999000999000999,6.790029605095071
TOX21_AR_LUC_MDAKB2_Antagonist_10nM_R1881__perm146,197,15,182,0.45604395604395603,0.07143178645459036,0.5128205128205128,0.11829991547093058,0.05677655677655674,-0.1546307986515423,0.28688248327662874,0.3226773226773227,0.5040845287372858
MT__perm147,327,148,179,0.5335384266948513,0.5032738220438635,0.5032085157783481,0.4689003728212737,-0.030329910916503167,-0.1053684769383738,0.049845446332721824,0.7732267732267732,-0.7659819720647874
TOX21_p53_BLA_p2_ratio__perm148,197,20,177,0.5148305084745762,0.1266998524838695,0.4887005649717514,0.10813296012379214,-0.026129943502824826,-0.17109576826682096,0.1186036255411255,0.6333666333666333,-0.3535647618339322
TOX21_Aromatase_Inhibition__perm149,197,16,181,0.337189226519337,0.06065980932046156,0.5203729281767956,0.09206752208293284,0.18318370165745856,-0.055817022751952695,0.42099677496416615,0.059940059940059943,1.505969258251697
ATG_PXRE_CIS__perm150,71,39,32,0.6746794871794872,0.6299727699498643,0.5777243589743589,0.6734353340406698,-0.0969551282051283,-0.2716163669212449,0.08904697642727745,0.8611388611388612,-1.0537725244442402
TOX21_PXR_agonist__perm151,184,47,137,0.39571362012734895,0.20379148960503263,0.4617176580214319,0.24522909485776828,0.06600403789408293,-0.05410688974370263,0.18898756118648533,0.14385614385614387,1.0643232507531788
MT__perm152,327,148,179,0.5188358749811264,0.44586758899708845,0.5337082892948815,0.4642566298386045,0.014872414313755078,-0.061427644425731655,0.09440245419590126,0.36363636363636365,0.374117669254918
cell_type__HEK293__perm153,184,73,111,0.5190670122176971,0.45779626086104575,0.37973590028384546,0.3550553312269794,-0.13933111193385167,-0.2576598686195527,-0.008912998564897296,0.983016983016983,-2.195677585091357
TOX21_ERR_Antagonist__perm154,184,36,148,0.40315315315315314,0.18029500294160772,0.6094219219219219,0.25519442740321424,0.20626876876876876,0.05290259657849299,0.3523581046694092,0.002997002997002997,2.700096342782046
cell_count__perm155,327,75,252,0.4716931216931217,0.21946666647888255,0.49328042328042326,0.24471266915675519,0.021587301587301544,-0.08378049778189327,0.12191881432763149,0.34965034965034963,0.4113804128399391
cell_type__HEK293T__perm156,200,44,156,0.45957167832167833,0.21584332766503536,0.4723193473193473,0.268285831097491,0.012747668997668993,-0.1134840076410658,0.15141825085243285,0.4225774225774226,0.18863540432940856
MT__perm157,327,148,179,0.5351049373395742,0.4917206575173601,0.4242412803865318,0.3984721766748377,-0.1108636569530424,-0.19532154799983384,-0.027293351643474156,0.994005994005994,-2.586337070184098
ATG_ERE_CIS__perm158,71,21,50,0.5138095238095238,0.3276772012331695,0.6628571428571428,0.403445774319849,0.14904761904761898,-0.02550229182582126,0.31782498133631953,0.04095904095904096,1.7017463537252182
TOX21_AR_LUC_MDAKB2_Antagonist_10nM_R1881__perm159,197,15,182,0.6113553113553114,0.11376567872214888,0.528937728937729,0.08133923150634274,-0.08241758241758246,-0.2921375171978039,0.13875348016587472,0.7752247752247752,-0.7497742839549565
cell_type__MCF7__perm160,197,42,155,0.4718125960061444,0.2039828951381742,0.5797235023041475,0.32156385930208575,0.1079109062980031,-0.019910488985882838,0.24216728245636382,0.05094905094905095,1.614036096136962
cell_type__VM7__perm161,200,31,169,0.5241458293567475,0.17187059468166538,0.50753960679519,0.214706673840532,-0.016606222561557527,-0.1548316889880952,0.12199202282243807,0.6133866133866134,-0.23515036471237782
TOX21_PR_BLA_Antagonist_ratio__perm162,184,48,136,0.38097426470588236,0.20297954440715676,0.45986519607843135,0.23173098982071721,0.07889093137254899,-0.0288737717309146,0.18812703602249192,0.07592407592407592,1.4250950216957365
TOX21_Aromatase_Inhibition__perm163,197,16,181,0.4245511049723757,0.07782553726203914,0.3701657458563536,0.08367608351303141,-0.0543853591160221,-0.23423354289554865,0.1357610072532277,0.7232767232767233,-0.5761887354914472
TOX21_PXR_agonist__perm164,184,47,137,0.4287156390743904,0.21444894690813823,0.3292436713775431,0.18656308694992393,-0.0994719676968473,-0.2100785477191662,0.02352304698287762,0.9470529470529471,-1.6691793216878914
TOX21_ERa_LUC_VM7_Antagonist_0.5nM_E2__perm165,197,17,180,0.44133986928104574,0.07804073761270659,0.6284313725490196,0.20764459156838827,0.18709150326797386,-0.020791969709769834,0.40366884888161486,0.04595404595404595,1.7278042874629367
TOX21_p53_BLA_p4_ratio__perm166,197,17,180,0.4246732026143791,0.11390392147973295,0.7294117647058823,0.2990715261786641,0.30473856209150324,0.12782813571493262,0.5079003267973855,0.001998001998001998,3.1429640217036443
cell_type__PGC/ERR_HEK293T__perm167,184,52,132,0.5407925407925408,0.3053903402413891,0.42293123543123545,0.2534000985178516,-0.11786130536130535,-0.25671396659527057,0.026987252165823553,0.948051948051948,-1.6285013967154984
ATG_VDRE_CIS__perm168,71,19,52,0.5131578947368421,0.2991530460243814,0.5425101214574899,0.29637562997651784,0.029352226720647745,-0.1761977058029689,0.22148977383777743,0.3756243756243756,0.2893191796949561
TOX21_PR_BLA_Antagonist_ratio__perm169,184,48,136,0.6581648284313726,0.41022724268469957,0.46400122549019607,0.23784534185809997,-0.19416360294117652,-0.3082498921976461,-0.08279191273846596,1.0,-3.375827928449084
TOX21_AP1_BLA_Agonist_ratio__perm170,184,15,169,0.44871794871794873,0.0954998339623089,0.3637080867850099,0.06589825885498363,-0.08500986193293886,-0.26423369351024695,0.09698548281588072,0.8141858141858141,-0.9225217261616291
cell_type__T47D__perm171,52,16,36,0.5434027777777778,0.31509371796858565,0.6319444444444444,0.4571240454377064,0.08854166666666663,-0.14994172494172492,0.34453781512605036,0.23876123876123875,0.7019035778219691
cell_type__VM7__perm172,200,31,169,0.5065852261882039,0.15059612188838167,0.4058026340904753,0.13395039021170735,-0.10078259209772861,-0.22480135605325072,0.01723446973995378,0.9530469530469531,-1.6322397867413436
cell_type__MDA-kb2__perm173,200,41,159,0.5180242368461421,0.21936778946173957,0.46372142966712687,0.18950016502841308,-0.0543028071790152,-0.19623096191418357,0.09191379017321134,0.7772227772227772,-0.7387366689748383
tissue__breast__perm174,200,41,159,0.3867157539499923,0.18581472036625973,0.5525387329344992,0.24803219600992057,0.16582297898450687,0.02917933569487579,0.29929009718436433,0.01098901098901099,2.4064725699204534
tissue__breast__perm175,200,41,159,0.4025157232704403,0.16501478383349555,0.461113667740451,0.21087649967735764,0.05859794447001071,-0.08836872595408155,0.19558470398341118,0.2177822177822178,0.8089344908459265
TOX21_p53_BLA_p2_ratio__perm176,197,20,177,0.46497175141242936,0.15235807204080942,0.5333333333333333,0.13602622153324723,0.06836158192090397,-0.1800480248917749,0.30387092168201607,0.26873126873126874,0.5537548818729361
BSK_CASM3C_Proliferation__perm177,40,16,24,0.5494791666666666,0.42103708718105326,0.3697916666666667,0.36137008232257845,-0.17968749999999994,-0.41616541353383457,0.07072510822510822,0.9180819180819181,-1.446653880127751
BSK_SAg_Proliferation__perm178,40,15,25,0.6186666666666667,0.4706997477353514,0.6826666666666666,0.48655212272343334,0.06399999999999995,-0.172935945633314,0.30142362637362635,0.33166833166833165,0.528871781670992
cell_type__T47D__perm179,52,16,36,0.3819444444444444,0.25976308715438623,0.6875,0.5982728762295776,0.3055555555555556,0.04692061034940288,0.545355923544657,0.014985014985014986,2.4030315390365935
LDH__perm180,327,43,284,0.5218637405830331,0.17751449393785979,0.5326727808712741,0.13999373265411225,0.010809040288241034,-0.12131510706254478,0.12539304806529286,0.4405594405594406,0.17174405790132374
tissue__breast__perm181,200,41,159,0.5464028225187912,0.304390947233774,0.5451756404356496,0.26177477932900867,-0.0012271820831416536,-0.15054224629334279,0.14510371824989057,0.5184815184815185,-0.016271033552706735
cell_type__HCT116__perm182,200,26,174,0.3786472148541114,0.13291201070274047,0.4885057471264368,0.1369076058943442,0.1098585322723254,-0.05047360705968101,0.2624629025208662,0.07592407592407592,1.376117913727639
LDH__perm183,327,43,284,0.4348182115951523,0.131692537035705,0.45357025876187357,0.12215964322773946,0.018752047166721242,-0.10204660028715747,0.14399265108671358,0.38161838161838163,0.29875995125043514
tissue__kidney__perm184,200,49,151,0.5639275577780781,0.32571969017284663,0.5611569130963644,0.32031992169414164,-0.00277064468171373,-0.1416358171295534,0.13480731288386863,0.5124875124875125,-0.039287384951014775
ATG_ERE_CIS__perm185,71,21,50,0.56,0.36416413921320845,0.6761904761904762,0.5371951980045915,0.11619047619047618,-0.0513844707923655,0.29323352068099956,0.09090909090909091,1.3216323936110645
BSK_CASM3C_Proliferation__perm186,40,16,24,0.4609375,0.37549162505988165,0.6666666666666666,0.550376033280445,0.20572916666666663,0.008231026785714258,0.41605576441102754,0.01998001998001998,1.9774266895360542
tissue__kidney__perm187,200,49,151,0.52081362346263,0.2581184567262813,0.5603459927017165,0.299246549102866,0.03953236923908643,-0.0852654080374978,0.1631123565821255,0.23876123876123875,0.6239046451036081
BSK_3C_Proliferation__perm188,40,20,20,0.41,0.429741654176674,0.4225,0.49696894981321027,0.012500000000000011,-0.23964843749999998,0.28649687499999993,0.44955044955044954,0.09312845488859134
cell_count__perm189,327,75,252,0.4457407407407407,0.24178217613876613,0.5233862433862434,0.25464004839057064,0.07764550264550268,-0.03229742741457632,0.17989781634396187,0.08391608391608392,1.4343619324499264
cell_type__MCF7__perm190,197,42,155,0.5565284178187404,0.24985878840964854,0.5737327188940092,0.2372959759831222,0.017204301075268824,-0.1077188409254633,0.14317396313364047,0.38161838161838163,0.2687985482815576
MT__perm191,327,148,179,0.5193832100256681,0.47514676898469066,0.4315264985656047,0.4038206101845818,-0.08785671146006341,-0.17201749237439512,-0.0013833542188805591,0.977022977022977,-2.01830645943983
TOX21_PGC_ERR_Antagonist__perm192,184,18,166,0.4011044176706827,0.08913960434804585,0.5026773761713521,0.09813748208322184,0.10157295850066939,-0.08188514611643585,0.28193389556779647,0.15584415584415584,1.094386600070218
TOX21_ARE_BLA_Agonist_ratio__perm193,184,29,155,0.49877641824249164,0.1577536610082539,0.5979977753058955,0.2612969370161301,0.09922135706340385,-0.08034789972250439,0.26374786531036526,0.13286713286713286,1.1303265406759107
TOX21_ERa_LUC_VM7_Agonist__perm194,197,17,180,0.355718954248366,0.06598389029489628,0.42091503267973857,0.13996363541418105,0.06519607843137254,-0.10818608487882582,0.2403876186906547,0.22277722277722278,0.7331704334443353
LDH__perm195,327,43,284,0.5740255486406813,0.18455867523555783,0.4998362266622994,0.1314635598071689,-0.07418932197838196,-0.23427487829218593,0.0818626871552403,0.8171828171828172,-0.9199058647537974
TOX21_PGC_ERR_Antagonist__perm196,184,18,166,0.5558902275769746,0.12046782805145279,0.5117135207496654,0.1287932094242069,-0.04417670682730923,-0.23621137517507007,0.15376924874883122,0.6703296703296703,-0.44404644594330406
tissue__cervix__perm197,200,34,166,0.5232990786676116,0.16958999053008209,0.5269312544294826,0.17735147685364894,0.003632175761871026,-0.1154361883590032,0.12283440777972031,0.4835164835164835,0.05975503356524168
TOX21_ERb_BLA_Antagonist_ratio__perm198,184,22,162,0.3679854096520763,0.11068336341689192,0.4239618406285073,0.10764823391432791,0.05597643097643096,-0.11475028692951658,0.2273998714398734,0.2677322677322677,0.641307840307022
cell_type__MCF7__perm199,197,42,155,0.5238095238095238,0.25127796333935704,0.6242703533026114,0.3806210662934752,0.10046082949308754,-0.0471359695682944,0.23899939351515406,0.1018981018981019,1.376268959521554
TOX21_p53_BLA_p4_ratio__perm200,197,17,180,0.5410130718954248,0.1065124699156776,0.6388888888888888,0.1446350242196184,0.09787581699346404,-0.11563598514474592,0.2861630053312407,0.17482517482517482,0.9548708798423056
TOX21_AR_LUC_MDAKB2_Antagonist_10nM_R1881__perm201,197,15,182,0.5161172161172162,0.08168750733576634,0.5267399267399268,0.18062535632175297,0.010622710622710585,-0.22741312185804582,0.23086936748621528,0.45054945054945056,0.09086155760706048
TOX21_ERa_LUC_VM7_Antagonist_0.1nM_E2__perm202,184,24,160,0.45416666666666666,0.16472484989852232,0.44244791666666666,0.11602004978980353,-0.01171875,-0.18812588769712998,0.16603228762133218,0.5234765234765235,-0.1297066097900842
TOX21_p53_BLA_p4_ratio__perm203,197,17,180,0.5607843137254902,0.11892027559414599,0.47843137254901963,0.1024905562585574,-0.08235294117647057,-0.3062338579499597,0.14139929742388757,0.7412587412587412,-0.7211655261112063
tissue__cervix__perm204,200,34,166,0.541194188518781,0.2352235821883161,0.48263642806520196,0.19804316984254888,-0.05855776045357902,-0.22105409291253214,0.11146705725340389,0.7652347652347652,-0.6903085854981857
cell_type__PR-UAS-bla-HEK293T__perm205,184,38,146,0.535958904109589,0.2531798230157625,0.7087238644556597,0.3602377177025843,0.1727649603460707,0.022777694696708747,0.321957610832106,0.013986013986013986,2.263608514326095
BSK_SAg_Proliferation__perm206,40,15,25,0.30666666666666664,0.300344271508533,0.472,0.45870377448638316,0.16533333333333333,-0.0863653273809524,0.41107951502688345,0.1028971028971029,1.3028474866271078
tissue__breast__perm207,200,41,159,0.5136524006749501,0.22789606728493578,0.444853505138825,0.18268999187680524,-0.06879889553612512,-0.19732863817818908,0.05716392841011735,0.8501498501498501,-1.0597037100003204
LDH__perm208,327,43,284,0.4896003930560105,0.1380426309860808,0.47199475925319356,0.12483733345778322,-0.017605633802816933,-0.1545574201074585,0.12812673423288054,0.5894105894105894,-0.24413401261366866
TOX21_AR_LUC_MDAKB2_Antagonist_0.5nM_R1881__perm209,184,35,149,0.5612655800575264,0.264399150038888,0.528667305848514,0.2267039674759534,-0.0325982742090124,-0.1640949675324675,0.09925966851280695,0.7002997002997003,-0.4852122208382839
TOX21_PXR_agonist__perm210,184,47,137,0.40394471191178755,0.23694845741079046,0.49743749029352385,0.2568983722172664,0.09349277838173631,-0.04897100237875122,0.219509525074689,0.0979020979020979,1.3650336702348687
TOX21_ERa_LUC_VM7_Antagonist_0.5nM_E2__perm211,197,17,180,0.6281045751633987,0.1423947062396264,0.5143790849673202,0.0956281079693259,-0.11372549019607847,-0.34402597402597396,0.14572543328400236,0.8081918081918081,-0.9102490093533877
cell_type__HeLa__perm212,200,25,175,0.43965714285714286,0.11106512424443407,0.5211428571428571,0.14353518163809909,0.08148571428571427,-0.12473763550135497,0.2945759274252388,0.2137862137862138,0.7617643722258745
TOX21_AR_BLA_Antagonist_ratio__perm213,197,27,170,0.5564270152505446,0.17377936881934822,0.4455337690631808,0.11769931535664563,-0.11089324618736379,-0.26909860695690707,0.044984898623805,0.9210789210789211,-1.3840062690876793
TOX21_ARE_BLA_Agonist_ratio__perm214,184,29,155,0.5418242491657397,0.17427465859341557,0.5804226918798665,0.20011026915589183,0.038598442714126824,-0.09857070399675384,0.1716701255275571,0.2827172827172827,0.5598825189288817
tissue__breast__perm215,200,41,159,0.5100475533057217,0.2336903706308887,0.4845835250805338,0.21690126256114098,-0.025464028225187896,-0.1598754974678273,0.09661394721956547,0.6543456543456544,-0.38916672518185175
cell_type__ME-180__perm216,184,47,137,0.44471191178754466,0.28850192881506664,0.5275663922969405,0.2732650927809537,0.08285448050939581,-0.06630731175710675,0.23875436474759956,0.13886113886113885,1.0646489647454107
ATG_PXRE_CIS__perm217,71,39,32,0.3189102564102564,0.4310012445194905,0.4543269230769231,0.5213102080417394,0.13541666666666669,-0.01666609875912201,0.29586972849671744,0.03896103896103896,1.698440745159131
cell_type__PR-UAS-bla-HEK293T__perm218,184,38,146,0.5908435472242249,0.27318622621774385,0.4156452775775054,0.1832137749022359,-0.17519826964671953,-0.2951797912713472,-0.05015235766828135,0.997002997002997,-2.8028069863077287
cell_type__T47D__perm219,52,16,36,0.5060763888888888,0.32126044688387345,0.7256944444444444,0.4911802722740223,0.21961805555555558,0.018840423263500217,0.4134453781512605,0.02097902097902098,2.1816425633140994
TOX21_p53_BLA_p2_ratio__perm220,197,20,177,0.4134180790960452,0.08792297733802498,0.5161016949152543,0.11791468563727496,0.10268361581920904,-0.0975584303885364,0.30156137996082133,0.13286713286713286,1.008500130421071
cell_type__HEK293T__perm221,200,44,156,0.4826631701631702,0.27677267714111076,0.6030011655011654,0.3710819824247884,0.12033799533799527,-0.014962161084308912,0.25666484770103193,0.04695304695304695,1.7366324486607336
TOX21_ERa_LUC_VM7_Agonist__perm222,197,17,180,0.630718954248366,0.1556587492090942,0.31928104575163396,0.06276155915416635,-0.31143790849673203,-0.49310807656395894,-0.1282713737241316,1.0,-3.3461934292113877
ATG_NRF2_ARE_CIS__perm223,71,19,52,0.4483805668016194,0.2694560222076464,0.40384615384615385,0.24263214282473677,-0.04453441295546556,-0.23914649209486166,0.15904139433551195,0.6713286713286714,-0.43841537690327875
tissue__breast__perm224,200,41,159,0.4994631078386256,0.2070751360192487,0.5529989262156773,0.2574295480934766,0.05353581837705168,-0.0891838908801274,0.19921672912699556,0.21578421578421578,0.7276563880269619
cell_type__MDA-kb2__perm225,200,41,159,0.48573400828347907,0.1967615963261532,0.5039116428900138,0.19356317951185112,0.01817763460653471,-0.10390460988287073,0.13980157420984035,0.3876123876123876,0.29238084020394595
TOX21_CAR_Agonist__perm226,184,16,168,0.43210565476190477,0.0811602150729836,0.32700892857142855,0.06885043225056775,-0.10509672619047622,-0.32935491086791935,0.15062177532833013,0.7852147852147852,-0.8583158548120337
ATG_ERE_CIS__perm227,71,21,50,0.4442857142857143,0.27718824371377426,0.560952380952381,0.3697302321016287,0.1166666666666667,-0.08810469570151803,0.3104433497536944,0.12087912087912088,1.1474775464297846
BSK_3C_Proliferation__perm228,40,20,20,0.4675,0.46333299196412553,0.48,0.5076406866616344,0.012499999999999956,-0.24816729323308276,0.2506265664160401,0.4775224775224775,0.09823517080677037
cell_type__VM7__perm229,200,31,169,0.46907806833365145,0.20862858943312712,0.5149837755296812,0.1724922475392892,0.045905707196029766,-0.10101606838419547,0.1920331262608472,0.2817182817182817,0.614050713278637
TOX21_ARE_BLA_Agonist_ratio__perm230,184,29,155,0.546607341490545,0.19799137761292784,0.585539488320356,0.24560529036804657,0.03893214682981094,-0.10005477117818884,0.17425120409391928,0.27372627372627373,0.5563539485674664
TOX21_ERa_LUC_VM7_Agonist__perm231,197,17,180,0.4957516339869281,0.12745685045089628,0.41797385620915034,0.08831495177174394,-0.07777777777777778,-0.21622881355932205,0.0771212742515367,0.8491508491508492,-1.0393154853441406
tissue__cervix__perm232,200,34,166,0.42204110559886604,0.1419511921021541,0.45907158043940466,0.15618042827204404,0.03703047484053862,-0.09909551874140474,0.15358841304629592,0.2787212787212787,0.574459935595273
tissue__breast__perm233,200,41,159,0.47338548857186685,0.19094296397830166,0.6223347139131769,0.35069378185415245,0.14894922534131,0.020439771303258157,0.2741354195428746,0.011988011988011988,2.30145941818538
TOX21_AR_LUC_MDAKB2_Antagonist_0.5nM_R1881__perm234,184,35,149,0.5020134228187919,0.19653168126769058,0.548418024928092,0.25811005437383394,0.046404602109300086,-0.10577352071814303,0.20401005212211465,0.25874125874125875,0.58719285038043
ATG_VDRE_CIS__perm235,71,19,52,0.5910931174089069,0.30614435150189684,0.5921052631578947,0.38330204032737736,0.0010121457489877805,-0.19501633986928105,0.18530397485080988,0.4645354645354645,0.01043209712438898
TOX21_Aromatase_Inhibition__perm236,197,16,181,0.5752762430939227,0.12591283103156542,0.50103591160221,0.08616514796673506,-0.07424033149171272,-0.21655797101449278,0.08938993072145246,0.8371628371628371,-0.9511970910485754
tissue__liver__perm237,201,61,140,0.4749414519906323,0.30936481704210844,0.3110070257611241,0.22240300699316928,-0.1639344262295082,-0.2681215190068734,-0.06071879238951955,0.998001998001998,-3.0983736714636563
cell_type__HEK293__perm238,184,73,111,0.4799456991237813,0.3710515869612357,0.5104282364556337,0.3953026749026247,0.03048253733185241,-0.08498669067511173,0.14864806364806357,0.2887112887112887,0.5114365452362875
ATG_VDRE_CIS__perm239,71,19,52,0.5597165991902834,0.40533773015265917,0.5313765182186235,0.3054673222866491,-0.028340080971659853,-0.2639537126325941,0.2162536711408891,0.5894105894105894,-0.23133979334120158
cell_type__HeLa__perm240,200,25,175,0.42605714285714286,0.10527733808623582,0.4528,0.1304941811987259,0.026742857142857124,-0.11989863074452915,0.17128737327188945,0.33766233766233766,0.3600106909958996
TOX21_ERR_Antagonist__perm241,184,36,148,0.5030968468468469,0.20002211792594016,0.6212462462462462,0.23098385495608736,0.11814939939939939,0.0004991319444444155,0.24100183823529406,0.025974025974025976,1.9257044797192362
TOX21_p53_BLA_p4_ratio__perm242,197,17,180,0.49019607843137253,0.09683003992259562,0.4993464052287582,0.11823482994219106,0.009150326797385644,-0.17317033134829746,0.16733589478154695,0.44255744255744256,0.10533910827388109
TOX21_PXR_agonist__perm243,184,47,137,0.5359527876999534,0.2997128364258012,0.5403012890200342,0.3274226228508932,0.0043485013200808,-0.11527365240160808,0.12387448680575859,0.46053946053946054,0.07127720976261151
tissue__kidney__perm244,200,49,151,0.5334504662792269,0.299349292871231,0.47533450466279226,0.24144655371650722,-0.05811596161643462,-0.1824049683424683,0.06394041254508077,0.8061938061938062,-0.9247601248556694
LDH__perm245,327,43,284,0.5219046839174583,0.16735749320767795,0.4781362594169669,0.13463833695258415,-0.04376842450049134,-0.18655492677668753,0.09841661176783775,0.7352647352647352,-0.6020568706322063
TOX21_ARE_BLA_Agonist_ratio__perm246,184,29,155,0.5173526140155729,0.16932789314969454,0.3728587319243604,0.12318738213615227,-0.14449388209121244,-0.275329979071701,-0.00791233421343304,0.9790209790209791,-2.118056250694447
TOX21_MMP_ratio__perm247,197,28,169,0.34657650042265425,0.11197700971416345,0.4602704987320372,0.1326415349347317,0.11369399830938293,-0.07052260598596806,0.2915771301868863,0.10989010989010989,1.2307998125470982
cell_type__ERR-HEK293T__perm248,184,53,131,0.6129194872533487,0.3536990695631197,0.570358634595996,0.3699651090083018,-0.042560852657352655,-0.15190407857309046,0.06469482385430661,0.7782217782217782,-0.7702508007461097
TOX21_p53_BLA_p5_ratio__perm249,197,16,181,0.474792817679558,0.07985066510800781,0.43646408839779005,0.07311712623697936,-0.03832872928176795,-0.20444772073183273,0.1300164736851546,0.6683316683316683,-0.44921358287071445
TOX21_AR_LUC_MDAKB2_Antagonist_0.5nM_R1881__perm250,184,35,149,0.45896452540747845,0.21084595371312068,0.4485139022051774,0.17522048440591856,-0.010450623202301057,-0.15226680229053646,0.13795507704086135,0.5404595404595405,-0.14115300542648537
TOX21_p53_BLA_p5_ratio__perm251,197,16,181,0.5421270718232044,0.12489334726607432,0.6536602209944752,0.20144416548592656,0.11153314917127077,-0.09884855581576893,0.33728332182320436,0.15684315684315683,1.0024534705682615
TOX21_p53_BLA_p3_ratio__perm252,197,16,181,0.3413328729281768,0.061554445127316594,0.2689917127071823,0.05647633146552461,-0.07234116022099452,-0.22669318739501748,0.07742398599408065,0.8361638361638362,-0.9324436905111914
tissue__cervix__perm253,200,34,166,0.5453579021970234,0.2032323883090767,0.5524450744153083,0.19626921472584624,0.007087172218284921,-0.1386654952967272,0.16112772063749395,0.4675324675324675,0.09266789020793839
TOX21_p53_BLA_p3_ratio__perm254,197,16,181,0.425414364640884,0.07296322221492778,0.6398480662983426,0.15284213810514513,0.21443370165745856,0.06877472201001612,0.3665876986180591,0.002997002997002997,2.822458177761006
TOX21_p53_BLA_p4_ratio__perm255,197,17,180,0.4045751633986928,0.07485299509788429,0.4722222222222222,0.09715916862972532,0.0676470588235294,-0.14259334415584415,0.3021619870004633,0.2757242757242757,0.5962190476966007
BSK_SAg_Proliferation__perm256,40,15,25,0.36533333333333334,0.33999676401028667,0.6346666666666667,0.6347173170421223,0.26933333333333337,-0.05359933035714278,0.5678378756393861,0.058941058941058944,1.698912238403318
BSK_SAg_Proliferation__perm257,40,15,25,0.37066666666666664,0.3086505483671578,0.232,0.2687408330812558,-0.13866666666666663,-0.3197728675769067,0.032840909090909066,0.9460539460539461,-1.5415261266022622
cell_type__ERR-HEK293T__perm258,184,53,131,0.48840558836237935,0.32051716787126866,0.5821690911709636,0.3403495002869207,0.09376350280858425,-0.028664813687497032,0.21965081280189863,0.06793206793206794,1.4801572709446225
TOX21_AP1_BLA_Agonist_ratio__perm259,184,15,169,0.3838264299802761,0.09713589226018851,0.21025641025641026,0.05192430283949289,-0.17357001972386585,-0.38824247884394714,0.04685863813777653,0.9410589410589411,-1.5637330122154418
cell_type__PR-UAS-bla-HEK293T__perm260,184,38,146,0.4344808940158616,0.19452926946982946,0.37833453496755587,0.17120219477945206,-0.05614635904830573,-0.2114416871385512,0.08850508432539674,0.7562437562437563,-0.7337624734459282
cell_type__HepG2__perm261,201,61,140,0.5359484777517565,0.3529445363652711,0.5104215456674474,0.34239013220019765,-0.025526932084309117,-0.14751897190031066,0.10870265810040788,0.6293706293706294,-0.3905358647164217
tissue__liver__perm262,201,61,140,0.5286885245901639,0.32278592148422225,0.4389929742388759,0.2704432446452325,-0.08969555035128801,-0.19553788581899528,0.02490729659706363,0.942057942057942,-1.5949547885053281
TOX21_GR_BLA_Antagonist_ratio__perm263,197,17,180,0.3854575163398693,0.07706350182656037,0.5333333333333333,0.10585436876820953,0.14787581699346403,-0.052783464361498666,0.3609812954665895,0.07192807192807193,1.4009471367169954
cell_type__ERR-HEK293T__perm264,184,53,131,0.5636612415382399,0.322073394986493,0.49647126602333286,0.2697338274488083,-0.06718997551490707,-0.18401581219168434,0.04989567720823337,0.8591408591408591,-1.1259808871119579
cell_type__PR-UAS-bla-HEK293T__perm265,184,38,146,0.601297764960346,0.25972637040479907,0.49008651766402306,0.19088135568375927,-0.11121124729632298,-0.2336941443488144,0.013573529411764682,0.948051948051948,-1.763029010471813
ATG_VDRE_CIS__perm266,71,19,52,0.46356275303643724,0.2617623615393531,0.38360323886639675,0.2751887664669652,-0.07995951417004049,-0.28241228070175434,0.12354268022998673,0.7722277722277723,-0.7720943666808419
TOX21_MMP_ratio__perm267,197,28,169,0.4125105663567202,0.13640095638250035,0.4408284023668639,0.1459651038201404,0.028317836010143704,-0.13188862881304741,0.20028046732447727,0.3776223776223776,0.33417882508134583
TOX21_AR_BLA_Antagonist_ratio__perm268,197,27,170,0.5727668845315904,0.17381131889715717,0.4350762527233116,0.13254765308468397,-0.13769063180827884,-0.2831518648749014,0.0185910637859021,0.9590409590409591,-1.7887324331291774
TOX21_AP1_BLA_Agonist_ratio__perm269,184,15,169,0.5181459566074951,0.09446856303498477,0.4777120315581854,0.10298733027648173,-0.04043392504930965,-0.22906415446901277,0.1483875874657742,0.6823176823176823,-0.4199161305713997
TOX21_AR_BLA_Antagonist_ratio__perm270,197,27,170,0.44052287581699345,0.17228590368068136,0.5725490196078431,0.19879762041290924,0.13202614379084965,-0.09469011399166978,0.3495753629086963,0.11488511488511488,1.1649182857704765
TOX21_PR_BLA_Antagonist_ratio__perm271,184,48,136,0.5739889705882353,0.30972840918480415,0.4508272058823529,0.27378234340175556,-0.12316176470588236,-0.24854695944736752,0.005092155009451724,0.974025974025974,-1.9034337469357148
TOX21_Aromatase_Inhibition__perm272,197,16,181,0.693542817679558,0.13695955973600576,0.3825966850828729,0.07724623113592557,-0.31094613259668513,-0.5119880396099845,-0.07737403553892917,0.995004995004995,-2.804526407893157
cell_type__PR-UAS-bla-HEK293T__perm273,184,38,146,0.42231434751261715,0.1930800480718284,0.44881038211968277,0.20786120361519253,0.02649603460706562,-0.10954061624649859,0.1667410714285714,0.3436563436563437,0.37592990262661363
cell_type__MCF7__perm274,197,42,155,0.5031490015360983,0.2124669201535523,0.4642089093701997,0.22344868707960575,-0.03894009216589861,-0.17876109740693072,0.10272824653922204,0.6883116883116883,-0.5422669130696691
cell_type__HEK293__perm275,184,73,111,0.5193755399234852,0.38405331590812763,0.4318153770208565,0.37048135131214366,-0.08756016290262869,-0.20774440771048638,0.03229785363257353,0.9250749250749251,-1.429871274858738
cell_type__MDA-kb2__perm276,200,41,159,0.5433348673109373,0.2148689478137791,0.5464028225187912,0.24728743317897647,0.0030679552078539674,-0.12537869380596087,0.12953313006275202,0.47652347652347654,0.047177739107960776
MT__perm277,327,148,179,0.49879208817756304,0.44826505149974993,0.47618148875132116,0.45800243071630137,-0.022610599426241884,-0.11262148738098979,0.06770819821160182,0.7012987012987013,-0.4914993418662663
cell_type__HEK293__perm278,184,73,111,0.5196840676292731,0.40381914143257563,0.4705664568678267,0.37198966406779344,-0.049117610761446384,-0.14977719907407405,0.054860313815537666,0.8201798201798202,-0.9408709820508625
TOX21_PGC_ERR_Antagonist__perm279,184,18,166,0.46335341365461846,0.13180990875609952,0.48895582329317266,0.1391458760315718,0.025602409638554202,-0.240796592377261,0.2694782942746596,0.4165834165834166,0.1966775262410629
BSK_3C_Proliferation__perm280,40,20,20,0.685,0.6868582909640785,0.5775,0.5908169191639736,-0.10750000000000004,-0.3403735747016197,0.12809709821428558,0.8081918081918081,-0.899506168394972
TOX21_GR_BLA_Antagonist_ratio__perm281,197,17,180,0.4130718954248366,0.08506339501554581,0.3179738562091503,0.06786241402481907,-0.09509803921568627,-0.35444501378509763,0.16941034770118685,0.7712287712287712,-0.711603801494025
TOX21_p53_BLA_p4_ratio__perm282,197,17,180,0.5339869281045752,0.12703988830540375,0.4928104575163399,0.09505079020655258,-0.04117647058823526,-0.2603246257519401,0.16057424505446286,0.6443556443556444,-0.38348594209995307
cell_type__HepG2__perm283,201,61,140,0.4449063231850117,0.3204679944111594,0.4565573770491803,0.2758191289935269,0.011651053864168592,-0.11982264971575618,0.1502584670231729,0.4485514485514486,0.16910213058623536
ATG_NRF2_ARE_CIS__perm284,71,19,52,0.4190283400809717,0.3009587041614953,0.458502024291498,0.2690714553882867,0.03947368421052633,-0.166688829787234,0.2490441176470588,0.34865134865134867,0.3721956629969916
tissue__liver__perm285,201,61,140,0.5331381733021078,0.3227180784825262,0.5125292740046838,0.2994825709548514,-0.020608899297423933,-0.13888619982328163,0.0904276481287975,0.6453546453546454,-0.35229185732400486
MT__perm286,327,148,179,0.4897516231315114,0.47013509999091907,0.443039408123207,0.44389692448065166,-0.04671221500830436,-0.13803421643333919,0.051801966449059066,0.8321678321678322,-0.9645606900266559
TOX21_ARE_BLA_Agonist_ratio__perm287,184,29,155,0.49121245828698556,0.15999576967044776,0.6146829810901001,0.3253209363477634,0.12347052280311455,-0.06592981419846346,0.31141437327244315,0.0969030969030969,1.2826368487466988
cell_type__PR-UAS-bla-HEK293T__perm288,184,38,146,0.5093727469358328,0.22021319408648157,0.527577505407354,0.23266483049968845,0.018204758471521254,-0.12282215990609108,0.16095295180082872,0.3916083916083916,0.2514714628654773
TOX21_PR_BLA_Antagonist_ratio__perm289,184,48,136,0.5294117647058824,0.26787966362087373,0.3538602941176471,0.1997195831463664,-0.17555147058823528,-0.29523935312101623,-0.06423492456035171,0.998001998001998,-2.9789434310315994
ATG_PXRE_CIS__perm290,71,39,32,0.38341346153846156,0.47576887445779664,0.40705128205128205,0.5015054243594892,0.023637820512820484,-0.14844221835075497,0.2106818621757645,0.4045954045954046,0.2580126466354768
tissue__intestinal__perm291,197,34,163,0.3235294117647059,0.12550124573095214,0.6663659328762179,0.26865557053427636,0.342836521111512,0.21797695869757117,0.4626805204619662,0.000999000999000999,5.4919285556682365
MT__perm292,327,148,179,0.4542125924807489,0.43109366874156096,0.4069152951834516,0.3928445234709189,-0.047297297297297314,-0.13075482223363574,0.04260885176080924,0.8411588411588412,-1.0694397259136355
ATG_PXRE_CIS__perm293,71,39,32,0.468349358974359,0.5109312572429575,0.3870192307692308,0.4857034704229739,-0.0813301282051282,-0.240705574912892,0.08577975953895065,0.8081918081918081,-0.9764856584757156
cell_type__HepG2__perm294,201,61,140,0.5167447306791569,0.35315456017382896,0.5030444964871195,0.31152156739981607,-0.013700234192037475,-0.12996772942276216,0.09911192992238299,0.5964035964035964,-0.23443343581636603
cell_type__MCF7__perm295,197,42,155,0.4505376344086022,0.18445376420437204,0.4565284178187404,0.22956079131434567,0.005990783410138201,-0.1161261302541545,0.13783954003191043,0.4595404595404595,0.09246698423800609
cell_type__PGC/ERR_HEK293T__perm296,184,52,132,0.4509761072261072,0.32159814612380755,0.5138403263403264,0.31784409870909064,0.06286421911421919,-0.061394062027357976,0.19429277745401233,0.15384615384615385,0.9637696379047219
TOX21_PR_BLA_Antagonist_ratio__perm297,184,48,136,0.5268075980392157,0.2685268299560215,0.5055147058823529,0.28417304350092004,-0.021292892156862808,-0.13746884089249795,0.10043469515177514,0.6183816183816184,-0.35084221762527334
tissue__liver__perm298,201,61,140,0.5624121779859484,0.328572084868591,0.5374707259953162,0.33930930233300755,-0.024941451990632246,-0.14655767631971678,0.0909226634021715,0.6663336663336663,-0.41169174733888025
cell_type__MCF7__perm299,197,42,155,0.40906298003072195,0.18567466352188272,0.42135176651305684,0.19954636323036157,0.01228878648233489,-0.11570395766824342,0.14907389824808034,0.42857142857142855,0.18193046412970917
